datetime,machine_id,voltage,rotation,pressure,vibration
2024-01-01 00:00:00,1,180.52,391.3,106.92,46.26
2024-01-01 01:00:00,1,193.95,448.15,80.5,36.88
2024-01-01 02:00:00,1,171.06,503.11,113.02,43.87
2024-01-01 03:00:00,1,163.11,499.81,105.76,43.4
2024-01-01 04:00:00,1,171.06,465.77,134.82,42.29
2024-01-01 05:00:00,1,178.74,501.66,90.98,51.57
2024-01-01 06:00:00,1,177.8,480.89,103.71,32.07
2024-01-01 07:00:00,1,157.74,518.22,127.67,40.54
2024-01-01 08:00:00,1,176.04,469.87,119.69,50.38
2024-01-01 09:00:00,1,177.74,435.36,95.31,38.94
2024-01-01 10:00:00,1,213.34,471.22,106.34,29.93
2024-01-01 11:00:00,1,202.48,298.19,102.81,48.42
2024-01-01 12:00:00,1,158.5,472.2,105.58,51.48
2024-01-01 13:00:00,1,166.68,258.78,92.38,40.85
2024-01-01 14:00:00,1,147.35,359.59,99.37,23.96
2024-01-01 15:00:00,1,160.54,473.71,79.65,45.84
2024-01-01 16:00:00,1,174.4,474.6,101.12,25.4
2024-01-01 17:00:00,1,188.19,387.79,104.8,41.71
2024-01-01 18:00:00,1,157.47,411.44,96.13,31.52
2024-01-01 19:00:00,1,158.76,521.4,78.66,29.32
2024-01-01 20:00:00,1,135.43,423.87,111.92,35.68
2024-01-01 21:00:00,1,167.31,568.2,104.5,38.34
2024-01-01 22:00:00,1,153.69,450.4,91.31,35.07
2024-01-01 23:00:00,1,162.85,472.75,97.68,46.2
2024-01-02 00:00:00,1,158.13,537.3,83.01,38.24
2024-01-02 01:00:00,1,171.29,459.69,89.8,51.05
2024-01-02 02:00:00,1,145.69,400.63,96.7,45.88
2024-01-02 03:00:00,1,150.91,448.34,119.68,38.24
2024-01-02 04:00:00,1,208.3,452.73,96.51,37.3
2024-01-02 05:00:00,1,154.53,382.91,113.01,31.0
2024-01-02 06:00:00,1,157.65,441.51,98.19,47.46
2024-01-02 07:00:00,1,203.97,415.75,108.04,41.91
2024-01-02 08:00:00,1,220.58,503.36,102.81,24.58
2024-01-02 09:00:00,1,155.59,455.95,115.18,39.61
2024-01-02 10:00:00,1,167.68,438.59,96.73,35.9
2024-01-02 11:00:00,1,178.19,447.18,82.87,56.08
2024-01-02 12:00:00,1,199.36,463.78,84.51,27.63
2024-01-02 13:00:00,1,155.61,483.77,94.5,29.06
2024-01-02 14:00:00,1,166.62,397.77,84.69,49.87
2024-01-02 15:00:00,1,182.19,394.94,105.08,51.34
2024-01-02 16:00:00,1,176.29,507.68,93.51,33.12
2024-01-02 17:00:00,1,163.16,427.36,129.17,33.77
2024-01-02 18:00:00,1,166.89,374.27,77.01,44.21
2024-01-02 19:00:00,1,147.35,472.52,101.69,19.47
2024-01-02 20:00:00,1,165.64,473.85,85.13,23.7
2024-01-02 21:00:00,1,165.67,369.14,93.64,37.51
2024-01-02 22:00:00,1,174.18,462.61,102.3,53.59
2024-01-02 23:00:00,1,162.44,490.03,71.79,37.55
2024-01-03 00:00:00,1,179.47,471.75,105.0,42.86
2024-01-03 01:00:00,1,188.81,486.12,126.87,52.35
2024-01-03 02:00:00,1,175.97,379.43,97.76,61.29
2024-01-03 03:00:00,1,179.69,471.59,107.42,39.26
2024-01-03 04:00:00,1,175.44,438.64,117.58,44.46
2024-01-03 05:00:00,1,174.9,429.44,102.83,60.28
2024-01-03 06:00:00,1,163.59,500.93,97.65,32.16
2024-01-03 07:00:00,1,179.91,532.94,76.09,53.58
2024-01-03 08:00:00,1,173.06,549.26,112.72,36.01
2024-01-03 09:00:00,1,207.25,523.48,102.69,44.99
2024-01-03 10:00:00,1,198.4,447.72,90.68,41.46
2024-01-03 11:00:00,1,178.89,471.39,104.38,34.7
2024-01-03 12:00:00,1,159.93,492.46,94.62,33.71
2024-01-03 13:00:00,1,153.63,457.62,94.54,43.56
2024-01-03 14:00:00,1,189.36,457.4,108.18,48.91
2024-01-03 15:00:00,1,174.04,493.34,82.94,38.79
2024-01-03 16:00:00,1,177.01,446.28,112.67,40.0
2024-01-03 17:00:00,1,141.5,410.64,81.41,43.93
2024-01-03 18:00:00,1,183.68,427.14,90.62,30.81
2024-01-03 19:00:00,1,176.3,482.55,123.45,45.35
2024-01-03 20:00:00,1,151.83,449.57,113.68,46.32
2024-01-03 21:00:00,1,162.42,467.83,101.12,61.86
2024-01-03 22:00:00,1,174.68,485.85,88.6,37.33
2024-01-03 23:00:00,1,172.06,431.46,94.53,37.36
2024-01-04 00:00:00,1,167.38,491.9,102.93,48.5
2024-01-04 01:00:00,1,171.14,472.77,103.26,49.7
2024-01-04 02:00:00,1,169.52,388.37,102.36,38.99
2024-01-04 03:00:00,1,176.54,530.21,103.74,40.72
2024-01-04 04:00:00,1,197.89,428.19,101.89,49.17
2024-01-04 05:00:00,1,134.29,367.6,86.65,37.92
2024-01-04 06:00:00,1,171.26,399.88,98.47,41.54
2024-01-04 07:00:00,1,177.7,401.04,116.48,45.66
2024-01-04 08:00:00,1,179.29,457.36,87.28,53.01
2024-01-04 09:00:00,1,168.24,439.68,101.73,39.02
2024-01-04 10:00:00,1,145.71,435.74,93.13,27.96
2024-01-04 11:00:00,1,177.97,485.47,104.19,26.61
2024-01-04 12:00:00,1,199.34,469.93,97.09,31.38
2024-01-04 13:00:00,1,146.96,467.9,119.93,30.15
2024-01-04 14:00:00,1,184.18,472.12,106.92,39.2
2024-01-04 15:00:00,1,164.69,482.39,83.28,29.85
2024-01-04 16:00:00,1,168.44,338.21,107.91,33.48
2024-01-04 17:00:00,1,152.45,429.88,89.3,32.57
2024-01-04 18:00:00,1,163.71,334.0,91.7,35.29
2024-01-04 19:00:00,1,189.68,451.01,103.08,50.27
2024-01-04 20:00:00,1,178.63,449.16,93.18,44.99
2024-01-04 21:00:00,1,197.3,505.04,111.19,40.02
2024-01-04 22:00:00,1,189.14,513.15,90.7,36.61
2024-01-04 23:00:00,1,178.18,461.93,93.39,37.57
2024-01-05 00:00:00,1,199.6,425.61,93.7,44.77
2024-01-05 01:00:00,1,179.73,478.37,95.62,47.71
2024-01-05 02:00:00,1,186.61,425.66,117.42,35.85
2024-01-05 03:00:00,1,169.43,454.05,112.09,44.43
2024-01-05 04:00:00,1,175.66,506.62,126.25,27.46
2024-01-05 05:00:00,1,163.87,425.48,133.61,46.69
2024-01-05 06:00:00,1,190.67,497.51,91.96,51.44
2024-01-05 07:00:00,1,156.26,490.64,105.79,42.54
2024-01-05 08:00:00,1,186.98,404.24,89.71,59.94
2024-01-05 09:00:00,1,171.11,505.5,94.28,36.69
2024-01-05 10:00:00,1,192.04,490.35,95.53,45.34
2024-01-05 11:00:00,1,184.66,458.16,89.4,42.48
2024-01-05 12:00:00,1,200.82,411.79,88.69,41.16
2024-01-05 13:00:00,1,182.79,405.91,99.4,40.26
2024-01-05 14:00:00,1,145.63,422.14,85.1,41.41
2024-01-05 15:00:00,1,168.82,478.51,110.55,47.04
2024-01-05 16:00:00,1,150.86,399.0,87.79,51.04
2024-01-05 17:00:00,1,160.91,472.19,134.68,39.09
2024-01-05 18:00:00,1,192.92,383.5,93.29,45.89
2024-01-05 19:00:00,1,179.2,438.34,100.02,33.18
2024-01-05 20:00:00,1,158.35,455.19,83.01,45.87
2024-01-05 21:00:00,1,153.84,578.86,121.48,33.45
2024-01-05 22:00:00,1,171.02,377.85,114.68,49.71
2024-01-05 23:00:00,1,151.98,528.88,104.99,59.89
2024-01-06 00:00:00,1,161.38,459.91,84.95,40.98
2024-01-06 01:00:00,1,177.72,474.47,105.45,24.28
2024-01-06 02:00:00,1,191.79,459.75,89.31,38.88
2024-01-06 03:00:00,1,183.76,477.59,122.64,54.52
2024-01-06 04:00:00,1,138.34,446.5,114.85,49.27
2024-01-06 05:00:00,1,179.72,531.6,106.11,47.0
2024-01-06 06:00:00,1,176.15,430.93,74.16,53.52
2024-01-06 07:00:00,1,181.45,514.63,92.45,48.99
2024-01-06 08:00:00,1,200.18,420.61,113.31,54.88
2024-01-06 09:00:00,1,141.48,450.95,119.48,51.89
2024-01-06 10:00:00,1,164.15,396.96,117.55,56.35
2024-01-06 11:00:00,1,182.13,476.78,82.63,45.81
2024-01-06 12:00:00,1,146.98,528.24,105.82,49.65
2024-01-06 13:00:00,1,194.59,447.15,114.09,38.64
2024-01-06 14:00:00,1,176.33,440.12,79.51,35.43
2024-01-06 15:00:00,1,183.28,391.09,99.78,54.29
2024-01-06 16:00:00,1,160.37,437.31,102.87,41.23
2024-01-06 17:00:00,1,181.99,365.09,95.3,45.9
2024-01-06 18:00:00,1,185.91,400.85,75.56,40.05
2024-01-06 19:00:00,1,172.79,461.07,94.98,34.16
2024-01-06 20:00:00,1,173.12,518.99,95.26,39.5
2024-01-06 21:00:00,1,174.16,598.07,98.01,52.0
2024-01-06 22:00:00,1,156.84,419.56,93.37,45.19
2024-01-06 23:00:00,1,168.89,526.94,95.62,26.78
2024-01-07 00:00:00,1,169.59,464.86,101.5,40.19
2024-01-07 01:00:00,1,178.85,444.8,108.38,57.82
2024-01-07 02:00:00,1,189.33,476.32,99.65,41.7
2024-01-07 03:00:00,1,157.38,457.39,98.94,28.93
2024-01-07 04:00:00,1,172.63,460.43,105.77,60.58
2024-01-07 05:00:00,1,198.35,433.36,80.58,50.66
2024-01-07 06:00:00,1,163.24,381.26,111.04,44.41
2024-01-07 07:00:00,1,161.89,373.48,104.9,41.77
2024-01-07 08:00:00,1,177.81,489.06,105.11,53.74
2024-01-07 09:00:00,1,187.49,439.53,116.29,39.55
2024-01-07 10:00:00,1,173.69,422.06,78.78,53.2
2024-01-07 11:00:00,1,193.81,453.23,77.79,47.36
2024-01-07 12:00:00,1,185.56,493.94,105.47,44.07
2024-01-07 13:00:00,1,184.55,460.74,101.14,42.46
2024-01-07 14:00:00,1,179.27,415.9,102.66,39.03
2024-01-07 15:00:00,1,206.72,514.57,94.03,48.71
2024-01-07 16:00:00,1,166.16,532.71,107.82,32.1
2024-01-07 17:00:00,1,137.4,475.2,110.91,25.42
2024-01-07 18:00:00,1,194.39,500.37,105.13,44.19
2024-01-07 19:00:00,1,161.86,514.62,95.81,44.44
2024-01-07 20:00:00,1,171.11,509.02,72.72,43.46
2024-01-07 21:00:00,1,190.61,482.28,109.62,43.33
2024-01-07 22:00:00,1,145.15,482.07,115.97,37.8
2024-01-07 23:00:00,1,151.42,478.64,109.39,47.88
2024-01-08 00:00:00,1,146.67,394.12,90.87,41.62
2024-01-08 01:00:00,1,160.21,489.75,111.31,38.67
2024-01-08 02:00:00,1,180.46,381.99,114.4,40.87
2024-01-08 03:00:00,1,182.42,412.21,123.86,61.18
2024-01-08 04:00:00,1,178.98,523.37,93.51,29.96
2024-01-08 05:00:00,1,152.55,499.22,102.04,49.12
2024-01-08 06:00:00,1,138.45,533.47,114.47,30.83
2024-01-08 07:00:00,1,175.76,440.57,105.63,43.99
2024-01-08 08:00:00,1,167.14,393.82,90.46,40.94
2024-01-08 09:00:00,1,181.4,441.44,109.38,26.53
2024-01-08 10:00:00,1,184.61,458.89,110.83,46.79
2024-01-08 11:00:00,1,174.97,456.95,103.9,39.57
2024-01-08 12:00:00,1,184.03,511.81,104.79,24.29
2024-01-08 13:00:00,1,174.86,432.17,97.95,48.32
2024-01-08 14:00:00,1,178.89,469.08,119.22,52.62
2024-01-08 15:00:00,1,158.73,397.73,88.48,52.46
2024-01-08 16:00:00,1,166.57,473.16,91.97,42.44
2024-01-08 17:00:00,1,172.22,449.27,99.25,39.5
2024-01-08 18:00:00,1,181.99,409.45,110.13,50.22
2024-01-08 19:00:00,1,162.88,436.67,80.15,53.31
2024-01-08 20:00:00,1,177.65,439.69,82.82,48.97
2024-01-08 21:00:00,1,165.68,435.63,74.09,31.94
2024-01-08 22:00:00,1,168.65,543.94,100.92,42.2
2024-01-08 23:00:00,1,184.36,446.04,87.07,44.94
2024-01-09 00:00:00,1,140.47,439.14,97.14,26.73
2024-01-09 01:00:00,1,152.27,342.14,111.16,46.74
2024-01-09 02:00:00,1,150.05,406.34,95.38,62.69
2024-01-09 03:00:00,1,137.2,440.25,107.05,49.53
2024-01-09 04:00:00,1,163.87,418.42,100.81,57.04
2024-01-09 05:00:00,1,186.76,527.79,113.41,46.45
2024-01-09 06:00:00,1,170.5,446.31,111.02,44.39
2024-01-09 07:00:00,1,178.03,522.87,96.14,48.12
2024-01-09 08:00:00,1,191.84,457.86,102.47,37.72
2024-01-09 09:00:00,1,195.14,456.09,117.34,35.99
2024-01-09 10:00:00,1,172.41,448.82,108.49,54.19
2024-01-09 11:00:00,1,194.2,452.98,85.1,54.36
2024-01-09 12:00:00,1,173.46,542.67,110.31,33.64
2024-01-09 13:00:00,1,157.98,328.87,87.5,49.4
2024-01-09 14:00:00,1,161.1,344.92,118.39,39.77
2024-01-09 15:00:00,1,146.45,421.23,112.85,42.75
2024-01-09 16:00:00,1,155.35,450.17,103.08,43.29
2024-01-09 17:00:00,1,163.44,485.51,101.1,47.5
2024-01-09 18:00:00,1,181.72,473.96,96.36,39.7
2024-01-09 19:00:00,1,196.34,428.84,107.7,51.01
2024-01-09 20:00:00,1,147.53,503.16,94.71,42.02
2024-01-09 21:00:00,1,176.1,504.23,102.87,45.15
2024-01-09 22:00:00,1,154.04,460.21,111.54,33.47
2024-01-09 23:00:00,1,178.74,502.01,94.12,59.45
2024-01-10 00:00:00,1,169.93,466.39,94.2,45.97
2024-01-10 01:00:00,1,143.81,423.16,87.66,48.8
2024-01-10 02:00:00,1,188.2,490.32,90.03,29.93
2024-01-10 03:00:00,1,164.55,459.96,80.98,37.18
2024-01-10 04:00:00,1,166.15,454.67,113.84,55.05
2024-01-10 05:00:00,1,157.97,532.6,127.8,47.32
2024-01-10 06:00:00,1,164.65,325.72,123.05,28.85
2024-01-10 07:00:00,1,181.67,380.12,84.32,53.67
2024-01-10 08:00:00,1,171.61,391.99,113.78,40.01
2024-01-10 09:00:00,1,179.33,434.96,122.13,56.04
2024-01-10 10:00:00,1,179.23,440.07,97.72,42.76
2024-01-10 11:00:00,1,193.68,373.27,104.07,44.51
2024-01-10 12:00:00,1,166.58,400.04,76.59,51.96
2024-01-10 13:00:00,1,147.86,405.82,104.61,33.65
2024-01-10 14:00:00,1,187.39,580.13,87.04,32.13
2024-01-10 15:00:00,1,164.64,544.93,102.41,38.23
2024-01-10 16:00:00,1,187.05,427.69,79.64,46.39
2024-01-10 17:00:00,1,175.17,429.93,105.98,27.88
2024-01-10 18:00:00,1,166.93,388.39,111.98,24.93
2024-01-10 19:00:00,1,174.63,348.45,89.19,46.06
2024-01-10 20:00:00,1,200.28,443.24,85.01,34.32
2024-01-10 21:00:00,1,202.75,397.25,72.59,36.57
2024-01-10 22:00:00,1,171.6,446.03,97.13,24.83
2024-01-10 23:00:00,1,173.76,366.82,93.87,35.5
2024-01-11 00:00:00,1,189.04,411.81,82.37,41.94
2024-01-11 01:00:00,1,159.4,460.62,108.52,50.63
2024-01-11 02:00:00,1,178.78,472.82,97.81,37.0
2024-01-11 03:00:00,1,173.72,476.15,90.51,58.12
2024-01-11 04:00:00,1,179.57,384.95,97.58,38.83
2024-01-11 05:00:00,1,161.72,499.99,118.47,39.14
2024-01-11 06:00:00,1,149.85,412.79,112.64,57.98
2024-01-11 07:00:00,1,142.1,488.29,103.26,46.69
2024-01-11 08:00:00,1,156.92,454.04,112.44,39.94
2024-01-11 09:00:00,1,166.87,381.52,89.43,42.82
2024-01-11 10:00:00,1,168.87,436.83,103.92,54.93
2024-01-11 11:00:00,1,203.44,472.05,104.65,55.16
2024-01-11 12:00:00,1,189.51,484.34,96.06,35.11
2024-01-11 13:00:00,1,156.0,443.79,106.74,40.87
2024-01-11 14:00:00,1,176.01,531.31,90.63,41.27
2024-01-11 15:00:00,1,163.44,503.03,106.34,31.56
2024-01-11 16:00:00,1,164.91,435.87,106.39,38.94
2024-01-11 17:00:00,1,172.04,488.68,62.18,39.15
2024-01-11 18:00:00,1,178.8,551.01,114.07,48.63
2024-01-11 19:00:00,1,163.74,552.52,60.52,49.3
2024-01-11 20:00:00,1,186.24,384.63,91.61,36.63
2024-01-11 21:00:00,1,151.81,401.01,112.87,38.08
2024-01-11 22:00:00,1,170.61,528.83,96.49,46.11
2024-01-11 23:00:00,1,212.34,395.4,82.67,36.29
2024-01-12 00:00:00,1,175.54,382.24,88.16,46.97
2024-01-12 01:00:00,1,195.46,427.14,115.78,42.04
2024-01-12 02:00:00,1,174.95,475.67,79.18,35.32
2024-01-12 03:00:00,1,183.32,448.73,118.42,36.05
2024-01-12 04:00:00,1,173.7,420.29,103.91,56.82
2024-01-12 05:00:00,1,172.21,419.34,89.81,43.58
2024-01-12 06:00:00,1,162.67,417.43,97.62,58.85
2024-01-12 07:00:00,1,181.71,408.51,92.03,40.57
2024-01-12 08:00:00,1,161.13,574.96,115.57,47.06
2024-01-12 09:00:00,1,184.66,469.82,113.4,64.32
2024-01-12 10:00:00,1,190.68,500.28,81.74,34.58
2024-01-12 11:00:00,1,178.58,426.98,97.67,26.76
2024-01-12 12:00:00,1,167.48,442.2,91.08,52.86
2024-01-12 13:00:00,1,178.41,413.59,117.6,34.25
2024-01-12 14:00:00,1,165.62,310.63,83.41,40.33
2024-01-12 15:00:00,1,184.69,377.19,120.19,34.94
2024-01-12 16:00:00,1,140.43,353.9,98.99,41.67
2024-01-12 17:00:00,1,163.8,330.43,84.4,31.09
2024-01-12 18:00:00,1,137.5,385.95,90.43,37.49
2024-01-12 19:00:00,1,145.45,519.0,88.96,42.9
2024-01-12 20:00:00,1,190.99,447.06,83.27,30.9
2024-01-12 21:00:00,1,184.05,517.96,101.08,33.98
2024-01-12 22:00:00,1,159.12,472.18,84.96,37.57
2024-01-12 23:00:00,1,147.45,492.51,73.63,29.17
2024-01-13 00:00:00,1,125.09,404.48,97.2,38.44
2024-01-13 01:00:00,1,164.18,480.42,79.96,43.78
2024-01-13 02:00:00,1,211.81,491.95,93.98,40.13
2024-01-13 03:00:00,1,181.01,423.71,92.62,41.84
2024-01-13 04:00:00,1,165.75,484.12,93.57,44.44
2024-01-13 05:00:00,1,182.26,484.77,130.24,39.37
2024-01-13 06:00:00,1,150.3,426.02,105.72,50.84
2024-01-13 07:00:00,1,170.2,395.68,108.01,57.02
2024-01-13 08:00:00,1,176.18,392.14,82.11,40.68
2024-01-13 09:00:00,1,172.76,458.69,95.85,48.22
2024-01-13 10:00:00,1,186.02,470.76,106.23,41.48
2024-01-13 11:00:00,1,178.24,410.98,89.81,45.87
2024-01-13 12:00:00,1,182.58,453.41,113.5,55.22
2024-01-13 13:00:00,1,160.34,481.32,86.0,45.52
2024-01-13 14:00:00,1,184.71,483.12,96.88,25.54
2024-01-13 15:00:00,1,195.66,531.75,92.46,43.72
2024-01-13 16:00:00,1,154.05,516.77,101.49,49.81
2024-01-13 17:00:00,1,155.06,396.29,91.0,37.24
2024-01-13 18:00:00,1,190.14,537.81,95.58,47.41
2024-01-13 19:00:00,1,166.08,421.1,96.12,33.28
2024-01-13 20:00:00,1,191.62,504.52,90.11,26.87
2024-01-13 21:00:00,1,162.88,453.47,106.03,41.08
2024-01-13 22:00:00,1,193.53,428.76,103.52,25.68
2024-01-13 23:00:00,1,173.31,355.87,100.11,39.21
2024-01-14 00:00:00,1,176.09,442.96,96.56,52.87
2024-01-14 01:00:00,1,197.54,370.52,112.87,26.66
2024-01-14 02:00:00,1,167.78,504.53,100.52,32.71
2024-01-14 03:00:00,1,159.23,534.14,100.24,35.42
2024-01-14 04:00:00,1,167.51,412.57,105.93,44.07
2024-01-14 05:00:00,1,182.06,470.83,126.38,41.82
2024-01-14 06:00:00,1,150.23,416.74,88.04,56.81
2024-01-14 07:00:00,1,184.99,421.75,114.65,52.96
2024-01-14 08:00:00,1,166.08,495.46,80.64,48.78
2024-01-14 09:00:00,1,192.29,452.09,106.88,45.36
2024-01-14 10:00:00,1,135.62,545.27,123.45,46.82
2024-01-14 11:00:00,1,160.33,427.34,108.97,35.51
2024-01-14 12:00:00,1,145.32,504.72,104.17,49.24
2024-01-14 13:00:00,1,158.15,456.37,94.13,31.84
2024-01-14 14:00:00,1,174.42,492.48,100.9,47.56
2024-01-14 15:00:00,1,167.05,426.3,96.69,49.9
2024-01-14 16:00:00,1,165.4,446.79,89.46,41.19
2024-01-14 17:00:00,1,166.59,443.02,95.44,37.62
2024-01-14 18:00:00,1,172.22,404.9,101.52,42.38
2024-01-14 19:00:00,1,153.15,484.03,89.39,14.96
2024-01-14 20:00:00,1,180.59,483.71,89.2,41.96
2024-01-14 21:00:00,1,180.37,481.19,82.66,38.93
2024-01-14 22:00:00,1,176.6,531.58,105.45,40.08
2024-01-14 23:00:00,1,180.04,527.68,108.13,47.19
2024-01-15 00:00:00,1,176.7,432.23,104.94,41.37
2024-01-15 01:00:00,1,204.99,472.46,115.0,33.16
2024-01-15 02:00:00,1,172.13,420.61,104.62,42.31
2024-01-15 03:00:00,1,169.27,455.36,109.09,44.7
2024-01-15 04:00:00,1,162.68,422.97,108.45,45.57
2024-01-15 05:00:00,1,158.57,540.36,103.74,46.27
2024-01-15 06:00:00,1,155.31,474.19,98.29,53.78
2024-01-15 07:00:00,1,160.84,443.4,132.93,35.74
2024-01-15 08:00:00,1,173.49,517.57,98.88,46.09
2024-01-15 09:00:00,1,179.42,339.63,95.7,55.01
2024-01-15 10:00:00,1,174.31,347.26,109.0,28.87
2024-01-15 11:00:00,1,160.67,494.76,105.97,44.3
2024-01-15 12:00:00,1,186.25,455.2,84.22,37.06
2024-01-15 13:00:00,1,182.93,464.44,115.44,38.1
2024-01-15 14:00:00,1,167.98,380.54,99.31,32.87
2024-01-15 15:00:00,1,159.55,448.66,85.82,38.45
2024-01-15 16:00:00,1,178.09,555.09,114.46,54.95
2024-01-15 17:00:00,1,172.08,492.58,107.03,28.44
2024-01-15 18:00:00,1,146.09,457.96,83.0,29.13
2024-01-15 19:00:00,1,168.03,425.95,121.61,28.12
2024-01-15 20:00:00,1,173.55,428.59,107.75,53.99
2024-01-15 21:00:00,1,155.65,337.57,99.76,35.98
2024-01-15 22:00:00,1,173.51,464.1,120.64,40.29
2024-01-15 23:00:00,1,148.21,495.83,103.25,37.83
2024-01-16 00:00:00,1,193.15,368.89,101.65,34.03
2024-01-16 01:00:00,1,192.53,417.89,94.42,40.8
2024-01-16 02:00:00,1,169.51,392.45,110.87,64.25
2024-01-16 03:00:00,1,179.88,403.2,110.16,55.88
2024-01-16 04:00:00,1,136.47,457.42,104.79,37.4
2024-01-16 05:00:00,1,156.6,344.95,94.9,50.37
2024-01-16 06:00:00,1,170.36,487.41,106.65,37.99
2024-01-16 07:00:00,1,157.94,494.67,104.02,29.91
2024-01-16 08:00:00,1,185.91,441.36,87.72,53.21
2024-01-16 09:00:00,1,205.73,323.27,85.49,53.92
2024-01-16 10:00:00,1,154.89,400.94,110.66,52.33
2024-01-16 11:00:00,1,159.53,517.82,69.84,38.82
2024-01-16 12:00:00,1,175.73,305.47,104.61,40.6
2024-01-16 13:00:00,1,196.72,432.9,95.18,47.56
2024-01-16 14:00:00,1,151.16,388.26,117.07,43.81
2024-01-16 15:00:00,1,173.83,492.33,93.64,36.56
2024-01-16 16:00:00,1,198.23,413.8,107.76,25.74
2024-01-16 17:00:00,1,142.97,470.42,94.08,40.07
2024-01-16 18:00:00,1,148.73,478.83,100.45,48.11
2024-01-16 19:00:00,1,162.4,545.97,108.44,29.0
2024-01-16 20:00:00,1,161.17,438.7,93.55,44.8
2024-01-16 21:00:00,1,182.74,469.72,112.5,42.68
2024-01-16 22:00:00,1,174.33,372.17,87.93,46.84
2024-01-16 23:00:00,1,143.14,514.02,104.96,48.59
2024-01-17 00:00:00,1,180.16,411.89,113.69,36.14
2024-01-17 01:00:00,1,163.64,423.2,111.14,29.13
2024-01-17 02:00:00,1,193.67,452.33,127.77,39.0
2024-01-17 03:00:00,1,164.2,371.68,94.46,51.63
2024-01-17 04:00:00,1,164.53,466.67,87.14,40.03
2024-01-17 05:00:00,1,183.47,505.94,92.32,39.05
2024-01-17 06:00:00,1,187.08,470.46,113.37,29.63
2024-01-17 07:00:00,1,181.99,371.09,111.21,59.7
2024-01-17 08:00:00,1,147.93,448.07,105.9,51.57
2024-01-17 09:00:00,1,182.64,493.27,89.91,50.62
2024-01-17 10:00:00,1,157.14,354.44,113.21,51.67
2024-01-17 11:00:00,1,176.51,396.09,87.28,47.65
2024-01-17 12:00:00,1,149.47,498.24,116.68,39.94
2024-01-17 13:00:00,1,178.29,465.48,137.4,39.85
2024-01-17 14:00:00,1,157.74,472.24,105.14,36.9
2024-01-17 15:00:00,1,149.59,547.97,107.27,62.12
2024-01-17 16:00:00,1,180.7,474.12,93.17,44.1
2024-01-17 17:00:00,1,172.93,483.81,76.19,35.19
2024-01-17 18:00:00,1,159.29,592.0,91.38,42.93
2024-01-17 19:00:00,1,192.07,437.83,85.27,30.58
2024-01-17 20:00:00,1,162.43,407.32,81.09,52.11
2024-01-17 21:00:00,1,170.39,472.45,121.69,34.3
2024-01-17 22:00:00,1,174.76,473.66,103.96,44.73
2024-01-17 23:00:00,1,161.42,423.44,106.04,50.23
2024-01-18 00:00:00,1,179.46,397.55,98.09,45.25
2024-01-18 01:00:00,1,164.34,574.63,100.59,43.58
2024-01-18 02:00:00,1,166.99,470.75,115.72,43.6
2024-01-18 03:00:00,1,195.69,415.5,103.72,43.65
2024-01-18 04:00:00,1,158.14,502.92,111.32,39.74
2024-01-18 05:00:00,1,136.72,449.15,102.42,41.11
2024-01-18 06:00:00,1,200.5,441.67,100.67,57.49
2024-01-18 07:00:00,1,215.25,484.56,87.09,43.99
2024-01-18 08:00:00,1,168.19,386.46,79.57,37.97
2024-01-18 09:00:00,1,143.48,472.73,100.82,39.77
2024-01-18 10:00:00,1,168.59,554.41,104.22,52.79
2024-01-18 11:00:00,1,168.25,477.37,86.5,48.48
2024-01-18 12:00:00,1,169.0,432.16,101.57,46.73
2024-01-18 13:00:00,1,153.61,424.48,101.91,39.06
2024-01-18 14:00:00,1,179.68,428.86,73.21,45.34
2024-01-18 15:00:00,1,178.18,436.49,88.3,34.45
2024-01-18 16:00:00,1,145.76,429.48,104.56,37.22
2024-01-18 17:00:00,1,180.17,497.44,104.01,47.29
2024-01-18 18:00:00,1,201.49,357.58,84.4,46.38
2024-01-18 19:00:00,1,171.83,494.58,101.11,30.82
2024-01-18 20:00:00,1,164.07,429.38,112.35,32.19
2024-01-18 21:00:00,1,167.64,469.77,109.72,40.8
2024-01-18 22:00:00,1,180.24,391.06,99.3,55.07
2024-01-18 23:00:00,1,143.84,521.31,95.3,25.06
2024-01-19 00:00:00,1,174.61,517.71,94.04,44.35
2024-01-19 01:00:00,1,166.6,503.4,108.7,31.17
2024-01-19 02:00:00,1,202.75,373.6,105.98,38.15
2024-01-19 03:00:00,1,171.37,497.86,112.1,41.05
2024-01-19 04:00:00,1,201.0,475.96,106.27,41.05
2024-01-19 05:00:00,1,157.44,370.23,115.27,40.4
2024-01-19 06:00:00,1,184.3,453.72,106.2,45.07
2024-01-19 07:00:00,1,179.96,474.13,114.84,40.39
2024-01-19 08:00:00,1,160.85,483.94,115.63,32.26
2024-01-19 09:00:00,1,176.93,463.48,93.94,50.71
2024-01-19 10:00:00,1,192.69,468.87,80.61,49.86
2024-01-19 11:00:00,1,167.66,530.51,122.32,49.9
2024-01-19 12:00:00,1,145.23,516.68,105.25,29.0
2024-01-19 13:00:00,1,170.95,299.99,79.52,43.75
2024-01-19 14:00:00,1,156.22,433.76,91.47,46.21
2024-01-19 15:00:00,1,164.47,441.2,109.66,31.18
2024-01-19 16:00:00,1,168.12,356.98,95.87,39.48
2024-01-19 17:00:00,1,142.12,454.08,92.63,38.13
2024-01-19 18:00:00,1,143.44,514.88,116.74,54.55
2024-01-19 19:00:00,1,176.74,391.79,85.85,55.35
2024-01-19 20:00:00,1,161.14,467.15,89.3,25.36
2024-01-19 21:00:00,1,129.3,401.57,102.56,60.93
2024-01-19 22:00:00,1,182.93,415.06,105.45,32.78
2024-01-19 23:00:00,1,175.54,529.16,107.51,49.51
2024-01-20 00:00:00,1,160.71,423.39,113.54,50.2
2024-01-20 01:00:00,1,151.94,477.16,105.3,34.38
2024-01-20 02:00:00,1,186.73,354.8,109.7,47.67
2024-01-20 03:00:00,1,179.66,552.36,100.85,43.22
2024-01-20 04:00:00,1,212.31,486.39,105.4,49.28
2024-01-20 05:00:00,1,181.55,445.28,106.26,46.85
2024-01-20 06:00:00,1,181.14,485.37,107.73,55.1
2024-01-20 07:00:00,1,172.26,380.54,114.68,45.54
2024-01-20 08:00:00,1,187.53,516.98,111.63,43.19
2024-01-20 09:00:00,1,184.02,437.04,104.69,53.38
2024-01-20 10:00:00,1,193.31,442.74,93.26,48.4
2024-01-20 11:00:00,1,164.53,426.85,103.64,48.96
2024-01-20 12:00:00,1,165.12,421.38,101.65,36.4
2024-01-20 13:00:00,1,163.65,487.87,103.67,32.41
2024-01-20 14:00:00,1,183.02,464.0,128.44,35.71
2024-01-20 15:00:00,1,193.6,484.26,93.25,34.64
2024-01-20 16:00:00,1,162.15,448.94,104.75,46.04
2024-01-20 17:00:00,1,162.39,476.18,112.63,47.35
2024-01-20 18:00:00,1,173.98,426.91,100.25,37.7
2024-01-20 19:00:00,1,165.22,566.73,128.7,51.18
2024-01-20 20:00:00,1,184.47,366.7,94.62,50.96
2024-01-20 21:00:00,1,134.25,516.4,103.99,41.94
2024-01-20 22:00:00,1,157.42,522.66,90.39,33.57
2024-01-20 23:00:00,1,158.85,406.28,96.78,54.53
2024-01-21 00:00:00,1,135.29,569.6,105.16,41.49
2024-01-21 01:00:00,1,157.53,505.29,113.5,43.85
2024-01-21 02:00:00,1,159.02,504.73,107.55,40.64
2024-01-21 03:00:00,1,170.94,455.61,120.07,36.62
2024-01-21 04:00:00,1,192.22,443.14,103.4,32.21
2024-01-21 05:00:00,1,171.03,443.86,100.7,50.24
2024-01-21 06:00:00,1,158.69,475.61,139.24,38.39
2024-01-21 07:00:00,1,174.0,528.82,109.89,70.73
2024-01-21 08:00:00,1,191.21,464.17,95.49,35.44
2024-01-21 09:00:00,1,158.68,406.05,95.34,33.51
2024-01-21 10:00:00,1,159.1,496.99,91.57,47.81
2024-01-21 11:00:00,1,181.62,501.37,114.64,55.69
2024-01-21 12:00:00,1,168.5,486.54,97.39,42.55
2024-01-21 13:00:00,1,181.48,490.55,102.84,46.06
2024-01-21 14:00:00,1,170.29,436.21,99.7,24.95
2024-01-21 15:00:00,1,180.99,400.88,109.14,34.17
2024-01-21 16:00:00,1,153.03,403.61,88.69,30.35
2024-01-21 17:00:00,1,168.92,362.84,85.49,23.11
2024-01-21 18:00:00,1,165.67,461.5,101.85,39.99
2024-01-21 19:00:00,1,149.87,444.71,106.72,20.18
2024-01-21 20:00:00,1,144.67,426.2,103.62,28.25
2024-01-21 21:00:00,1,180.74,293.98,89.64,35.35
2024-01-21 22:00:00,1,164.95,384.71,109.08,33.49
2024-01-21 23:00:00,1,155.05,510.35,91.81,44.57
2024-01-22 00:00:00,1,170.48,416.95,95.4,44.58
2024-01-22 01:00:00,1,190.63,471.8,90.83,50.33
2024-01-22 02:00:00,1,137.41,380.15,119.98,49.86
2024-01-22 03:00:00,1,150.44,530.02,112.15,53.76
2024-01-22 04:00:00,1,160.0,447.01,112.26,44.59
2024-01-22 05:00:00,1,198.03,470.2,120.69,47.46
2024-01-22 06:00:00,1,179.48,577.69,140.61,49.32
2024-01-22 07:00:00,1,187.05,534.9,83.26,46.1
2024-01-22 08:00:00,1,156.56,438.43,95.26,41.25
2024-01-22 09:00:00,1,156.41,422.83,96.33,41.32
2024-01-22 10:00:00,1,180.59,436.33,92.73,36.61
2024-01-22 11:00:00,1,173.7,479.68,89.14,46.34
2024-01-22 12:00:00,1,180.69,446.45,98.21,41.21
2024-01-22 13:00:00,1,168.26,430.38,85.83,35.63
2024-01-22 14:00:00,1,174.91,527.9,104.75,34.92
2024-01-22 15:00:00,1,172.39,443.86,100.54,29.67
2024-01-22 16:00:00,1,181.72,570.71,105.5,47.67
2024-01-22 17:00:00,1,181.88,453.89,105.54,39.77
2024-01-22 18:00:00,1,143.37,543.18,106.64,31.72
2024-01-22 19:00:00,1,133.54,467.96,94.38,45.93
2024-01-22 20:00:00,1,185.26,500.2,126.26,34.68
2024-01-22 21:00:00,1,188.68,411.66,102.85,28.01
2024-01-22 22:00:00,1,154.35,405.47,76.93,49.12
2024-01-22 23:00:00,1,141.8,475.48,88.54,36.7
2024-01-23 00:00:00,1,173.57,504.15,79.97,38.55
2024-01-23 01:00:00,1,187.51,454.91,103.0,43.13
2024-01-23 02:00:00,1,201.95,385.65,101.96,53.15
2024-01-23 03:00:00,1,182.3,382.37,98.2,44.3
2024-01-23 04:00:00,1,168.72,379.32,130.06,34.48
2024-01-23 05:00:00,1,160.77,361.66,111.85,49.49
2024-01-23 06:00:00,1,175.19,460.78,114.2,40.91
2024-01-23 07:00:00,1,170.17,514.25,93.12,60.84
2024-01-23 08:00:00,1,158.54,453.9,91.95,44.59
2024-01-23 09:00:00,1,206.55,334.89,104.59,25.26
2024-01-23 10:00:00,1,201.76,443.44,105.7,46.52
2024-01-23 11:00:00,1,190.76,444.19,79.28,59.19
2024-01-23 12:00:00,1,157.43,562.57,99.72,55.31
2024-01-23 13:00:00,1,184.76,374.37,101.41,56.68
2024-01-23 14:00:00,1,180.63,429.9,97.78,31.9
2024-01-23 15:00:00,1,176.89,539.87,89.59,47.58
2024-01-23 16:00:00,1,189.18,473.14,92.58,33.31
2024-01-23 17:00:00,1,179.16,478.82,96.87,41.0
2024-01-23 18:00:00,1,180.72,455.05,100.16,28.26
2024-01-23 19:00:00,1,179.19,466.51,106.76,33.67
2024-01-23 20:00:00,1,174.8,490.43,113.09,33.7
2024-01-23 21:00:00,1,141.66,407.18,96.16,47.47
2024-01-23 22:00:00,1,171.83,496.82,94.73,47.26
2024-01-23 23:00:00,1,162.43,378.8,106.77,43.57
2024-01-24 00:00:00,1,151.75,469.33,109.74,30.61
2024-01-24 01:00:00,1,199.4,462.21,97.28,40.15
2024-01-24 02:00:00,1,200.87,421.0,113.51,37.21
2024-01-24 03:00:00,1,195.64,452.93,116.53,51.47
2024-01-24 04:00:00,1,178.64,421.76,120.96,54.55
2024-01-24 05:00:00,1,196.28,398.37,127.42,53.82
2024-01-24 06:00:00,1,175.2,436.35,94.04,38.63
2024-01-24 07:00:00,1,178.11,396.67,105.08,21.78
2024-01-24 08:00:00,1,157.3,471.63,104.75,29.69
2024-01-24 09:00:00,1,180.41,393.46,102.89,56.13
2024-01-24 10:00:00,1,174.46,491.06,95.29,40.12
2024-01-24 11:00:00,1,152.17,390.46,83.97,36.45
2024-01-24 12:00:00,1,171.2,422.13,103.18,55.87
2024-01-24 13:00:00,1,169.97,418.28,91.5,51.91
2024-01-24 14:00:00,1,198.95,520.41,101.59,40.71
2024-01-24 15:00:00,1,184.04,467.31,89.83,37.41
2024-01-24 16:00:00,1,169.59,438.24,85.49,38.29
2024-01-24 17:00:00,1,173.04,475.42,102.07,41.02
2024-01-24 18:00:00,1,169.71,337.85,100.92,52.51
2024-01-24 19:00:00,1,165.9,446.83,106.44,42.67
2024-01-24 20:00:00,1,152.28,554.78,127.08,45.54
2024-01-24 21:00:00,1,167.49,456.87,103.39,49.75
2024-01-24 22:00:00,1,158.7,454.09,106.65,30.63
2024-01-24 23:00:00,1,151.44,480.14,87.59,47.6
2024-01-25 00:00:00,1,180.1,499.25,85.71,39.52
2024-01-25 01:00:00,1,178.97,347.42,122.82,21.55
2024-01-25 02:00:00,1,145.23,364.76,91.81,25.54
2024-01-25 03:00:00,1,172.19,465.22,90.91,35.53
2024-01-25 04:00:00,1,190.36,416.89,104.11,49.09
2024-01-25 05:00:00,1,191.67,524.11,103.76,45.86
2024-01-25 06:00:00,1,191.24,438.38,93.58,46.56
2024-01-25 07:00:00,1,175.52,352.86,101.04,61.37
2024-01-25 08:00:00,1,161.23,387.72,120.17,33.89
2024-01-25 09:00:00,1,156.98,309.08,93.92,43.9
2024-01-25 10:00:00,1,178.96,441.16,85.86,46.07
2024-01-25 11:00:00,1,178.78,442.84,114.72,36.57
2024-01-25 12:00:00,1,192.38,429.62,108.24,42.24
2024-01-25 13:00:00,1,188.64,508.14,93.37,27.73
2024-01-25 14:00:00,1,168.41,513.73,80.48,52.41
2024-01-25 15:00:00,1,150.19,440.9,90.46,34.13
2024-01-25 16:00:00,1,164.36,336.8,98.71,56.55
2024-01-25 17:00:00,1,172.55,481.67,113.87,38.83
2024-01-25 18:00:00,1,165.81,478.3,85.88,47.68
2024-01-25 19:00:00,1,159.96,465.43,98.04,38.66
2024-01-25 20:00:00,1,173.41,501.18,107.95,39.15
2024-01-25 21:00:00,1,161.91,388.44,69.74,34.95
2024-01-25 22:00:00,1,160.57,556.47,113.59,41.51
2024-01-25 23:00:00,1,176.16,400.62,86.26,43.91
2024-01-26 00:00:00,1,165.64,491.53,106.21,35.39
2024-01-26 01:00:00,1,176.64,363.77,105.9,41.73
2024-01-26 02:00:00,1,177.83,404.43,117.24,38.36
2024-01-26 03:00:00,1,156.1,534.12,111.1,63.54
2024-01-26 04:00:00,1,166.99,440.84,74.51,43.85
2024-01-26 05:00:00,1,197.66,499.21,94.97,57.95
2024-01-26 06:00:00,1,156.62,467.5,106.76,43.35
2024-01-26 07:00:00,1,141.41,449.37,102.43,47.09
2024-01-26 08:00:00,1,145.14,526.55,110.65,33.45
2024-01-26 09:00:00,1,174.59,441.64,114.12,40.35
2024-01-26 10:00:00,1,173.99,359.57,111.21,45.28
2024-01-26 11:00:00,1,170.92,410.41,100.07,56.17
2024-01-26 12:00:00,1,191.22,481.08,78.63,43.88
2024-01-26 13:00:00,1,128.93,472.09,95.46,52.91
2024-01-26 14:00:00,1,176.77,367.84,105.78,45.91
2024-01-26 15:00:00,1,194.59,411.68,86.08,53.62
2024-01-26 16:00:00,1,151.56,418.72,107.4,38.91
2024-01-26 17:00:00,1,163.1,429.83,110.61,59.28
2024-01-26 18:00:00,1,157.09,376.43,100.61,34.91
2024-01-26 19:00:00,1,154.95,415.96,60.32,32.64
2024-01-26 20:00:00,1,164.24,410.97,83.23,29.19
2024-01-26 21:00:00,1,192.47,490.58,123.76,59.56
2024-01-26 22:00:00,1,199.58,493.19,93.59,47.42
2024-01-26 23:00:00,1,165.91,443.54,76.11,38.41
2024-01-27 00:00:00,1,202.15,431.33,117.64,52.55
2024-01-27 01:00:00,1,173.34,460.16,102.95,48.59
2024-01-27 02:00:00,1,201.26,410.43,117.49,60.1
2024-01-27 03:00:00,1,172.65,393.63,107.63,31.06
2024-01-27 04:00:00,1,176.68,405.01,110.41,42.36
2024-01-27 05:00:00,1,180.69,421.42,109.5,41.0
2024-01-27 06:00:00,1,225.31,393.63,113.84,28.35
2024-01-27 07:00:00,1,188.37,463.45,133.74,53.85
2024-01-27 08:00:00,1,163.41,493.1,116.9,42.32
2024-01-27 09:00:00,1,189.46,370.41,84.12,50.37
2024-01-27 10:00:00,1,167.78,454.83,109.16,63.42
2024-01-27 11:00:00,1,165.03,441.18,117.23,39.8
2024-01-27 12:00:00,1,186.38,470.02,117.23,38.45
2024-01-27 13:00:00,1,171.72,450.55,95.83,42.23
2024-01-27 14:00:00,1,174.91,373.83,115.25,48.84
2024-01-27 15:00:00,1,170.11,383.29,111.63,35.1
2024-01-27 16:00:00,1,174.73,450.96,131.98,34.08
2024-01-27 17:00:00,1,175.83,503.38,89.61,48.03
2024-01-27 18:00:00,1,138.35,332.21,92.58,42.2
2024-01-27 19:00:00,1,179.66,467.34,95.23,21.85
2024-01-27 20:00:00,1,153.87,512.16,93.2,29.07
2024-01-27 21:00:00,1,147.06,441.81,88.62,52.55
2024-01-27 22:00:00,1,169.58,479.53,65.53,43.9
2024-01-27 23:00:00,1,172.56,414.14,95.73,34.8
2024-01-28 00:00:00,1,161.03,445.71,106.68,40.57
2024-01-28 01:00:00,1,185.93,367.28,96.54,42.89
2024-01-28 02:00:00,1,152.27,329.84,128.01,49.72
2024-01-28 03:00:00,1,167.69,503.86,104.3,32.66
2024-01-28 04:00:00,1,165.35,402.65,120.95,37.51
2024-01-28 05:00:00,1,174.17,430.87,108.21,47.21
2024-01-28 06:00:00,1,179.42,381.87,115.47,44.16
2024-01-28 07:00:00,1,158.95,380.53,108.44,49.73
2024-01-28 08:00:00,1,186.07,445.43,121.93,34.23
2024-01-28 09:00:00,1,175.12,415.64,104.84,47.14
2024-01-28 10:00:00,1,143.57,473.44,109.79,52.72
2024-01-28 11:00:00,1,141.79,476.65,107.42,46.89
2024-01-28 12:00:00,1,171.81,468.93,98.36,43.18
2024-01-28 13:00:00,1,167.73,463.82,106.36,40.42
2024-01-28 14:00:00,1,168.87,533.73,128.79,33.46
2024-01-28 15:00:00,1,169.44,393.57,96.46,39.28
2024-01-28 16:00:00,1,172.98,446.51,104.72,50.04
2024-01-28 17:00:00,1,184.1,508.86,115.03,38.1
2024-01-28 18:00:00,1,151.42,515.71,113.44,31.5
2024-01-28 19:00:00,1,150.56,374.11,99.26,34.95
2024-01-28 20:00:00,1,152.11,432.93,69.23,41.1
2024-01-28 21:00:00,1,174.46,521.53,106.43,36.73
2024-01-28 22:00:00,1,190.21,477.31,72.41,44.6
2024-01-28 23:00:00,1,164.4,461.53,119.84,45.64
2024-01-29 00:00:00,1,132.42,440.52,104.15,49.51
2024-01-29 01:00:00,1,145.82,432.54,115.44,54.8
2024-01-29 02:00:00,1,160.32,468.71,92.08,51.91
2024-01-29 03:00:00,1,165.3,440.81,84.47,36.24
2024-01-29 04:00:00,1,168.14,452.36,107.9,36.98
2024-01-29 05:00:00,1,175.51,459.05,104.48,44.26
2024-01-29 06:00:00,1,170.07,419.24,98.78,41.2
2024-01-29 07:00:00,1,191.51,482.97,105.98,35.3
2024-01-29 08:00:00,1,163.91,608.33,139.64,40.88
2024-01-29 09:00:00,1,160.48,360.39,114.69,40.12
2024-01-29 10:00:00,1,181.08,470.6,116.79,37.84
2024-01-29 11:00:00,1,148.48,412.68,113.47,40.12
2024-01-29 12:00:00,1,178.17,482.46,120.74,51.95
2024-01-29 13:00:00,1,172.85,453.68,98.82,42.91
2024-01-29 14:00:00,1,168.17,490.69,74.49,61.37
2024-01-29 15:00:00,1,195.02,511.89,97.5,41.32
2024-01-29 16:00:00,1,159.56,459.56,109.68,36.96
2024-01-29 17:00:00,1,201.71,508.82,86.83,39.14
2024-01-29 18:00:00,1,165.44,325.34,96.77,41.17
2024-01-29 19:00:00,1,148.9,533.0,90.35,42.78
2024-01-29 20:00:00,1,170.51,469.19,118.42,56.93
2024-01-29 21:00:00,1,152.85,506.74,109.37,32.75
2024-01-29 22:00:00,1,158.61,386.16,108.75,47.76
2024-01-29 23:00:00,1,177.51,407.41,109.1,42.98
2024-01-30 00:00:00,1,180.8,459.7,101.53,28.75
2024-01-30 01:00:00,1,162.94,451.88,105.28,49.29
2024-01-30 02:00:00,1,189.13,468.44,88.5,54.2
2024-01-30 03:00:00,1,192.44,511.34,76.45,36.89
2024-01-30 04:00:00,1,197.33,361.49,106.5,44.53
2024-01-30 05:00:00,1,183.28,506.27,109.01,30.34
2024-01-30 06:00:00,1,196.58,455.44,120.31,34.38
2024-01-30 07:00:00,1,145.14,444.15,124.8,53.75
2024-01-30 08:00:00,1,169.57,377.0,124.48,40.67
2024-01-30 09:00:00,1,160.41,480.66,91.49,34.77
2024-01-30 10:00:00,1,175.39,326.16,99.05,45.44
2024-01-30 11:00:00,1,163.74,486.98,108.86,38.37
2024-01-30 12:00:00,1,169.38,373.3,134.06,38.03
2024-01-30 13:00:00,1,201.01,454.05,119.97,47.47
2024-01-30 14:00:00,1,167.82,444.22,114.68,30.7
2024-01-30 15:00:00,1,176.43,511.58,94.97,32.24
2024-01-30 16:00:00,1,165.73,439.98,88.23,40.71
2024-01-30 17:00:00,1,170.31,412.49,109.1,47.29
2024-01-30 18:00:00,1,169.1,422.28,85.07,49.46
2024-01-30 19:00:00,1,176.2,516.25,96.09,33.49
2024-01-30 20:00:00,1,187.85,477.7,97.95,47.32
2024-01-30 21:00:00,1,195.95,429.54,120.05,33.27
2024-01-30 22:00:00,1,175.41,438.03,96.02,55.92
2024-01-30 23:00:00,1,180.56,368.56,70.35,31.66
2024-01-01 00:00:00,2,161.82,462.74,106.63,31.73
2024-01-01 01:00:00,2,206.65,539.25,88.83,30.34
2024-01-01 02:00:00,2,183.91,437.64,113.27,46.26
2024-01-01 03:00:00,2,158.01,507.51,118.74,49.38
2024-01-01 04:00:00,2,166.64,523.01,108.85,53.2
2024-01-01 05:00:00,2,188.44,452.05,81.1,49.93
2024-01-01 06:00:00,2,193.03,444.07,92.9,50.33
2024-01-01 07:00:00,2,174.39,437.46,113.01,36.89
2024-01-01 08:00:00,2,175.99,441.18,105.53,44.33
2024-01-01 09:00:00,2,187.29,501.76,69.22,31.52
2024-01-01 10:00:00,2,176.33,466.86,120.56,26.53
2024-01-01 11:00:00,2,152.09,466.37,105.24,49.95
2024-01-01 12:00:00,2,159.24,390.77,91.85,36.03
2024-01-01 13:00:00,2,175.76,398.67,115.01,49.56
2024-01-01 14:00:00,2,191.21,569.05,92.21,50.91
2024-01-01 15:00:00,2,197.2,440.76,91.45,35.09
2024-01-01 16:00:00,2,182.92,407.45,104.79,45.25
2024-01-01 17:00:00,2,174.5,528.47,123.27,33.94
2024-01-01 18:00:00,2,182.01,465.16,121.09,23.41
2024-01-01 19:00:00,2,158.76,481.56,104.51,40.84
2024-01-01 20:00:00,2,167.53,442.47,106.16,35.92
2024-01-01 21:00:00,2,156.94,433.01,110.98,36.66
2024-01-01 22:00:00,2,150.55,441.83,84.56,58.54
2024-01-01 23:00:00,2,177.38,375.83,110.38,28.45
2024-01-02 00:00:00,2,175.72,447.82,92.97,46.03
2024-01-02 01:00:00,2,184.78,469.72,107.64,34.68
2024-01-02 02:00:00,2,183.17,555.93,101.15,52.15
2024-01-02 03:00:00,2,178.78,459.51,111.39,47.4
2024-01-02 04:00:00,2,184.44,326.88,106.81,48.59
2024-01-02 05:00:00,2,174.85,450.39,64.99,37.24
2024-01-02 06:00:00,2,182.47,606.33,108.02,38.92
2024-01-02 07:00:00,2,163.57,503.2,114.03,53.71
2024-01-02 08:00:00,2,181.36,410.66,111.14,60.84
2024-01-02 09:00:00,2,185.81,487.29,103.42,49.0
2024-01-02 10:00:00,2,163.11,413.35,125.83,36.26
2024-01-02 11:00:00,2,174.29,378.97,107.54,46.42
2024-01-02 12:00:00,2,162.37,433.5,108.43,64.02
2024-01-02 13:00:00,2,163.19,456.91,115.67,42.78
2024-01-02 14:00:00,2,152.6,348.19,105.94,54.02
2024-01-02 15:00:00,2,191.42,387.33,88.68,34.02
2024-01-02 16:00:00,2,187.64,450.63,67.87,39.69
2024-01-02 17:00:00,2,178.63,427.31,93.46,45.21
2024-01-02 18:00:00,2,202.2,471.37,109.7,43.15
2024-01-02 19:00:00,2,166.64,382.95,95.1,33.01
2024-01-02 20:00:00,2,220.08,489.34,110.63,32.94
2024-01-02 21:00:00,2,166.78,385.43,102.5,49.23
2024-01-02 22:00:00,2,175.37,541.51,118.16,51.64
2024-01-02 23:00:00,2,165.32,357.51,97.98,55.19
2024-01-03 00:00:00,2,178.8,392.57,108.83,58.53
2024-01-03 01:00:00,2,187.22,476.39,110.11,44.62
2024-01-03 02:00:00,2,172.28,545.69,123.98,41.42
2024-01-03 03:00:00,2,204.09,472.11,82.25,56.67
2024-01-03 04:00:00,2,179.2,486.21,99.2,51.53
2024-01-03 05:00:00,2,180.02,456.52,116.76,36.91
2024-01-03 06:00:00,2,160.66,399.21,126.06,36.56
2024-01-03 07:00:00,2,182.46,428.6,108.72,49.88
2024-01-03 08:00:00,2,173.04,388.6,101.39,43.7
2024-01-03 09:00:00,2,164.74,384.45,114.77,44.55
2024-01-03 10:00:00,2,161.35,476.25,115.62,53.6
2024-01-03 11:00:00,2,217.52,391.66,98.69,50.11
2024-01-03 12:00:00,2,168.31,470.23,107.02,54.36
2024-01-03 13:00:00,2,147.84,380.28,117.46,24.88
2024-01-03 14:00:00,2,159.64,467.46,126.11,43.39
2024-01-03 15:00:00,2,169.68,423.66,110.34,46.65
2024-01-03 16:00:00,2,179.08,527.42,100.64,26.62
2024-01-03 17:00:00,2,178.91,467.56,99.05,34.0
2024-01-03 18:00:00,2,180.82,517.63,107.01,32.26
2024-01-03 19:00:00,2,159.12,408.2,98.23,39.95
2024-01-03 20:00:00,2,175.68,453.15,102.56,54.38
2024-01-03 21:00:00,2,156.08,396.58,86.57,58.33
2024-01-03 22:00:00,2,160.93,428.41,118.28,33.99
2024-01-03 23:00:00,2,156.74,437.46,86.83,46.51
2024-01-04 00:00:00,2,153.05,412.73,96.95,47.57
2024-01-04 01:00:00,2,190.99,386.58,104.72,46.84
2024-01-04 02:00:00,2,185.52,376.41,130.44,47.67
2024-01-04 03:00:00,2,190.89,326.09,99.2,47.45
2024-01-04 04:00:00,2,175.9,397.16,96.46,60.11
2024-01-04 05:00:00,2,188.37,490.07,98.28,55.26
2024-01-04 06:00:00,2,146.6,367.74,127.55,36.33
2024-01-04 07:00:00,2,189.8,380.31,68.43,52.56
2024-01-04 08:00:00,2,178.18,553.75,92.02,53.11
2024-01-04 09:00:00,2,185.13,419.77,140.83,47.55
2024-01-04 10:00:00,2,180.43,471.81,111.96,54.11
2024-01-04 11:00:00,2,157.15,488.76,88.83,45.09
2024-01-04 12:00:00,2,147.94,489.1,102.1,44.42
2024-01-04 13:00:00,2,160.13,368.15,102.77,42.95
2024-01-04 14:00:00,2,180.48,438.45,112.33,23.4
2024-01-04 15:00:00,2,181.92,361.53,124.82,39.83
2024-01-04 16:00:00,2,147.49,584.61,105.19,34.18
2024-01-04 17:00:00,2,153.57,362.04,92.63,29.32
2024-01-04 18:00:00,2,157.72,392.03,110.05,52.28
2024-01-04 19:00:00,2,163.86,392.53,90.54,44.2
2024-01-04 20:00:00,2,147.59,367.74,86.42,39.8
2024-01-04 21:00:00,2,147.07,524.93,77.3,35.57
2024-01-04 22:00:00,2,157.6,584.39,80.5,43.76
2024-01-04 23:00:00,2,173.3,425.71,90.05,50.61
2024-01-05 00:00:00,2,153.18,380.03,87.11,35.38
2024-01-05 01:00:00,2,171.52,330.4,107.57,43.39
2024-01-05 02:00:00,2,191.62,440.73,88.32,51.8
2024-01-05 03:00:00,2,153.3,437.38,63.28,27.74
2024-01-05 04:00:00,2,171.85,419.43,91.48,44.75
2024-01-05 05:00:00,2,192.46,467.73,99.33,41.78
2024-01-05 06:00:00,2,168.76,477.39,97.67,44.48
2024-01-05 07:00:00,2,166.09,473.32,125.61,41.14
2024-01-05 08:00:00,2,194.45,437.87,97.16,46.47
2024-01-05 09:00:00,2,169.73,394.19,116.41,61.71
2024-01-05 10:00:00,2,192.38,490.78,103.91,41.31
2024-01-05 11:00:00,2,180.51,454.12,102.87,46.0
2024-01-05 12:00:00,2,167.0,501.52,91.63,60.21
2024-01-05 13:00:00,2,179.8,495.33,101.1,37.04
2024-01-05 14:00:00,2,176.44,372.96,91.06,57.13
2024-01-05 15:00:00,2,187.38,371.65,102.78,40.58
2024-01-05 16:00:00,2,161.01,408.5,96.94,55.74
2024-01-05 17:00:00,2,170.44,391.66,87.29,46.36
2024-01-05 18:00:00,2,168.64,491.2,112.75,42.36
2024-01-05 19:00:00,2,181.38,469.08,105.39,39.18
2024-01-05 20:00:00,2,153.14,510.51,94.14,34.57
2024-01-05 21:00:00,2,187.32,472.34,102.46,41.2
2024-01-05 22:00:00,2,178.85,462.63,100.05,49.05
2024-01-05 23:00:00,2,150.15,517.87,90.43,41.77
2024-01-06 00:00:00,2,192.59,478.49,103.59,39.87
2024-01-06 01:00:00,2,210.3,457.18,95.24,41.23
2024-01-06 02:00:00,2,190.69,535.58,91.68,52.89
2024-01-06 03:00:00,2,198.32,461.11,83.36,55.56
2024-01-06 04:00:00,2,176.66,438.52,100.52,39.38
2024-01-06 05:00:00,2,148.14,409.47,113.04,39.67
2024-01-06 06:00:00,2,145.23,494.32,96.49,49.0
2024-01-06 07:00:00,2,179.76,523.59,138.83,59.0
2024-01-06 08:00:00,2,165.49,452.47,116.95,55.34
2024-01-06 09:00:00,2,159.69,526.71,122.0,33.76
2024-01-06 10:00:00,2,173.12,345.81,114.65,41.83
2024-01-06 11:00:00,2,183.59,450.38,127.89,35.24
2024-01-06 12:00:00,2,148.69,450.45,92.27,40.3
2024-01-06 13:00:00,2,164.47,411.9,68.08,56.0
2024-01-06 14:00:00,2,196.07,582.27,95.27,28.64
2024-01-06 15:00:00,2,152.79,446.9,107.9,26.29
2024-01-06 16:00:00,2,184.41,427.63,102.06,32.77
2024-01-06 17:00:00,2,161.76,451.19,103.4,42.29
2024-01-06 18:00:00,2,178.66,339.5,117.09,45.12
2024-01-06 19:00:00,2,187.87,407.97,104.8,43.61
2024-01-06 20:00:00,2,182.29,504.14,110.6,50.4
2024-01-06 21:00:00,2,185.54,415.94,88.13,25.02
2024-01-06 22:00:00,2,152.16,405.57,86.7,51.61
2024-01-06 23:00:00,2,190.26,523.9,123.19,39.13
2024-01-07 00:00:00,2,158.59,526.37,103.99,49.09
2024-01-07 01:00:00,2,177.72,481.87,95.21,31.79
2024-01-07 02:00:00,2,178.42,429.13,95.95,44.2
2024-01-07 03:00:00,2,182.78,441.61,96.21,46.86
2024-01-07 04:00:00,2,180.81,411.03,95.9,55.43
2024-01-07 05:00:00,2,161.63,400.84,88.62,31.6
2024-01-07 06:00:00,2,153.38,398.21,85.85,45.93
2024-01-07 07:00:00,2,189.95,421.56,102.98,36.0
2024-01-07 08:00:00,2,178.32,398.35,97.43,49.7
2024-01-07 09:00:00,2,193.74,368.77,119.39,51.62
2024-01-07 10:00:00,2,173.42,466.22,108.03,55.48
2024-01-07 11:00:00,2,150.25,466.34,106.94,38.73
2024-01-07 12:00:00,2,188.6,546.2,92.85,50.82
2024-01-07 13:00:00,2,165.77,415.12,100.28,53.86
2024-01-07 14:00:00,2,176.8,467.44,105.92,26.7
2024-01-07 15:00:00,2,159.85,467.73,109.99,45.92
2024-01-07 16:00:00,2,197.19,436.1,98.82,48.49
2024-01-07 17:00:00,2,155.3,490.7,114.0,37.48
2024-01-07 18:00:00,2,164.09,492.29,99.76,29.0
2024-01-07 19:00:00,2,171.53,467.77,110.22,48.06
2024-01-07 20:00:00,2,152.04,436.0,93.59,29.5
2024-01-07 21:00:00,2,175.99,430.87,76.61,38.97
2024-01-07 22:00:00,2,197.75,375.93,104.7,40.8
2024-01-07 23:00:00,2,163.79,407.56,111.45,48.18
2024-01-08 00:00:00,2,179.18,418.45,110.25,37.14
2024-01-08 01:00:00,2,128.07,391.61,109.01,37.41
2024-01-08 02:00:00,2,173.51,478.35,99.56,45.03
2024-01-08 03:00:00,2,169.61,520.59,94.13,53.63
2024-01-08 04:00:00,2,161.75,405.31,112.54,65.38
2024-01-08 05:00:00,2,193.4,471.14,111.18,32.29
2024-01-08 06:00:00,2,170.27,398.78,98.25,48.43
2024-01-08 07:00:00,2,172.63,438.78,120.2,35.99
2024-01-08 08:00:00,2,169.03,417.29,93.6,54.22
2024-01-08 09:00:00,2,143.15,487.88,97.08,36.52
2024-01-08 10:00:00,2,155.48,416.82,125.76,38.22
2024-01-08 11:00:00,2,189.29,509.07,114.9,38.25
2024-01-08 12:00:00,2,137.84,439.14,97.93,41.99
2024-01-08 13:00:00,2,159.24,416.15,105.67,44.72
2024-01-08 14:00:00,2,164.56,382.23,103.2,45.41
2024-01-08 15:00:00,2,199.31,464.46,64.29,40.48
2024-01-08 16:00:00,2,182.74,499.3,88.09,28.36
2024-01-08 17:00:00,2,160.57,464.79,99.09,46.16
2024-01-08 18:00:00,2,191.18,572.79,94.95,39.19
2024-01-08 19:00:00,2,157.54,528.4,103.02,49.98
2024-01-08 20:00:00,2,186.71,433.14,114.97,33.83
2024-01-08 21:00:00,2,148.11,433.04,96.29,26.44
2024-01-08 22:00:00,2,188.87,476.99,87.2,40.86
2024-01-08 23:00:00,2,165.18,405.79,106.17,53.28
2024-01-09 00:00:00,2,155.69,516.8,98.35,44.07
2024-01-09 01:00:00,2,169.85,473.32,101.37,41.68
2024-01-09 02:00:00,2,178.73,468.26,100.31,36.5
2024-01-09 03:00:00,2,166.61,492.56,134.37,60.25
2024-01-09 04:00:00,2,184.4,550.01,75.68,36.19
2024-01-09 05:00:00,2,165.94,464.96,100.43,39.17
2024-01-09 06:00:00,2,185.89,449.44,105.61,50.67
2024-01-09 07:00:00,2,182.85,538.53,95.24,29.22
2024-01-09 08:00:00,2,174.25,508.47,117.13,56.47
2024-01-09 09:00:00,2,167.5,437.12,115.51,50.27
2024-01-09 10:00:00,2,176.66,454.44,103.53,52.07
2024-01-09 11:00:00,2,182.51,464.18,99.86,48.34
2024-01-09 12:00:00,2,206.68,472.56,101.18,41.24
2024-01-09 13:00:00,2,187.38,377.27,100.5,32.52
2024-01-09 14:00:00,2,187.26,366.32,100.12,39.92
2024-01-09 15:00:00,2,221.5,401.73,98.05,31.95
2024-01-09 16:00:00,2,178.57,397.0,103.39,44.34
2024-01-09 17:00:00,2,177.76,414.35,109.7,46.86
2024-01-09 18:00:00,2,181.27,484.57,83.42,52.65
2024-01-09 19:00:00,2,153.11,440.47,85.89,43.03
2024-01-09 20:00:00,2,162.73,460.86,76.98,48.2
2024-01-09 21:00:00,2,162.18,383.2,111.97,37.92
2024-01-09 22:00:00,2,181.84,425.77,104.46,36.95
2024-01-09 23:00:00,2,169.01,484.18,108.55,46.05
2024-01-10 00:00:00,2,174.94,485.38,83.79,39.26
2024-01-10 01:00:00,2,191.38,413.58,126.99,45.8
2024-01-10 02:00:00,2,188.4,463.05,96.12,34.82
2024-01-10 03:00:00,2,172.11,575.71,107.0,37.02
2024-01-10 04:00:00,2,164.2,454.29,116.53,50.85
2024-01-10 05:00:00,2,194.29,417.43,92.53,53.36
2024-01-10 06:00:00,2,188.43,446.1,98.45,36.98
2024-01-10 07:00:00,2,149.05,460.62,107.92,51.46
2024-01-10 08:00:00,2,170.09,446.94,142.97,40.57
2024-01-10 09:00:00,2,177.51,453.05,108.75,44.92
2024-01-10 10:00:00,2,187.01,374.77,125.36,56.63
2024-01-10 11:00:00,2,188.45,400.49,119.35,50.54
2024-01-10 12:00:00,2,177.34,444.44,107.51,49.66
2024-01-10 13:00:00,2,181.54,442.79,88.82,58.68
2024-01-10 14:00:00,2,172.22,420.02,115.15,34.96
2024-01-10 15:00:00,2,159.42,440.8,80.76,31.86
2024-01-10 16:00:00,2,165.75,453.41,121.19,33.7
2024-01-10 17:00:00,2,170.07,498.68,102.4,37.52
2024-01-10 18:00:00,2,169.08,444.2,64.67,18.94
2024-01-10 19:00:00,2,138.65,471.71,95.26,37.93
2024-01-10 20:00:00,2,163.5,420.27,108.69,35.27
2024-01-10 21:00:00,2,171.46,482.0,97.41,47.43
2024-01-10 22:00:00,2,166.51,471.82,110.6,44.26
2024-01-10 23:00:00,2,167.81,499.5,90.66,36.59
2024-01-11 00:00:00,2,180.71,491.9,85.42,47.85
2024-01-11 01:00:00,2,155.63,485.81,102.49,49.8
2024-01-11 02:00:00,2,147.29,448.74,104.57,37.39
2024-01-11 03:00:00,2,169.03,468.25,100.18,40.44
2024-01-11 04:00:00,2,187.86,513.75,121.46,25.67
2024-01-11 05:00:00,2,203.4,419.69,94.33,35.96
2024-01-11 06:00:00,2,188.56,421.09,109.79,39.12
2024-01-11 07:00:00,2,151.33,465.53,106.45,46.21
2024-01-11 08:00:00,2,171.42,478.1,84.71,36.94
2024-01-11 09:00:00,2,179.01,409.45,87.37,40.26
2024-01-11 10:00:00,2,177.09,450.05,104.31,33.37
2024-01-11 11:00:00,2,182.33,448.26,129.59,44.94
2024-01-11 12:00:00,2,157.53,330.82,110.3,46.4
2024-01-11 13:00:00,2,172.95,439.8,79.1,45.42
2024-01-11 14:00:00,2,178.09,442.5,60.1,41.27
2024-01-11 15:00:00,2,184.16,441.72,110.21,26.97
2024-01-11 16:00:00,2,156.76,527.93,98.79,34.6
2024-01-11 17:00:00,2,164.06,382.89,114.82,36.17
2024-01-11 18:00:00,2,125.04,404.3,88.03,36.11
2024-01-11 19:00:00,2,159.51,306.09,104.38,40.42
2024-01-11 20:00:00,2,161.41,423.61,111.23,52.6
2024-01-11 21:00:00,2,153.71,428.78,94.63,47.68
2024-01-11 22:00:00,2,173.89,423.11,95.53,32.47
2024-01-11 23:00:00,2,170.96,512.8,102.21,47.85
2024-01-12 00:00:00,2,135.38,499.99,109.82,48.29
2024-01-12 01:00:00,2,176.99,457.72,103.24,36.34
2024-01-12 02:00:00,2,158.84,433.77,117.01,51.63
2024-01-12 03:00:00,2,182.79,511.22,98.68,43.37
2024-01-12 04:00:00,2,154.1,454.17,87.72,32.85
2024-01-12 05:00:00,2,176.05,410.55,131.65,49.56
2024-01-12 06:00:00,2,170.98,361.26,97.68,47.57
2024-01-12 07:00:00,2,180.56,431.28,98.05,43.55
2024-01-12 08:00:00,2,177.31,496.76,104.39,44.93
2024-01-12 09:00:00,2,170.57,579.99,105.67,38.45
2024-01-12 10:00:00,2,148.81,457.55,99.05,49.53
2024-01-12 11:00:00,2,149.06,411.34,103.2,43.05
2024-01-12 12:00:00,2,163.02,387.48,102.13,44.12
2024-01-12 13:00:00,2,171.74,482.24,104.19,45.02
2024-01-12 14:00:00,2,161.12,354.1,70.04,31.0
2024-01-12 15:00:00,2,180.85,480.8,125.36,32.67
2024-01-12 16:00:00,2,165.45,495.03,98.11,20.61
2024-01-12 17:00:00,2,153.84,473.75,107.42,44.73
2024-01-12 18:00:00,2,165.07,437.58,81.47,28.99
2024-01-12 19:00:00,2,173.49,480.83,93.54,40.93
2024-01-12 20:00:00,2,175.42,459.46,91.18,43.32
2024-01-12 21:00:00,2,201.53,407.74,119.94,45.84
2024-01-12 22:00:00,2,160.12,552.93,93.42,30.56
2024-01-12 23:00:00,2,170.67,432.54,111.89,41.31
2024-01-13 00:00:00,2,179.69,495.32,94.07,57.36
2024-01-13 01:00:00,2,173.05,320.41,97.46,58.52
2024-01-13 02:00:00,2,165.9,524.36,100.92,52.85
2024-01-13 03:00:00,2,149.22,535.56,121.73,47.75
2024-01-13 04:00:00,2,166.83,456.9,80.31,36.41
2024-01-13 05:00:00,2,157.84,486.29,88.19,51.88
2024-01-13 06:00:00,2,147.17,486.38,79.95,44.27
2024-01-13 07:00:00,2,162.43,420.2,91.2,50.49
2024-01-13 08:00:00,2,157.98,485.35,94.54,39.69
2024-01-13 09:00:00,2,184.41,410.3,83.47,43.26
2024-01-13 10:00:00,2,184.07,420.68,94.47,45.6
2024-01-13 11:00:00,2,158.52,515.42,76.84,45.6
2024-01-13 12:00:00,2,168.36,506.26,89.22,47.0
2024-01-13 13:00:00,2,141.22,413.03,117.73,36.78
2024-01-13 14:00:00,2,163.0,410.81,106.48,29.34
2024-01-13 15:00:00,2,177.12,415.03,103.01,54.83
2024-01-13 16:00:00,2,183.67,490.35,86.82,61.96
2024-01-13 17:00:00,2,157.99,394.76,79.48,43.7
2024-01-13 18:00:00,2,187.01,469.28,84.62,28.01
2024-01-13 19:00:00,2,144.75,490.84,99.19,32.96
2024-01-13 20:00:00,2,149.47,445.21,111.52,44.54
2024-01-13 21:00:00,2,182.25,506.09,112.45,52.34
2024-01-13 22:00:00,2,198.73,434.42,109.48,30.48
2024-01-13 23:00:00,2,180.02,440.12,92.14,40.79
2024-01-14 00:00:00,2,171.99,398.91,102.98,44.38
2024-01-14 01:00:00,2,137.21,509.38,99.19,51.04
2024-01-14 02:00:00,2,140.79,412.0,101.5,41.13
2024-01-14 03:00:00,2,176.91,474.02,131.67,31.02
2024-01-14 04:00:00,2,169.35,451.33,82.0,50.72
2024-01-14 05:00:00,2,157.31,397.65,102.46,55.45
2024-01-14 06:00:00,2,176.74,422.16,121.65,44.93
2024-01-14 07:00:00,2,177.45,531.61,86.2,49.12
2024-01-14 08:00:00,2,190.84,466.35,96.76,41.08
2024-01-14 09:00:00,2,177.03,399.28,97.79,37.34
2024-01-14 10:00:00,2,194.43,470.95,101.21,53.19
2024-01-14 11:00:00,2,173.57,445.4,82.37,46.84
2024-01-14 12:00:00,2,170.75,642.63,110.51,46.97
2024-01-14 13:00:00,2,189.44,467.56,110.68,55.1
2024-01-14 14:00:00,2,155.01,430.22,107.87,31.87
2024-01-14 15:00:00,2,216.97,528.64,89.05,35.68
2024-01-14 16:00:00,2,176.25,348.8,101.2,41.45
2024-01-14 17:00:00,2,176.04,454.95,87.89,34.79
2024-01-14 18:00:00,2,178.32,559.35,95.27,46.55
2024-01-14 19:00:00,2,200.73,443.37,128.18,38.11
2024-01-14 20:00:00,2,183.14,354.73,101.32,31.32
2024-01-14 21:00:00,2,144.05,428.76,84.86,41.11
2024-01-14 22:00:00,2,194.31,531.16,103.54,42.66
2024-01-14 23:00:00,2,166.26,472.56,84.04,50.11
2024-01-15 00:00:00,2,174.43,406.52,86.83,46.12
2024-01-15 01:00:00,2,152.33,415.75,89.69,47.49
2024-01-15 02:00:00,2,182.84,423.37,98.29,46.98
2024-01-15 03:00:00,2,164.03,474.64,117.15,43.12
2024-01-15 04:00:00,2,176.91,528.86,112.89,38.95
2024-01-15 05:00:00,2,170.87,513.44,112.46,48.1
2024-01-15 06:00:00,2,207.42,480.74,91.15,42.73
2024-01-15 07:00:00,2,208.26,382.31,98.41,60.43
2024-01-15 08:00:00,2,176.02,382.22,108.85,57.07
2024-01-15 09:00:00,2,175.83,484.11,96.48,50.35
2024-01-15 10:00:00,2,168.0,380.16,100.48,47.49
2024-01-15 11:00:00,2,191.68,441.03,109.26,42.66
2024-01-15 12:00:00,2,167.23,469.39,98.05,31.56
2024-01-15 13:00:00,2,164.93,389.31,104.86,39.98
2024-01-15 14:00:00,2,187.3,394.82,122.18,42.05
2024-01-15 15:00:00,2,161.65,445.36,98.27,42.55
2024-01-15 16:00:00,2,169.44,477.76,115.63,44.19
2024-01-15 17:00:00,2,143.67,508.14,107.14,47.87
2024-01-15 18:00:00,2,181.28,483.04,80.29,33.57
2024-01-15 19:00:00,2,201.78,453.81,85.21,33.75
2024-01-15 20:00:00,2,181.96,409.02,89.06,52.83
2024-01-15 21:00:00,2,194.66,391.64,89.25,47.32
2024-01-15 22:00:00,2,157.2,423.06,99.97,37.72
2024-01-15 23:00:00,2,175.78,474.43,109.99,40.94
2024-01-16 00:00:00,2,157.09,471.17,119.23,41.75
2024-01-16 01:00:00,2,169.68,337.94,107.5,43.71
2024-01-16 02:00:00,2,186.9,410.94,98.27,48.32
2024-01-16 03:00:00,2,176.46,521.03,77.29,67.09
2024-01-16 04:00:00,2,151.95,459.61,106.19,46.92
2024-01-16 05:00:00,2,153.86,377.62,105.89,51.39
2024-01-16 06:00:00,2,152.87,585.23,108.07,30.82
2024-01-16 07:00:00,2,183.66,453.96,133.36,41.29
2024-01-16 08:00:00,2,209.31,476.39,121.63,56.07
2024-01-16 09:00:00,2,197.26,476.75,115.14,48.32
2024-01-16 10:00:00,2,142.87,433.94,91.46,10.0
2024-01-16 11:00:00,2,196.88,413.42,96.66,49.36
2024-01-16 12:00:00,2,188.11,569.35,101.41,59.54
2024-01-16 13:00:00,2,146.38,507.06,91.65,24.32
2024-01-16 14:00:00,2,166.15,496.36,107.76,54.53
2024-01-16 15:00:00,2,188.61,482.23,105.25,16.14
2024-01-16 16:00:00,2,179.14,394.88,85.69,48.31
2024-01-16 17:00:00,2,148.16,520.02,115.56,39.68
2024-01-16 18:00:00,2,179.73,403.28,101.01,18.98
2024-01-16 19:00:00,2,134.49,465.34,76.94,43.69
2024-01-16 20:00:00,2,166.38,359.89,99.38,50.19
2024-01-16 21:00:00,2,189.31,338.29,104.25,43.74
2024-01-16 22:00:00,2,171.46,468.66,114.0,46.3
2024-01-16 23:00:00,2,163.65,407.38,97.43,38.26
2024-01-17 00:00:00,2,187.33,343.25,113.59,26.28
2024-01-17 01:00:00,2,189.52,483.17,105.9,49.52
2024-01-17 02:00:00,2,195.77,570.76,86.8,59.55
2024-01-17 03:00:00,2,189.2,531.2,86.1,54.72
2024-01-17 04:00:00,2,193.1,441.1,120.07,27.76
2024-01-17 05:00:00,2,187.65,456.04,121.34,32.22
2024-01-17 06:00:00,2,180.04,504.48,109.92,38.21
2024-01-17 07:00:00,2,177.03,517.27,125.3,31.54
2024-01-17 08:00:00,2,171.34,436.36,119.2,45.64
2024-01-17 09:00:00,2,154.77,456.66,113.8,48.24
2024-01-17 10:00:00,2,158.39,470.69,92.13,31.57
2024-01-17 11:00:00,2,168.78,483.9,126.29,50.27
2024-01-17 12:00:00,2,176.64,445.34,109.74,47.95
2024-01-17 13:00:00,2,195.65,445.28,96.79,37.06
2024-01-17 14:00:00,2,170.47,527.05,92.34,39.64
2024-01-17 15:00:00,2,187.09,517.06,103.93,23.38
2024-01-17 16:00:00,2,187.87,476.32,78.0,37.13
2024-01-17 17:00:00,2,165.94,544.31,108.99,39.82
2024-01-17 18:00:00,2,179.47,428.4,87.07,41.14
2024-01-17 19:00:00,2,165.74,539.02,104.65,43.09
2024-01-17 20:00:00,2,191.87,479.9,93.17,42.21
2024-01-17 21:00:00,2,181.03,630.44,97.05,38.21
2024-01-17 22:00:00,2,151.51,385.57,91.17,43.68
2024-01-17 23:00:00,2,174.55,413.97,99.75,50.7
2024-01-18 00:00:00,2,199.85,475.69,127.6,41.82
2024-01-18 01:00:00,2,170.44,475.28,121.72,46.23
2024-01-18 02:00:00,2,181.54,561.41,108.84,42.52
2024-01-18 03:00:00,2,183.79,418.02,104.44,39.09
2024-01-18 04:00:00,2,158.15,505.03,116.4,49.86
2024-01-18 05:00:00,2,183.98,519.49,120.47,40.67
2024-01-18 06:00:00,2,152.66,494.41,94.7,49.06
2024-01-18 07:00:00,2,165.23,402.7,104.53,45.8
2024-01-18 08:00:00,2,193.0,532.68,81.21,42.58
2024-01-18 09:00:00,2,180.66,522.39,119.6,41.89
2024-01-18 10:00:00,2,169.13,487.13,131.42,39.69
2024-01-18 11:00:00,2,180.8,464.67,104.49,28.95
2024-01-18 12:00:00,2,171.67,465.09,74.61,46.03
2024-01-18 13:00:00,2,172.09,447.55,109.92,43.92
2024-01-18 14:00:00,2,181.99,486.4,89.22,48.63
2024-01-18 15:00:00,2,158.53,452.25,91.78,35.86
2024-01-18 16:00:00,2,170.72,403.39,108.33,56.74
2024-01-18 17:00:00,2,164.61,392.09,103.12,36.42
2024-01-18 18:00:00,2,143.49,408.29,93.21,31.96
2024-01-18 19:00:00,2,154.57,461.98,91.18,31.01
2024-01-18 20:00:00,2,195.93,448.58,101.72,24.8
2024-01-18 21:00:00,2,176.88,462.38,95.13,54.02
2024-01-18 22:00:00,2,149.32,478.7,86.52,53.22
2024-01-18 23:00:00,2,146.46,417.38,97.49,47.17
2024-01-19 00:00:00,2,170.81,533.27,107.14,34.77
2024-01-19 01:00:00,2,199.19,438.71,101.08,59.37
2024-01-19 02:00:00,2,171.08,430.32,85.5,41.06
2024-01-19 03:00:00,2,196.34,481.31,117.83,42.41
2024-01-19 04:00:00,2,181.06,354.25,69.1,57.9
2024-01-19 05:00:00,2,183.33,412.08,99.66,51.35
2024-01-19 06:00:00,2,153.62,509.62,97.47,65.03
2024-01-19 07:00:00,2,191.02,360.0,107.51,47.74
2024-01-19 08:00:00,2,169.73,516.72,112.67,41.76
2024-01-19 09:00:00,2,189.02,537.89,119.65,39.39
2024-01-19 10:00:00,2,160.72,433.84,94.75,27.9
2024-01-19 11:00:00,2,176.35,469.48,111.18,40.98
2024-01-19 12:00:00,2,178.47,514.21,105.24,52.73
2024-01-19 13:00:00,2,169.34,426.21,79.29,47.15
2024-01-19 14:00:00,2,177.83,498.88,126.24,41.34
2024-01-19 15:00:00,2,166.14,413.62,81.54,31.78
2024-01-19 16:00:00,2,159.35,423.79,105.6,42.06
2024-01-19 17:00:00,2,196.25,405.8,104.91,48.67
2024-01-19 18:00:00,2,186.96,468.5,103.3,43.45
2024-01-19 19:00:00,2,157.2,513.45,93.23,41.23
2024-01-19 20:00:00,2,179.44,439.93,110.98,33.05
2024-01-19 21:00:00,2,158.28,380.62,79.94,48.17
2024-01-19 22:00:00,2,151.61,391.61,100.29,13.6
2024-01-19 23:00:00,2,188.94,473.58,94.44,45.25
2024-01-20 00:00:00,2,144.54,554.08,93.72,65.28
2024-01-20 01:00:00,2,188.73,475.09,109.09,30.16
2024-01-20 02:00:00,2,169.99,432.88,118.38,42.03
2024-01-20 03:00:00,2,171.29,496.92,100.25,44.71
2024-01-20 04:00:00,2,182.02,442.08,115.56,41.18
2024-01-20 05:00:00,2,185.14,434.75,106.21,54.67
2024-01-20 06:00:00,2,162.02,402.94,93.87,49.81
2024-01-20 07:00:00,2,187.4,533.02,102.15,46.89
2024-01-20 08:00:00,2,177.13,315.6,101.3,52.27
2024-01-20 09:00:00,2,154.05,498.66,95.58,44.93
2024-01-20 10:00:00,2,171.35,428.65,109.81,72.14
2024-01-20 11:00:00,2,196.22,430.86,106.53,44.77
2024-01-20 12:00:00,2,200.32,545.73,81.66,44.38
2024-01-20 13:00:00,2,183.72,412.6,80.08,26.83
2024-01-20 14:00:00,2,151.52,413.75,106.76,36.37
2024-01-20 15:00:00,2,178.63,443.36,89.77,50.63
2024-01-20 16:00:00,2,184.1,472.82,104.05,28.31
2024-01-20 17:00:00,2,181.73,425.46,110.07,20.77
2024-01-20 18:00:00,2,182.61,363.09,82.88,39.94
2024-01-20 19:00:00,2,175.75,402.15,81.13,51.82
2024-01-20 20:00:00,2,168.86,520.53,122.16,40.43
2024-01-20 21:00:00,2,160.5,454.65,105.18,37.58
2024-01-20 22:00:00,2,139.84,475.97,95.62,24.8
2024-01-20 23:00:00,2,177.48,437.5,89.55,45.86
2024-01-21 00:00:00,2,175.73,416.38,95.92,48.48
2024-01-21 01:00:00,2,182.63,545.7,87.72,27.75
2024-01-21 02:00:00,2,152.09,443.81,115.82,54.14
2024-01-21 03:00:00,2,185.42,430.39,94.53,51.52
2024-01-21 04:00:00,2,209.16,515.54,119.69,55.22
2024-01-21 05:00:00,2,176.85,415.82,100.27,50.69
2024-01-21 06:00:00,2,174.64,422.95,91.88,51.41
2024-01-21 07:00:00,2,180.65,456.12,99.93,50.14
2024-01-21 08:00:00,2,208.79,455.27,70.62,52.9
2024-01-21 09:00:00,2,157.89,469.06,103.18,28.77
2024-01-21 10:00:00,2,177.51,569.2,101.91,30.95
2024-01-21 11:00:00,2,160.24,471.93,114.32,36.96
2024-01-21 12:00:00,2,163.63,321.86,77.76,41.51
2024-01-21 13:00:00,2,171.06,469.83,117.22,45.3
2024-01-21 14:00:00,2,193.39,453.24,111.99,44.01
2024-01-21 15:00:00,2,200.25,452.93,117.06,50.37
2024-01-21 16:00:00,2,177.45,463.59,99.36,50.17
2024-01-21 17:00:00,2,163.55,448.18,113.14,32.08
2024-01-21 18:00:00,2,210.79,446.76,80.24,41.76
2024-01-21 19:00:00,2,162.7,483.48,109.17,32.3
2024-01-21 20:00:00,2,160.64,420.24,89.88,38.4
2024-01-21 21:00:00,2,141.25,398.41,78.74,43.37
2024-01-21 22:00:00,2,194.19,617.46,86.32,11.16
2024-01-21 23:00:00,2,187.86,412.51,101.95,63.1
2024-01-22 00:00:00,2,212.55,458.16,91.78,47.64
2024-01-22 01:00:00,2,150.51,371.17,108.4,38.19
2024-01-22 02:00:00,2,198.22,460.56,80.29,61.12
2024-01-22 03:00:00,2,175.94,403.45,76.7,41.72
2024-01-22 04:00:00,2,188.56,430.92,123.37,46.42
2024-01-22 05:00:00,2,148.37,513.03,117.48,41.27
2024-01-22 06:00:00,2,199.88,481.62,91.81,60.19
2024-01-22 07:00:00,2,188.53,486.82,105.52,44.63
2024-01-22 08:00:00,2,174.61,357.84,118.71,46.57
2024-01-22 09:00:00,2,185.42,555.81,110.31,55.37
2024-01-22 10:00:00,2,161.53,388.6,106.11,49.31
2024-01-22 11:00:00,2,163.87,537.5,117.89,42.96
2024-01-22 12:00:00,2,165.01,508.84,93.01,52.43
2024-01-22 13:00:00,2,141.31,483.63,102.29,64.22
2024-01-22 14:00:00,2,185.38,404.13,100.92,43.95
2024-01-22 15:00:00,2,190.2,458.87,96.94,41.56
2024-01-22 16:00:00,2,158.49,424.16,94.91,41.56
2024-01-22 17:00:00,2,175.5,451.36,100.72,51.29
2024-01-22 18:00:00,2,165.28,435.91,100.11,34.38
2024-01-22 19:00:00,2,175.18,337.64,85.92,37.31
2024-01-22 20:00:00,2,159.7,511.76,110.64,26.53
2024-01-22 21:00:00,2,155.96,446.07,87.65,30.12
2024-01-22 22:00:00,2,188.52,424.49,98.28,36.6
2024-01-22 23:00:00,2,170.83,421.06,97.98,41.39
2024-01-23 00:00:00,2,206.02,472.37,107.38,58.22
2024-01-23 01:00:00,2,174.2,404.28,75.46,48.15
2024-01-23 02:00:00,2,158.88,330.12,115.92,36.13
2024-01-23 03:00:00,2,195.02,477.17,95.84,38.37
2024-01-23 04:00:00,2,185.66,483.81,121.36,57.35
2024-01-23 05:00:00,2,187.55,444.57,99.24,55.47
2024-01-23 06:00:00,2,195.3,392.52,105.01,45.9
2024-01-23 07:00:00,2,164.78,460.45,130.82,41.66
2024-01-23 08:00:00,2,173.16,374.71,101.59,55.15
2024-01-23 09:00:00,2,171.95,398.28,121.13,36.04
2024-01-23 10:00:00,2,152.86,412.87,104.67,47.61
2024-01-23 11:00:00,2,169.08,499.85,108.92,63.43
2024-01-23 12:00:00,2,194.71,432.71,103.58,44.46
2024-01-23 13:00:00,2,175.8,427.25,113.07,35.06
2024-01-23 14:00:00,2,148.95,558.67,92.11,44.77
2024-01-23 15:00:00,2,144.86,469.92,87.55,36.4
2024-01-23 16:00:00,2,197.53,468.7,91.63,27.79
2024-01-23 17:00:00,2,168.27,429.43,101.08,45.93
2024-01-23 18:00:00,2,158.97,416.86,96.74,49.49
2024-01-23 19:00:00,2,165.24,329.51,109.13,37.02
2024-01-23 20:00:00,2,145.68,503.34,117.28,36.74
2024-01-23 21:00:00,2,194.02,475.19,87.65,32.07
2024-01-23 22:00:00,2,164.67,441.3,91.47,39.84
2024-01-23 23:00:00,2,194.44,444.33,82.92,36.93
2024-01-24 00:00:00,2,173.51,493.14,129.46,33.76
2024-01-24 01:00:00,2,197.02,367.92,107.46,60.08
2024-01-24 02:00:00,2,178.39,421.71,110.49,48.26
2024-01-24 03:00:00,2,188.86,392.28,87.09,49.82
2024-01-24 04:00:00,2,187.12,552.69,105.24,53.03
2024-01-24 05:00:00,2,185.84,503.72,112.28,52.34
2024-01-24 06:00:00,2,181.4,334.51,102.32,42.02
2024-01-24 07:00:00,2,171.71,372.3,119.75,47.95
2024-01-24 08:00:00,2,206.86,447.98,135.77,42.89
2024-01-24 09:00:00,2,159.81,428.79,92.28,48.64
2024-01-24 10:00:00,2,174.23,381.32,90.67,47.16
2024-01-24 11:00:00,2,173.68,560.4,91.85,40.07
2024-01-24 12:00:00,2,179.3,469.85,123.86,30.96
2024-01-24 13:00:00,2,164.79,478.0,115.64,43.17
2024-01-24 14:00:00,2,176.35,413.1,99.37,39.36
2024-01-24 15:00:00,2,167.75,490.26,101.02,23.9
2024-01-24 16:00:00,2,143.96,429.14,89.28,44.53
2024-01-24 17:00:00,2,169.92,434.18,111.51,48.25
2024-01-24 18:00:00,2,151.5,483.26,94.64,61.91
2024-01-24 19:00:00,2,141.14,360.16,96.33,36.32
2024-01-24 20:00:00,2,172.32,537.9,108.09,35.32
2024-01-24 21:00:00,2,178.59,460.57,98.05,30.77
2024-01-24 22:00:00,2,179.85,521.61,98.06,42.99
2024-01-24 23:00:00,2,181.24,392.73,102.02,43.66
2024-01-25 00:00:00,2,140.77,401.88,113.16,35.52
2024-01-25 01:00:00,2,150.98,389.53,125.17,41.89
2024-01-25 02:00:00,2,206.72,467.92,111.89,26.74
2024-01-25 03:00:00,2,157.5,458.41,115.38,52.93
2024-01-25 04:00:00,2,185.33,429.71,102.62,38.47
2024-01-25 05:00:00,2,164.22,399.78,96.21,45.25
2024-01-25 06:00:00,2,176.97,385.99,114.29,33.1
2024-01-25 07:00:00,2,165.11,452.89,107.82,40.43
2024-01-25 08:00:00,2,184.52,429.65,86.48,42.79
2024-01-25 09:00:00,2,177.04,417.07,100.45,44.68
2024-01-25 10:00:00,2,166.76,539.25,103.06,48.38
2024-01-25 11:00:00,2,156.11,448.91,96.7,56.1
2024-01-25 12:00:00,2,177.08,522.51,122.22,49.1
2024-01-25 13:00:00,2,151.87,422.55,108.21,50.35
2024-01-25 14:00:00,2,178.21,464.62,119.28,53.88
2024-01-25 15:00:00,2,213.87,447.48,104.01,45.55
2024-01-25 16:00:00,2,192.34,356.69,101.13,39.74
2024-01-25 17:00:00,2,181.61,528.32,87.4,48.64
2024-01-25 18:00:00,2,168.24,442.22,99.81,49.1
2024-01-25 19:00:00,2,137.77,490.81,99.93,45.47
2024-01-25 20:00:00,2,148.24,408.7,82.01,27.26
2024-01-25 21:00:00,2,191.7,441.47,93.41,33.13
2024-01-25 22:00:00,2,158.13,403.48,96.89,38.74
2024-01-25 23:00:00,2,160.34,519.86,107.34,48.74
2024-01-26 00:00:00,2,169.92,469.78,108.75,42.47
2024-01-26 01:00:00,2,155.91,473.62,95.76,53.44
2024-01-26 02:00:00,2,153.92,528.86,110.35,55.73
2024-01-26 03:00:00,2,173.95,518.38,102.37,55.33
2024-01-26 04:00:00,2,160.54,497.35,67.38,55.86
2024-01-26 05:00:00,2,163.33,377.36,99.16,36.43
2024-01-26 06:00:00,2,162.77,417.39,119.9,49.9
2024-01-26 07:00:00,2,184.17,400.34,83.35,40.21
2024-01-26 08:00:00,2,171.42,495.27,106.74,30.74
2024-01-26 09:00:00,2,171.83,464.16,125.7,42.25
2024-01-26 10:00:00,2,184.01,377.68,94.12,55.81
2024-01-26 11:00:00,2,171.09,443.05,103.46,47.49
2024-01-26 12:00:00,2,168.07,370.48,85.44,60.41
2024-01-26 13:00:00,2,179.64,448.96,123.36,43.44
2024-01-26 14:00:00,2,182.18,360.11,100.06,62.7
2024-01-26 15:00:00,2,168.11,479.62,101.15,42.1
2024-01-26 16:00:00,2,171.39,470.85,117.94,40.26
2024-01-26 17:00:00,2,156.86,554.7,108.49,28.5
2024-01-26 18:00:00,2,155.46,496.29,88.1,49.43
2024-01-26 19:00:00,2,182.45,426.5,91.22,35.34
2024-01-26 20:00:00,2,177.4,495.05,106.59,34.36
2024-01-26 21:00:00,2,178.05,373.66,92.3,51.81
2024-01-26 22:00:00,2,175.79,398.22,73.21,51.35
2024-01-26 23:00:00,2,172.64,470.2,101.18,51.84
2024-01-27 00:00:00,2,184.15,333.95,83.12,39.47
2024-01-27 01:00:00,2,188.86,451.39,124.77,42.98
2024-01-27 02:00:00,2,189.19,398.04,106.49,43.63
2024-01-27 03:00:00,2,173.12,460.35,92.83,51.66
2024-01-27 04:00:00,2,198.14,395.98,96.03,58.93
2024-01-27 05:00:00,2,179.32,478.89,80.61,48.79
2024-01-27 06:00:00,2,186.09,456.72,91.14,63.04
2024-01-27 07:00:00,2,180.21,532.57,118.97,53.45
2024-01-27 08:00:00,2,179.33,455.63,134.71,43.19
2024-01-27 09:00:00,2,162.64,412.5,114.37,52.07
2024-01-27 10:00:00,2,185.73,440.58,102.94,59.17
2024-01-27 11:00:00,2,220.38,379.5,97.73,61.02
2024-01-27 12:00:00,2,166.47,474.99,90.03,53.1
2024-01-27 13:00:00,2,173.05,484.32,129.07,42.11
2024-01-27 14:00:00,2,163.79,586.96,98.67,39.25
2024-01-27 15:00:00,2,162.48,416.33,128.46,45.61
2024-01-27 16:00:00,2,195.54,435.33,118.45,54.79
2024-01-27 17:00:00,2,158.66,418.09,76.78,43.58
2024-01-27 18:00:00,2,161.83,461.32,90.87,43.66
2024-01-27 19:00:00,2,143.57,470.75,90.93,40.21
2024-01-27 20:00:00,2,157.56,447.12,99.0,37.17
2024-01-27 21:00:00,2,142.35,510.28,99.74,39.11
2024-01-27 22:00:00,2,181.58,417.22,140.71,42.35
2024-01-27 23:00:00,2,218.08,506.12,87.66,57.0
2024-01-28 00:00:00,2,166.61,482.27,105.68,40.55
2024-01-28 01:00:00,2,145.93,452.77,111.57,43.9
2024-01-28 02:00:00,2,189.01,436.84,104.14,36.54
2024-01-28 03:00:00,2,162.78,588.25,106.23,51.08
2024-01-28 04:00:00,2,196.69,410.32,91.46,57.28
2024-01-28 05:00:00,2,170.9,471.94,106.96,59.85
2024-01-28 06:00:00,2,165.23,414.39,112.41,47.45
2024-01-28 07:00:00,2,172.62,553.76,109.88,50.61
2024-01-28 08:00:00,2,187.76,504.03,112.78,43.9
2024-01-28 09:00:00,2,171.03,417.47,123.42,49.42
2024-01-28 10:00:00,2,165.96,482.35,116.52,46.92
2024-01-28 11:00:00,2,170.15,467.61,104.37,43.95
2024-01-28 12:00:00,2,151.67,424.24,87.19,43.87
2024-01-28 13:00:00,2,178.43,493.58,93.96,45.86
2024-01-28 14:00:00,2,141.68,472.57,98.26,38.57
2024-01-28 15:00:00,2,163.21,462.4,103.87,38.4
2024-01-28 16:00:00,2,182.59,447.75,93.74,55.08
2024-01-28 17:00:00,2,174.76,473.47,87.41,63.61
2024-01-28 18:00:00,2,179.4,462.27,83.97,29.06
2024-01-28 19:00:00,2,168.69,453.01,77.96,28.68
2024-01-28 20:00:00,2,189.36,414.8,96.96,31.64
2024-01-28 21:00:00,2,185.79,543.69,81.14,39.63
2024-01-28 22:00:00,2,178.52,393.38,87.95,49.04
2024-01-28 23:00:00,2,187.19,475.4,96.68,47.08
2024-01-29 00:00:00,2,185.04,435.04,85.02,44.17
2024-01-29 01:00:00,2,166.18,550.21,108.45,48.09
2024-01-29 02:00:00,2,151.98,404.47,113.93,38.07
2024-01-29 03:00:00,2,181.71,414.34,97.53,42.63
2024-01-29 04:00:00,2,184.27,401.92,99.49,45.08
2024-01-29 05:00:00,2,193.55,473.35,112.65,31.61
2024-01-29 06:00:00,2,160.21,380.14,96.23,35.44
2024-01-29 07:00:00,2,160.6,429.24,95.22,35.68
2024-01-29 08:00:00,2,182.84,336.87,121.05,51.98
2024-01-29 09:00:00,2,173.6,468.0,116.45,46.94
2024-01-29 10:00:00,2,143.04,426.65,112.1,49.53
2024-01-29 11:00:00,2,179.62,371.59,115.65,27.24
2024-01-29 12:00:00,2,142.09,512.37,76.56,29.6
2024-01-29 13:00:00,2,156.28,379.96,119.75,47.72
2024-01-29 14:00:00,2,193.46,494.99,106.33,16.7
2024-01-29 15:00:00,2,200.65,411.98,113.88,51.31
2024-01-29 16:00:00,2,150.0,538.15,105.17,24.01
2024-01-29 17:00:00,2,164.32,490.98,100.4,47.18
2024-01-29 18:00:00,2,170.36,394.21,96.02,31.84
2024-01-29 19:00:00,2,199.15,399.32,104.61,48.99
2024-01-29 20:00:00,2,161.93,483.36,95.94,68.29
2024-01-29 21:00:00,2,162.67,436.1,111.99,20.53
2024-01-29 22:00:00,2,196.71,441.84,80.22,47.28
2024-01-29 23:00:00,2,165.7,521.85,94.73,25.97
2024-01-30 00:00:00,2,184.57,411.48,129.65,46.41
2024-01-30 01:00:00,2,149.06,458.45,95.17,41.61
2024-01-30 02:00:00,2,171.33,506.66,101.01,45.3
2024-01-30 03:00:00,2,147.39,499.28,93.13,36.76
2024-01-30 04:00:00,2,157.84,446.48,109.69,52.12
2024-01-30 05:00:00,2,189.4,439.66,95.84,32.81
2024-01-30 06:00:00,2,174.83,360.02,103.21,56.58
2024-01-30 07:00:00,2,170.29,397.46,116.76,41.95
2024-01-30 08:00:00,2,162.9,472.76,96.03,32.91
2024-01-30 09:00:00,2,171.14,447.19,115.19,58.81
2024-01-30 10:00:00,2,179.13,458.28,115.01,43.56
2024-01-30 11:00:00,2,189.65,510.59,117.36,60.22
2024-01-30 12:00:00,2,129.34,387.35,104.51,53.4
2024-01-30 13:00:00,2,158.16,438.89,144.67,34.86
2024-01-30 14:00:00,2,173.78,461.54,115.08,40.41
2024-01-30 15:00:00,2,168.9,411.81,104.82,41.6
2024-01-30 16:00:00,2,176.71,528.79,88.5,53.49
2024-01-30 17:00:00,2,174.17,499.73,98.48,43.61
2024-01-30 18:00:00,2,164.63,465.61,118.48,41.21
2024-01-30 19:00:00,2,161.07,548.44,122.33,38.0
2024-01-30 20:00:00,2,166.01,367.62,119.57,39.61
2024-01-30 21:00:00,2,189.49,450.11,110.9,52.02
2024-01-30 22:00:00,2,159.08,471.31,84.58,41.19
2024-01-30 23:00:00,2,170.84,401.58,108.31,38.4
2024-01-01 00:00:00,3,159.94,431.39,95.08,42.78
2024-01-01 01:00:00,3,147.04,500.69,83.35,52.63
2024-01-01 02:00:00,3,158.27,408.16,103.14,45.27
2024-01-01 03:00:00,3,195.15,544.25,99.07,50.1
2024-01-01 04:00:00,3,168.14,380.25,108.55,45.57
2024-01-01 05:00:00,3,183.13,538.6,104.35,50.2
2024-01-01 06:00:00,3,131.9,397.23,104.54,30.8
2024-01-01 07:00:00,3,180.93,451.71,83.11,40.72
2024-01-01 08:00:00,3,168.87,425.12,107.82,41.13
2024-01-01 09:00:00,3,163.23,432.52,96.72,38.9
2024-01-01 10:00:00,3,173.29,493.44,98.22,44.19
2024-01-01 11:00:00,3,161.65,530.26,113.17,45.1
2024-01-01 12:00:00,3,134.62,512.86,89.59,42.24
2024-01-01 13:00:00,3,182.97,426.33,115.52,36.57
2024-01-01 14:00:00,3,171.29,457.27,116.0,31.04
2024-01-01 15:00:00,3,161.69,404.71,106.46,46.19
2024-01-01 16:00:00,3,150.69,392.98,83.62,39.28
2024-01-01 17:00:00,3,142.27,384.36,67.77,27.21
2024-01-01 18:00:00,3,169.48,422.35,109.79,34.21
2024-01-01 19:00:00,3,191.99,459.39,97.41,20.98
2024-01-01 20:00:00,3,169.55,343.51,86.66,36.58
2024-01-01 21:00:00,3,144.45,444.26,111.89,35.04
2024-01-01 22:00:00,3,171.0,528.86,86.26,32.43
2024-01-01 23:00:00,3,167.23,508.4,92.62,51.72
2024-01-02 00:00:00,3,182.8,417.42,105.64,28.93
2024-01-02 01:00:00,3,179.43,374.57,85.28,45.72
2024-01-02 02:00:00,3,122.22,475.09,98.96,59.18
2024-01-02 03:00:00,3,179.78,326.43,115.04,50.26
2024-01-02 04:00:00,3,155.29,511.14,104.19,41.2
2024-01-02 05:00:00,3,148.84,440.29,117.86,32.02
2024-01-02 06:00:00,3,168.83,550.3,116.49,30.16
2024-01-02 07:00:00,3,178.4,358.94,101.87,38.23
2024-01-02 08:00:00,3,145.01,500.82,71.33,35.56
2024-01-02 09:00:00,3,182.35,445.59,86.73,34.8
2024-01-02 10:00:00,3,182.68,432.58,110.22,37.56
2024-01-02 11:00:00,3,170.4,376.02,79.65,38.77
2024-01-02 12:00:00,3,154.88,480.89,94.66,43.04
2024-01-02 13:00:00,3,152.3,484.44,102.46,27.45
2024-01-02 14:00:00,3,183.91,543.32,116.33,31.5
2024-01-02 15:00:00,3,142.38,500.93,89.33,35.38
2024-01-02 16:00:00,3,183.44,414.35,87.97,34.59
2024-01-02 17:00:00,3,163.31,392.02,95.3,51.77
2024-01-02 18:00:00,3,164.33,372.31,100.4,37.87
2024-01-02 19:00:00,3,138.43,525.16,93.98,22.1
2024-01-02 20:00:00,3,163.91,404.45,109.81,39.87
2024-01-02 21:00:00,3,176.64,526.31,86.44,41.44
2024-01-02 22:00:00,3,145.82,475.59,98.92,36.29
2024-01-02 23:00:00,3,176.14,465.83,103.84,27.66
2024-01-03 00:00:00,3,170.31,432.38,93.71,53.99
2024-01-03 01:00:00,3,159.27,485.16,110.48,30.45
2024-01-03 02:00:00,3,184.15,449.54,102.29,46.05
2024-01-03 03:00:00,3,135.48,431.15,111.17,42.71
2024-01-03 04:00:00,3,177.06,488.88,103.97,46.64
2024-01-03 05:00:00,3,197.88,444.03,106.62,56.45
2024-01-03 06:00:00,3,195.09,408.96,93.71,46.7
2024-01-03 07:00:00,3,178.05,484.01,93.63,36.96
2024-01-03 08:00:00,3,166.6,448.03,117.26,50.98
2024-01-03 09:00:00,3,160.74,477.27,109.19,35.56
2024-01-03 10:00:00,3,165.49,425.98,87.17,41.78
2024-01-03 11:00:00,3,178.42,384.66,101.98,28.53
2024-01-03 12:00:00,3,155.85,542.13,68.25,29.98
2024-01-03 13:00:00,3,180.31,531.22,90.69,38.54
2024-01-03 14:00:00,3,201.77,494.87,109.77,40.54
2024-01-03 15:00:00,3,165.75,425.9,95.14,22.11
2024-01-03 16:00:00,3,144.59,430.13,97.79,40.55
2024-01-03 17:00:00,3,144.29,520.27,57.06,28.93
2024-01-03 18:00:00,3,178.39,426.85,90.81,46.88
2024-01-03 19:00:00,3,165.01,411.97,100.34,32.95
2024-01-03 20:00:00,3,180.41,546.91,102.28,26.61
2024-01-03 21:00:00,3,158.14,444.19,109.16,37.4
2024-01-03 22:00:00,3,180.76,542.42,94.66,29.49
2024-01-03 23:00:00,3,165.54,372.93,95.96,49.01
2024-01-04 00:00:00,3,157.06,476.72,81.69,38.88
2024-01-04 01:00:00,3,163.18,560.97,97.01,38.34
2024-01-04 02:00:00,3,151.07,451.97,84.1,45.46
2024-01-04 03:00:00,3,203.07,436.8,77.15,32.35
2024-01-04 04:00:00,3,169.91,388.7,87.47,30.38
2024-01-04 05:00:00,3,182.16,509.94,121.23,45.28
2024-01-04 06:00:00,3,163.21,410.48,98.38,32.41
2024-01-04 07:00:00,3,154.81,446.67,104.61,32.31
2024-01-04 08:00:00,3,167.7,385.11,94.84,48.67
2024-01-04 09:00:00,3,188.75,534.68,77.89,45.51
2024-01-04 10:00:00,3,161.97,512.45,112.45,29.59
2024-01-04 11:00:00,3,155.61,447.95,71.63,34.32
2024-01-04 12:00:00,3,171.38,386.84,91.71,31.1
2024-01-04 13:00:00,3,176.14,530.65,97.39,53.37
2024-01-04 14:00:00,3,193.86,427.7,100.34,45.16
2024-01-04 15:00:00,3,172.45,387.34,87.38,33.13
2024-01-04 16:00:00,3,176.66,351.56,72.56,41.23
2024-01-04 17:00:00,3,177.57,411.25,85.64,24.31
2024-01-04 18:00:00,3,147.28,367.68,86.21,30.09
2024-01-04 19:00:00,3,150.44,412.5,86.0,36.88
2024-01-04 20:00:00,3,148.8,486.28,108.79,40.16
2024-01-04 21:00:00,3,145.27,426.57,81.09,35.91
2024-01-04 22:00:00,3,180.2,466.49,101.25,39.5
2024-01-04 23:00:00,3,172.77,409.22,100.14,38.77
2024-01-05 00:00:00,3,170.15,452.37,111.26,37.46
2024-01-05 01:00:00,3,127.84,552.9,97.93,37.1
2024-01-05 02:00:00,3,203.52,431.64,110.58,36.71
2024-01-05 03:00:00,3,156.57,471.66,98.77,42.99
2024-01-05 04:00:00,3,204.55,367.32,107.07,45.0
2024-01-05 05:00:00,3,148.4,533.47,82.38,43.47
2024-01-05 06:00:00,3,158.77,426.22,67.84,31.74
2024-01-05 07:00:00,3,136.25,508.23,106.64,33.18
2024-01-05 08:00:00,3,177.31,444.85,107.03,44.9
2024-01-05 09:00:00,3,153.23,483.86,107.13,53.65
2024-01-05 10:00:00,3,153.07,486.44,93.6,41.68
2024-01-05 11:00:00,3,147.52,425.33,118.86,36.11
2024-01-05 12:00:00,3,181.41,507.56,92.94,40.8
2024-01-05 13:00:00,3,179.57,407.3,103.52,28.32
2024-01-05 14:00:00,3,196.59,489.18,105.04,48.63
2024-01-05 15:00:00,3,155.69,425.78,118.92,38.35
2024-01-05 16:00:00,3,169.8,465.06,92.18,30.52
2024-01-05 17:00:00,3,145.18,421.14,87.55,34.54
2024-01-05 18:00:00,3,160.47,448.56,76.54,31.34
2024-01-05 19:00:00,3,157.61,388.21,116.0,47.25
2024-01-05 20:00:00,3,173.76,459.58,101.71,34.53
2024-01-05 21:00:00,3,183.15,449.12,102.59,38.09
2024-01-05 22:00:00,3,183.35,418.34,137.58,42.31
2024-01-05 23:00:00,3,154.5,445.14,102.29,31.72
2024-01-06 00:00:00,3,184.97,456.07,82.07,40.54
2024-01-06 01:00:00,3,168.94,416.52,97.12,42.01
2024-01-06 02:00:00,3,165.14,443.45,87.8,27.01
2024-01-06 03:00:00,3,159.57,396.94,95.89,43.17
2024-01-06 04:00:00,3,162.44,577.55,96.28,41.08
2024-01-06 05:00:00,3,199.86,508.7,94.2,42.89
2024-01-06 06:00:00,3,176.83,466.55,83.9,42.18
2024-01-06 07:00:00,3,174.58,514.77,122.31,44.0
2024-01-06 08:00:00,3,167.24,345.08,105.32,52.97
2024-01-06 09:00:00,3,210.43,313.52,98.08,30.85
2024-01-06 10:00:00,3,191.41,428.91,110.14,37.43
2024-01-06 11:00:00,3,158.02,375.55,105.72,45.38
2024-01-06 12:00:00,3,164.46,436.15,102.43,43.01
2024-01-06 13:00:00,3,164.64,459.15,106.93,42.05
2024-01-06 14:00:00,3,169.72,496.84,99.1,61.05
2024-01-06 15:00:00,3,155.44,385.57,105.4,42.03
2024-01-06 16:00:00,3,173.35,467.75,105.99,46.0
2024-01-06 17:00:00,3,189.39,446.75,98.07,33.33
2024-01-06 18:00:00,3,144.69,464.55,93.03,27.33
2024-01-06 19:00:00,3,147.78,418.04,115.72,33.27
2024-01-06 20:00:00,3,158.48,520.62,90.11,42.4
2024-01-06 21:00:00,3,159.71,441.19,101.8,40.25
2024-01-06 22:00:00,3,199.6,542.73,102.71,40.84
2024-01-06 23:00:00,3,184.25,405.61,90.23,36.25
2024-01-07 00:00:00,3,184.1,488.8,88.45,35.66
2024-01-07 01:00:00,3,165.38,446.44,95.08,38.1
2024-01-07 02:00:00,3,165.75,432.75,94.02,46.6
2024-01-07 03:00:00,3,147.58,484.98,82.18,48.22
2024-01-07 04:00:00,3,184.07,435.39,93.06,32.82
2024-01-07 05:00:00,3,179.69,308.69,105.2,48.32
2024-01-07 06:00:00,3,192.61,287.24,118.2,36.27
2024-01-07 07:00:00,3,168.37,520.16,108.92,45.8
2024-01-07 08:00:00,3,169.18,517.6,67.94,39.82
2024-01-07 09:00:00,3,173.73,552.44,109.27,54.46
2024-01-07 10:00:00,3,184.75,449.43,93.17,36.78
2024-01-07 11:00:00,3,145.94,380.17,105.49,41.18
2024-01-07 12:00:00,3,180.74,426.32,98.69,44.09
2024-01-07 13:00:00,3,167.76,448.71,95.61,30.58
2024-01-07 14:00:00,3,150.3,393.24,96.05,36.74
2024-01-07 15:00:00,3,133.14,535.36,96.46,34.46
2024-01-07 16:00:00,3,164.07,566.65,113.62,31.85
2024-01-07 17:00:00,3,189.32,471.68,95.72,32.19
2024-01-07 18:00:00,3,192.88,445.29,109.87,45.43
2024-01-07 19:00:00,3,171.7,376.37,108.1,30.83
2024-01-07 20:00:00,3,197.91,529.39,104.88,41.14
2024-01-07 21:00:00,3,166.06,450.85,73.7,39.46
2024-01-07 22:00:00,3,182.74,431.83,111.78,25.36
2024-01-07 23:00:00,3,160.82,473.96,92.19,42.56
2024-01-08 00:00:00,3,160.57,417.39,108.1,26.71
2024-01-08 01:00:00,3,158.72,457.54,87.1,45.05
2024-01-08 02:00:00,3,137.14,372.84,85.08,36.01
2024-01-08 03:00:00,3,191.75,509.42,126.49,41.06
2024-01-08 04:00:00,3,161.12,445.86,89.12,30.34
2024-01-08 05:00:00,3,158.85,514.05,116.55,42.82
2024-01-08 06:00:00,3,152.84,441.06,103.4,49.84
2024-01-08 07:00:00,3,168.47,444.45,96.35,34.83
2024-01-08 08:00:00,3,199.91,386.31,100.89,36.25
2024-01-08 09:00:00,3,204.75,491.83,84.21,44.9
2024-01-08 10:00:00,3,143.59,403.29,100.19,44.5
2024-01-08 11:00:00,3,163.93,423.5,85.68,18.71
2024-01-08 12:00:00,3,152.19,448.93,93.77,56.2
2024-01-08 13:00:00,3,184.03,454.61,110.03,42.64
2024-01-08 14:00:00,3,171.99,355.67,100.65,43.36
2024-01-08 15:00:00,3,156.48,434.34,77.63,35.52
2024-01-08 16:00:00,3,167.44,489.02,107.26,20.32
2024-01-08 17:00:00,3,158.27,425.64,95.88,41.78
2024-01-08 18:00:00,3,191.9,433.79,88.88,31.01
2024-01-08 19:00:00,3,174.79,454.7,105.61,40.65
2024-01-08 20:00:00,3,177.07,439.5,94.12,34.39
2024-01-08 21:00:00,3,123.75,391.36,81.71,38.8
2024-01-08 22:00:00,3,166.29,445.42,121.21,30.71
2024-01-08 23:00:00,3,201.69,501.53,97.87,45.53
2024-01-09 00:00:00,3,190.25,392.37,97.82,28.65
2024-01-09 01:00:00,3,139.86,429.52,94.42,58.96
2024-01-09 02:00:00,3,165.32,376.11,115.59,59.62
2024-01-09 03:00:00,3,151.62,501.59,94.22,55.03
2024-01-09 04:00:00,3,199.06,446.5,81.54,52.44
2024-01-09 05:00:00,3,175.71,406.07,93.01,41.04
2024-01-09 06:00:00,3,159.49,456.83,118.99,51.9
2024-01-09 07:00:00,3,172.32,387.08,112.5,40.94
2024-01-09 08:00:00,3,129.43,395.92,98.18,28.11
2024-01-09 09:00:00,3,153.5,372.51,118.71,53.92
2024-01-09 10:00:00,3,170.96,393.03,110.02,50.08
2024-01-09 11:00:00,3,183.28,522.6,96.21,39.38
2024-01-09 12:00:00,3,137.57,409.47,96.73,28.33
2024-01-09 13:00:00,3,161.95,473.15,102.34,33.05
2024-01-09 14:00:00,3,183.65,402.42,86.64,21.71
2024-01-09 15:00:00,3,143.34,487.57,96.81,44.88
2024-01-09 16:00:00,3,169.97,391.12,100.25,22.48
2024-01-09 17:00:00,3,167.04,448.08,74.21,38.44
2024-01-09 18:00:00,3,193.52,448.71,93.43,28.62
2024-01-09 19:00:00,3,162.26,571.09,92.06,23.7
2024-01-09 20:00:00,3,163.51,480.16,109.53,38.32
2024-01-09 21:00:00,3,180.54,414.88,72.96,33.88
2024-01-09 22:00:00,3,145.98,484.19,92.45,44.58
2024-01-09 23:00:00,3,164.53,563.02,91.88,27.19
2024-01-10 00:00:00,3,161.52,361.28,111.26,32.36
2024-01-10 01:00:00,3,167.41,404.36,99.09,19.11
2024-01-10 02:00:00,3,184.05,437.64,123.54,21.59
2024-01-10 03:00:00,3,179.93,428.57,109.53,56.46
2024-01-10 04:00:00,3,159.4,433.58,96.18,59.39
2024-01-10 05:00:00,3,173.97,381.67,104.86,42.57
2024-01-10 06:00:00,3,195.9,527.33,97.3,34.79
2024-01-10 07:00:00,3,158.36,375.3,112.85,39.2
2024-01-10 08:00:00,3,173.81,440.71,84.28,48.98
2024-01-10 09:00:00,3,167.88,507.21,90.37,36.57
2024-01-10 10:00:00,3,169.36,448.75,106.25,42.41
2024-01-10 11:00:00,3,143.35,397.01,115.46,39.54
2024-01-10 12:00:00,3,191.62,376.38,70.47,33.98
2024-01-10 13:00:00,3,155.61,435.73,115.83,33.57
2024-01-10 14:00:00,3,183.92,406.68,95.56,39.89
2024-01-10 15:00:00,3,156.73,457.78,72.45,28.35
2024-01-10 16:00:00,3,156.19,370.94,57.55,40.16
2024-01-10 17:00:00,3,185.53,489.67,76.24,31.92
2024-01-10 18:00:00,3,181.9,452.08,95.62,36.97
2024-01-10 19:00:00,3,169.34,456.18,95.12,47.88
2024-01-10 20:00:00,3,178.55,523.73,104.44,34.83
2024-01-10 21:00:00,3,162.1,423.22,89.66,44.66
2024-01-10 22:00:00,3,167.24,408.36,83.08,21.96
2024-01-10 23:00:00,3,157.43,418.65,92.77,34.05
2024-01-11 00:00:00,3,183.45,438.52,99.3,39.11
2024-01-11 01:00:00,3,158.47,444.76,102.62,56.19
2024-01-11 02:00:00,3,194.32,405.72,90.19,23.52
2024-01-11 03:00:00,3,165.9,342.25,112.62,40.16
2024-01-11 04:00:00,3,171.8,421.32,93.45,54.0
2024-01-11 05:00:00,3,184.0,471.11,90.55,35.02
2024-01-11 06:00:00,3,172.26,459.19,94.87,40.04
2024-01-11 07:00:00,3,166.96,516.24,115.63,44.62
2024-01-11 08:00:00,3,170.98,556.58,99.76,43.06
2024-01-11 09:00:00,3,185.41,491.81,92.03,54.46
2024-01-11 10:00:00,3,159.68,524.68,112.32,44.23
2024-01-11 11:00:00,3,167.61,490.86,127.29,51.07
2024-01-11 12:00:00,3,169.04,540.78,101.58,35.77
2024-01-11 13:00:00,3,182.04,547.58,114.01,31.73
2024-01-11 14:00:00,3,165.76,498.5,110.74,35.43
2024-01-11 15:00:00,3,195.91,484.72,88.94,26.78
2024-01-11 16:00:00,3,163.75,435.24,96.62,40.43
2024-01-11 17:00:00,3,162.14,443.75,79.43,32.65
2024-01-11 18:00:00,3,163.11,427.71,93.23,30.09
2024-01-11 19:00:00,3,144.74,479.37,87.9,40.26
2024-01-11 20:00:00,3,149.56,407.55,91.08,26.44
2024-01-11 21:00:00,3,158.19,436.48,87.08,43.38
2024-01-11 22:00:00,3,185.69,320.78,93.67,33.26
2024-01-11 23:00:00,3,167.56,540.71,104.96,48.06
2024-01-12 00:00:00,3,161.06,437.02,97.33,35.49
2024-01-12 01:00:00,3,189.43,474.13,75.6,45.08
2024-01-12 02:00:00,3,195.38,528.73,90.75,41.92
2024-01-12 03:00:00,3,191.24,467.13,81.39,47.39
2024-01-12 04:00:00,3,157.71,529.1,104.62,42.41
2024-01-12 05:00:00,3,163.78,385.03,108.26,27.46
2024-01-12 06:00:00,3,201.12,580.73,105.18,50.55
2024-01-12 07:00:00,3,175.66,510.2,91.61,41.01
2024-01-12 08:00:00,3,167.15,462.71,104.65,48.26
2024-01-12 09:00:00,3,182.58,527.59,94.93,46.93
2024-01-12 10:00:00,3,186.61,387.56,85.69,33.72
2024-01-12 11:00:00,3,160.43,434.13,109.22,31.78
2024-01-12 12:00:00,3,172.41,526.5,109.42,44.51
2024-01-12 13:00:00,3,183.04,347.74,110.34,35.49
2024-01-12 14:00:00,3,148.66,477.5,89.52,45.42
2024-01-12 15:00:00,3,166.95,475.35,111.96,35.22
2024-01-12 16:00:00,3,148.3,552.12,89.91,45.07
2024-01-12 17:00:00,3,150.11,360.89,104.4,39.61
2024-01-12 18:00:00,3,156.79,532.39,89.28,38.35
2024-01-12 19:00:00,3,173.67,415.9,93.08,32.76
2024-01-12 20:00:00,3,161.08,422.25,65.04,38.27
2024-01-12 21:00:00,3,156.29,381.07,92.85,47.01
2024-01-12 22:00:00,3,168.2,388.9,98.55,36.9
2024-01-12 23:00:00,3,149.6,469.78,92.8,42.66
2024-01-13 00:00:00,3,175.79,389.08,121.53,39.27
2024-01-13 01:00:00,3,187.89,489.44,84.65,40.72
2024-01-13 02:00:00,3,169.09,414.74,93.1,55.19
2024-01-13 03:00:00,3,167.72,385.79,89.32,51.33
2024-01-13 04:00:00,3,177.49,423.1,94.2,42.15
2024-01-13 05:00:00,3,139.06,469.87,115.07,43.61
2024-01-13 06:00:00,3,180.53,436.96,120.94,35.83
2024-01-13 07:00:00,3,221.79,453.61,92.73,40.28
2024-01-13 08:00:00,3,169.49,488.89,92.14,44.13
2024-01-13 09:00:00,3,169.07,509.17,86.07,48.31
2024-01-13 10:00:00,3,182.36,433.7,117.22,46.81
2024-01-13 11:00:00,3,196.18,393.52,114.11,30.11
2024-01-13 12:00:00,3,184.59,452.96,97.5,47.27
2024-01-13 13:00:00,3,133.34,473.39,80.08,37.33
2024-01-13 14:00:00,3,176.46,368.86,80.52,28.88
2024-01-13 15:00:00,3,208.22,398.88,98.95,48.24
2024-01-13 16:00:00,3,176.31,407.62,103.36,48.86
2024-01-13 17:00:00,3,147.36,434.8,69.32,38.24
2024-01-13 18:00:00,3,170.42,404.97,91.73,41.97
2024-01-13 19:00:00,3,145.32,483.98,116.85,42.57
2024-01-13 20:00:00,3,186.15,360.0,93.47,48.28
2024-01-13 21:00:00,3,151.34,361.84,115.97,43.01
2024-01-13 22:00:00,3,168.57,429.42,105.74,25.95
2024-01-13 23:00:00,3,154.26,438.65,84.11,55.38
2024-01-14 00:00:00,3,160.06,370.68,95.1,48.04
2024-01-14 01:00:00,3,193.61,417.03,97.99,35.27
2024-01-14 02:00:00,3,172.04,428.81,88.08,31.52
2024-01-14 03:00:00,3,161.98,429.85,88.48,45.33
2024-01-14 04:00:00,3,153.0,459.63,120.91,39.08
2024-01-14 05:00:00,3,141.59,416.21,89.16,44.61
2024-01-14 06:00:00,3,151.69,531.3,115.78,48.26
2024-01-14 07:00:00,3,173.57,478.01,96.14,36.9
2024-01-14 08:00:00,3,187.28,408.09,101.14,31.87
2024-01-14 09:00:00,3,161.96,456.07,108.24,44.31
2024-01-14 10:00:00,3,195.7,457.04,92.65,35.78
2024-01-14 11:00:00,3,158.08,514.94,106.97,40.9
2024-01-14 12:00:00,3,165.03,416.6,72.47,27.32
2024-01-14 13:00:00,3,150.69,489.34,103.77,35.93
2024-01-14 14:00:00,3,183.35,449.62,65.53,43.52
2024-01-14 15:00:00,3,200.57,526.92,93.82,41.96
2024-01-14 16:00:00,3,137.86,515.66,107.29,29.49
2024-01-14 17:00:00,3,160.39,456.56,104.0,25.93
2024-01-14 18:00:00,3,186.27,431.77,79.12,36.01
2024-01-14 19:00:00,3,142.64,473.2,80.88,40.8
2024-01-14 20:00:00,3,175.41,436.57,87.39,39.76
2024-01-14 21:00:00,3,186.45,537.07,99.15,32.35
2024-01-14 22:00:00,3,168.63,451.59,71.16,39.93
2024-01-14 23:00:00,3,176.97,426.29,97.92,51.01
2024-01-15 00:00:00,3,197.27,424.17,102.89,40.64
2024-01-15 01:00:00,3,201.07,384.45,96.0,25.6
2024-01-15 02:00:00,3,169.37,480.29,107.15,42.12
2024-01-15 03:00:00,3,162.41,406.92,103.88,58.57
2024-01-15 04:00:00,3,156.63,510.49,94.48,30.4
2024-01-15 05:00:00,3,187.52,382.27,76.79,42.02
2024-01-15 06:00:00,3,149.75,458.71,103.59,39.92
2024-01-15 07:00:00,3,167.7,513.59,89.47,42.59
2024-01-15 08:00:00,3,173.12,335.79,94.01,43.14
2024-01-15 09:00:00,3,162.88,559.47,107.17,50.8
2024-01-15 10:00:00,3,174.88,427.51,118.65,41.1
2024-01-15 11:00:00,3,211.0,457.23,99.16,50.63
2024-01-15 12:00:00,3,166.91,479.59,106.02,37.86
2024-01-15 13:00:00,3,161.07,487.12,79.46,35.08
2024-01-15 14:00:00,3,183.74,462.09,100.54,31.62
2024-01-15 15:00:00,3,170.61,500.36,95.98,21.12
2024-01-15 16:00:00,3,189.48,474.17,112.13,38.64
2024-01-15 17:00:00,3,168.63,540.62,89.0,53.64
2024-01-15 18:00:00,3,161.87,473.95,92.75,39.81
2024-01-15 19:00:00,3,137.21,551.57,109.63,41.88
2024-01-15 20:00:00,3,140.15,494.71,95.09,32.72
2024-01-15 21:00:00,3,137.15,349.69,82.45,34.65
2024-01-15 22:00:00,3,173.49,587.72,130.29,45.84
2024-01-15 23:00:00,3,146.13,417.22,84.18,55.37
2024-01-16 00:00:00,3,189.12,529.26,98.04,51.67
2024-01-16 01:00:00,3,170.14,451.09,104.12,46.57
2024-01-16 02:00:00,3,166.43,507.4,103.82,40.67
2024-01-16 03:00:00,3,157.39,413.99,98.54,42.8
2024-01-16 04:00:00,3,181.5,485.1,99.09,34.99
2024-01-16 05:00:00,3,158.8,438.16,98.74,29.31
2024-01-16 06:00:00,3,155.98,536.74,87.48,32.18
2024-01-16 07:00:00,3,190.93,475.35,129.51,42.2
2024-01-16 08:00:00,3,177.19,501.78,98.63,38.96
2024-01-16 09:00:00,3,167.2,334.67,108.69,28.36
2024-01-16 10:00:00,3,180.71,445.77,96.05,40.05
2024-01-16 11:00:00,3,169.79,471.71,95.07,36.91
2024-01-16 12:00:00,3,175.05,460.89,93.0,28.78
2024-01-16 13:00:00,3,154.92,499.76,78.1,34.91
2024-01-16 14:00:00,3,200.76,427.7,95.3,34.61
2024-01-16 15:00:00,3,157.4,449.37,91.5,31.45
2024-01-16 16:00:00,3,191.36,509.76,111.39,44.24
2024-01-16 17:00:00,3,162.93,323.49,80.54,19.61
2024-01-16 18:00:00,3,178.89,477.55,88.43,18.79
2024-01-16 19:00:00,3,177.81,428.03,84.38,36.0
2024-01-16 20:00:00,3,184.77,397.24,114.88,37.1
2024-01-16 21:00:00,3,153.19,464.84,85.53,40.23
2024-01-16 22:00:00,3,184.72,513.35,104.62,32.74
2024-01-16 23:00:00,3,197.87,503.95,110.61,30.2
2024-01-17 00:00:00,3,164.7,441.61,96.99,38.81
2024-01-17 01:00:00,3,170.21,496.72,81.89,35.85
2024-01-17 02:00:00,3,161.93,497.03,82.77,53.71
2024-01-17 03:00:00,3,165.41,446.3,112.08,38.2
2024-01-17 04:00:00,3,199.07,414.22,85.21,41.01
2024-01-17 05:00:00,3,155.58,417.62,106.83,63.06
2024-01-17 06:00:00,3,156.68,496.91,103.35,40.2
2024-01-17 07:00:00,3,197.74,449.5,106.63,46.55
2024-01-17 08:00:00,3,181.54,395.24,107.55,47.03
2024-01-17 09:00:00,3,205.18,360.43,88.95,47.28
2024-01-17 10:00:00,3,163.11,495.08,87.79,42.86
2024-01-17 11:00:00,3,171.68,420.26,108.87,41.31
2024-01-17 12:00:00,3,158.22,466.63,90.75,39.73
2024-01-17 13:00:00,3,170.41,514.73,62.62,33.14
2024-01-17 14:00:00,3,138.76,377.02,105.74,40.17
2024-01-17 15:00:00,3,177.79,444.32,83.38,54.2
2024-01-17 16:00:00,3,171.49,437.1,102.3,46.68
2024-01-17 17:00:00,3,165.05,466.38,113.94,38.59
2024-01-17 18:00:00,3,159.58,512.48,96.09,43.23
2024-01-17 19:00:00,3,151.55,374.52,108.82,28.5
2024-01-17 20:00:00,3,178.01,476.9,98.26,34.03
2024-01-17 21:00:00,3,147.87,502.19,117.23,44.9
2024-01-17 22:00:00,3,175.63,437.35,83.67,50.16
2024-01-17 23:00:00,3,201.55,440.71,97.99,31.47
2024-01-18 00:00:00,3,192.83,471.36,107.55,34.71
2024-01-18 01:00:00,3,145.38,468.18,97.19,58.41
2024-01-18 02:00:00,3,161.72,481.67,115.23,41.2
2024-01-18 03:00:00,3,177.79,481.16,95.42,56.67
2024-01-18 04:00:00,3,170.34,398.69,128.16,43.25
2024-01-18 05:00:00,3,149.2,505.0,129.15,43.89
2024-01-18 06:00:00,3,178.08,514.59,105.51,39.24
2024-01-18 07:00:00,3,171.61,461.77,108.9,49.87
2024-01-18 08:00:00,3,202.34,371.16,116.84,53.15
2024-01-18 09:00:00,3,166.91,444.82,85.68,32.09
2024-01-18 10:00:00,3,189.21,460.82,83.45,37.34
2024-01-18 11:00:00,3,149.22,388.13,115.86,47.52
2024-01-18 12:00:00,3,152.29,429.51,102.41,37.76
2024-01-18 13:00:00,3,179.73,372.34,95.17,33.85
2024-01-18 14:00:00,3,184.85,480.01,97.51,46.05
2024-01-18 15:00:00,3,151.31,455.67,65.97,46.24
2024-01-18 16:00:00,3,166.66,357.81,93.81,32.41
2024-01-18 17:00:00,3,143.7,464.86,86.26,37.8
2024-01-18 18:00:00,3,162.95,442.83,107.71,25.48
2024-01-18 19:00:00,3,179.47,473.73,108.81,28.27
2024-01-18 20:00:00,3,159.26,425.23,103.71,37.34
2024-01-18 21:00:00,3,162.73,403.67,101.85,37.02
2024-01-18 22:00:00,3,149.15,405.94,78.06,29.06
2024-01-18 23:00:00,3,157.64,419.17,105.71,31.94
2024-01-19 00:00:00,3,197.22,449.88,106.99,29.71
2024-01-19 01:00:00,3,170.82,457.6,115.71,43.56
2024-01-19 02:00:00,3,154.21,440.12,127.7,23.45
2024-01-19 03:00:00,3,165.92,428.24,79.16,32.29
2024-01-19 04:00:00,3,145.71,432.58,96.46,25.45
2024-01-19 05:00:00,3,155.42,586.56,92.19,45.37
2024-01-19 06:00:00,3,193.81,410.44,104.1,26.37
2024-01-19 07:00:00,3,169.47,421.78,101.94,42.04
2024-01-19 08:00:00,3,201.96,628.51,98.45,55.57
2024-01-19 09:00:00,3,169.45,473.62,114.25,55.38
2024-01-19 10:00:00,3,169.79,376.2,86.16,24.84
2024-01-19 11:00:00,3,179.98,494.94,86.22,42.21
2024-01-19 12:00:00,3,125.78,399.96,85.66,30.37
2024-01-19 13:00:00,3,171.4,496.96,93.45,27.83
2024-01-19 14:00:00,3,166.58,436.03,81.52,36.4
2024-01-19 15:00:00,3,190.71,423.11,96.12,47.31
2024-01-19 16:00:00,3,181.83,532.77,94.14,41.43
2024-01-19 17:00:00,3,147.69,476.42,85.83,29.82
2024-01-19 18:00:00,3,185.9,498.17,107.14,41.93
2024-01-19 19:00:00,3,161.74,469.35,95.21,16.68
2024-01-19 20:00:00,3,151.69,422.38,109.98,29.8
2024-01-19 21:00:00,3,169.93,479.61,94.23,29.66
2024-01-19 22:00:00,3,164.1,512.37,97.06,38.04
2024-01-19 23:00:00,3,192.9,455.34,90.83,36.35
2024-01-20 00:00:00,3,174.36,545.71,98.78,37.65
2024-01-20 01:00:00,3,172.96,495.36,108.84,38.14
2024-01-20 02:00:00,3,184.89,461.77,95.06,40.56
2024-01-20 03:00:00,3,188.61,464.51,107.68,45.64
2024-01-20 04:00:00,3,184.1,458.85,90.98,42.75
2024-01-20 05:00:00,3,194.66,384.51,111.56,39.32
2024-01-20 06:00:00,3,181.69,447.03,94.39,45.33
2024-01-20 07:00:00,3,174.47,463.66,112.76,48.87
2024-01-20 08:00:00,3,191.45,429.1,102.26,36.69
2024-01-20 09:00:00,3,169.53,469.14,120.61,40.48
2024-01-20 10:00:00,3,170.91,451.52,85.48,50.36
2024-01-20 11:00:00,3,197.41,491.23,80.6,30.16
2024-01-20 12:00:00,3,195.02,484.51,90.92,54.39
2024-01-20 13:00:00,3,167.96,457.08,80.23,26.58
2024-01-20 14:00:00,3,160.06,373.88,79.53,34.4
2024-01-20 15:00:00,3,190.34,543.0,104.77,28.58
2024-01-20 16:00:00,3,179.18,438.65,96.22,55.09
2024-01-20 17:00:00,3,171.06,441.63,89.79,31.64
2024-01-20 18:00:00,3,160.68,427.46,90.88,31.56
2024-01-20 19:00:00,3,171.32,419.72,88.27,32.78
2024-01-20 20:00:00,3,165.92,529.27,117.56,37.1
2024-01-20 21:00:00,3,156.04,521.25,87.26,33.93
2024-01-20 22:00:00,3,169.45,471.26,80.32,36.23
2024-01-20 23:00:00,3,172.37,442.32,108.36,10.0
2024-01-21 00:00:00,3,162.82,482.15,96.09,39.36
2024-01-21 01:00:00,3,184.22,453.61,125.95,39.8
2024-01-21 02:00:00,3,191.15,440.15,93.58,49.3
2024-01-21 03:00:00,3,186.63,469.17,111.91,52.25
2024-01-21 04:00:00,3,167.01,427.76,115.43,39.85
2024-01-21 05:00:00,3,183.96,465.33,95.04,48.79
2024-01-21 06:00:00,3,173.13,462.85,92.29,32.4
2024-01-21 07:00:00,3,151.84,484.18,111.33,48.37
2024-01-21 08:00:00,3,182.32,418.19,108.89,36.55
2024-01-21 09:00:00,3,173.35,489.16,82.8,30.8
2024-01-21 10:00:00,3,212.19,401.66,85.81,38.77
2024-01-21 11:00:00,3,193.15,418.87,66.93,51.69
2024-01-21 12:00:00,3,180.34,420.44,106.55,40.43
2024-01-21 13:00:00,3,172.11,390.47,94.72,50.96
2024-01-21 14:00:00,3,170.01,501.96,95.28,30.93
2024-01-21 15:00:00,3,150.57,394.66,74.93,45.76
2024-01-21 16:00:00,3,138.23,408.71,82.11,30.66
2024-01-21 17:00:00,3,151.9,513.45,89.81,37.91
2024-01-21 18:00:00,3,165.1,415.2,87.2,37.73
2024-01-21 19:00:00,3,132.02,435.86,97.49,41.66
2024-01-21 20:00:00,3,157.5,391.88,103.8,38.43
2024-01-21 21:00:00,3,162.76,491.52,126.03,30.39
2024-01-21 22:00:00,3,163.9,492.88,97.11,44.94
2024-01-21 23:00:00,3,157.42,487.81,112.48,52.99
2024-01-22 00:00:00,3,163.36,477.76,88.16,33.85
2024-01-22 01:00:00,3,197.45,453.6,78.04,23.86
2024-01-22 02:00:00,3,181.05,422.19,95.83,44.67
2024-01-22 03:00:00,3,161.96,407.19,80.38,38.14
2024-01-22 04:00:00,3,170.37,520.8,101.66,40.34
2024-01-22 05:00:00,3,171.31,492.88,91.7,46.55
2024-01-22 06:00:00,3,159.49,414.61,76.66,37.95
2024-01-22 07:00:00,3,159.37,453.91,124.16,39.46
2024-01-22 08:00:00,3,187.76,435.34,94.53,40.61
2024-01-22 09:00:00,3,164.22,390.35,79.87,53.63
2024-01-22 10:00:00,3,152.72,459.92,111.96,40.63
2024-01-22 11:00:00,3,168.95,427.31,90.25,29.02
2024-01-22 12:00:00,3,170.77,397.67,112.93,28.59
2024-01-22 13:00:00,3,136.28,368.59,88.63,39.29
2024-01-22 14:00:00,3,166.71,363.32,90.39,27.66
2024-01-22 15:00:00,3,180.75,426.79,101.2,23.31
2024-01-22 16:00:00,3,173.55,441.7,103.93,41.74
2024-01-22 17:00:00,3,201.93,398.93,105.89,41.86
2024-01-22 18:00:00,3,186.05,480.85,94.71,32.71
2024-01-22 19:00:00,3,189.34,442.45,102.79,38.5
2024-01-22 20:00:00,3,211.42,477.28,105.89,37.89
2024-01-22 21:00:00,3,178.97,436.92,99.34,41.93
2024-01-22 22:00:00,3,170.0,405.06,95.53,42.57
2024-01-22 23:00:00,3,183.8,454.23,79.45,15.68
2024-01-23 00:00:00,3,159.85,381.0,106.6,36.8
2024-01-23 01:00:00,3,171.38,478.64,100.19,44.1
2024-01-23 02:00:00,3,159.93,400.0,95.04,36.84
2024-01-23 03:00:00,3,177.41,500.35,117.48,41.3
2024-01-23 04:00:00,3,160.96,433.28,83.05,47.93
2024-01-23 05:00:00,3,160.69,508.88,122.98,42.46
2024-01-23 06:00:00,3,178.54,391.53,101.58,54.84
2024-01-23 07:00:00,3,169.55,415.34,105.86,51.46
2024-01-23 08:00:00,3,140.39,471.94,96.37,40.45
2024-01-23 09:00:00,3,147.52,513.91,79.49,39.29
2024-01-23 10:00:00,3,151.87,539.95,98.57,15.86
2024-01-23 11:00:00,3,155.41,451.87,103.97,36.84
2024-01-23 12:00:00,3,175.55,547.65,107.59,27.23
2024-01-23 13:00:00,3,171.62,432.53,95.54,40.0
2024-01-23 14:00:00,3,184.55,506.43,69.09,38.69
2024-01-23 15:00:00,3,178.89,396.11,76.86,42.73
2024-01-23 16:00:00,3,183.56,468.86,122.74,48.28
2024-01-23 17:00:00,3,175.78,320.11,81.88,35.75
2024-01-23 18:00:00,3,169.25,385.59,114.28,55.48
2024-01-23 19:00:00,3,183.7,471.06,83.92,37.97
2024-01-23 20:00:00,3,181.1,375.73,93.92,25.01
2024-01-23 21:00:00,3,172.81,469.7,104.81,31.92
2024-01-23 22:00:00,3,187.87,496.09,86.79,34.17
2024-01-23 23:00:00,3,130.27,421.15,118.63,43.19
2024-01-24 00:00:00,3,164.19,396.79,99.85,30.72
2024-01-24 01:00:00,3,164.72,424.16,105.59,37.08
2024-01-24 02:00:00,3,188.96,398.46,96.92,38.99
2024-01-24 03:00:00,3,196.33,445.55,109.49,37.14
2024-01-24 04:00:00,3,148.08,456.96,121.84,48.45
2024-01-24 05:00:00,3,194.52,435.32,100.08,47.28
2024-01-24 06:00:00,3,152.98,541.87,124.18,51.9
2024-01-24 07:00:00,3,153.37,413.1,93.88,38.92
2024-01-24 08:00:00,3,167.69,526.26,111.33,51.81
2024-01-24 09:00:00,3,165.86,395.03,107.3,29.26
2024-01-24 10:00:00,3,145.24,454.28,86.59,28.43
2024-01-24 11:00:00,3,180.13,513.24,102.41,29.21
2024-01-24 12:00:00,3,179.83,509.68,98.97,38.95
2024-01-24 13:00:00,3,185.09,425.51,87.09,48.43
2024-01-24 14:00:00,3,160.38,477.21,101.99,32.19
2024-01-24 15:00:00,3,166.11,469.39,98.64,32.65
2024-01-24 16:00:00,3,165.78,417.25,95.34,34.42
2024-01-24 17:00:00,3,193.19,479.08,95.09,40.9
2024-01-24 18:00:00,3,120.17,545.98,94.71,31.76
2024-01-24 19:00:00,3,150.54,471.33,91.23,31.39
2024-01-24 20:00:00,3,166.36,476.71,98.08,24.7
2024-01-24 21:00:00,3,149.24,482.88,88.44,31.83
2024-01-24 22:00:00,3,163.21,368.84,131.64,47.5
2024-01-24 23:00:00,3,166.06,472.83,79.91,38.88
2024-01-25 00:00:00,3,158.27,394.22,91.33,32.51
2024-01-25 01:00:00,3,170.69,417.94,93.12,50.28
2024-01-25 02:00:00,3,180.5,566.58,126.69,35.34
2024-01-25 03:00:00,3,167.18,437.38,83.96,53.2
2024-01-25 04:00:00,3,164.16,411.68,106.96,53.54
2024-01-25 05:00:00,3,169.1,513.72,104.97,42.25
2024-01-25 06:00:00,3,171.75,400.93,106.17,28.98
2024-01-25 07:00:00,3,143.71,427.72,117.72,61.46
2024-01-25 08:00:00,3,178.91,518.61,117.15,44.8
2024-01-25 09:00:00,3,163.72,453.29,95.17,38.21
2024-01-25 10:00:00,3,190.71,366.44,102.87,48.59
2024-01-25 11:00:00,3,179.18,478.89,75.6,45.69
2024-01-25 12:00:00,3,187.74,427.56,100.15,50.15
2024-01-25 13:00:00,3,151.79,530.86,87.85,32.4
2024-01-25 14:00:00,3,161.38,414.79,94.97,40.11
2024-01-25 15:00:00,3,146.72,503.25,75.01,26.55
2024-01-25 16:00:00,3,154.9,541.72,101.5,42.0
2024-01-25 17:00:00,3,186.16,400.24,74.09,35.78
2024-01-25 18:00:00,3,189.86,435.49,97.78,38.29
2024-01-25 19:00:00,3,147.46,466.86,80.15,34.71
2024-01-25 20:00:00,3,158.88,400.19,85.31,34.11
2024-01-25 21:00:00,3,165.52,461.28,111.65,29.28
2024-01-25 22:00:00,3,176.81,435.28,104.96,44.17
2024-01-25 23:00:00,3,139.72,434.92,112.92,50.91
2024-01-26 00:00:00,3,143.02,451.5,118.99,34.08
2024-01-26 01:00:00,3,177.54,453.48,89.68,44.41
2024-01-26 02:00:00,3,138.94,459.18,119.71,44.09
2024-01-26 03:00:00,3,163.79,418.81,82.09,41.06
2024-01-26 04:00:00,3,174.08,421.63,111.09,28.34
2024-01-26 05:00:00,3,178.47,445.39,95.4,30.58
2024-01-26 06:00:00,3,169.59,449.47,89.87,35.15
2024-01-26 07:00:00,3,165.87,428.18,109.7,23.37
2024-01-26 08:00:00,3,185.09,468.88,113.66,53.58
2024-01-26 09:00:00,3,175.59,353.45,112.8,44.15
2024-01-26 10:00:00,3,159.94,411.11,103.14,40.11
2024-01-26 11:00:00,3,170.26,434.6,101.35,20.81
2024-01-26 12:00:00,3,175.05,402.85,105.67,23.19
2024-01-26 13:00:00,3,195.8,535.66,102.01,38.07
2024-01-26 14:00:00,3,180.05,448.38,104.35,54.32
2024-01-26 15:00:00,3,186.33,456.25,99.38,30.74
2024-01-26 16:00:00,3,156.43,420.3,107.14,43.7
2024-01-26 17:00:00,3,157.52,445.13,74.98,31.85
2024-01-26 18:00:00,3,162.08,380.55,94.18,36.35
2024-01-26 19:00:00,3,163.66,436.85,78.12,46.42
2024-01-26 20:00:00,3,150.02,395.91,99.84,33.3
2024-01-26 21:00:00,3,187.16,431.84,117.93,30.81
2024-01-26 22:00:00,3,181.62,309.78,91.26,49.57
2024-01-26 23:00:00,3,163.17,387.46,99.74,38.49
2024-01-27 00:00:00,3,179.22,527.56,108.63,48.26
2024-01-27 01:00:00,3,173.24,494.28,72.97,33.75
2024-01-27 02:00:00,3,181.98,521.27,93.64,52.47
2024-01-27 03:00:00,3,149.32,525.58,105.69,43.35
2024-01-27 04:00:00,3,169.12,487.64,64.1,45.21
2024-01-27 05:00:00,3,170.83,427.43,89.17,42.9
2024-01-27 06:00:00,3,181.93,396.12,116.07,37.52
2024-01-27 07:00:00,3,161.64,513.41,114.71,41.75
2024-01-27 08:00:00,3,131.16,454.94,106.3,37.66
2024-01-27 09:00:00,3,153.55,585.05,112.37,49.24
2024-01-27 10:00:00,3,169.39,430.75,103.15,38.62
2024-01-27 11:00:00,3,170.68,555.69,106.81,26.78
2024-01-27 12:00:00,3,196.02,440.44,94.8,24.43
2024-01-27 13:00:00,3,177.49,519.91,99.59,23.24
2024-01-27 14:00:00,3,168.69,538.57,89.21,42.69
2024-01-27 15:00:00,3,166.23,391.77,113.05,26.85
2024-01-27 16:00:00,3,184.08,420.2,115.9,38.85
2024-01-27 17:00:00,3,156.46,390.45,113.77,37.15
2024-01-27 18:00:00,3,163.61,379.76,90.61,35.31
2024-01-27 19:00:00,3,148.41,481.83,83.67,39.74
2024-01-27 20:00:00,3,189.15,435.7,112.75,37.63
2024-01-27 21:00:00,3,173.08,449.56,103.77,13.45
2024-01-27 22:00:00,3,155.96,477.27,101.61,34.59
2024-01-27 23:00:00,3,166.25,348.26,89.92,41.75
2024-01-28 00:00:00,3,177.09,518.03,104.36,52.98
2024-01-28 01:00:00,3,165.6,430.88,85.65,54.15
2024-01-28 02:00:00,3,161.75,478.99,108.55,28.65
2024-01-28 03:00:00,3,160.44,484.36,118.78,37.98
2024-01-28 04:00:00,3,176.93,525.15,122.51,28.0
2024-01-28 05:00:00,3,166.0,446.13,110.91,54.84
2024-01-28 06:00:00,3,164.55,337.73,84.04,50.58
2024-01-28 07:00:00,3,150.22,454.84,104.31,44.78
2024-01-28 08:00:00,3,172.72,462.26,129.07,42.9
2024-01-28 09:00:00,3,168.07,395.4,89.79,52.87
2024-01-28 10:00:00,3,165.18,458.3,99.61,50.79
2024-01-28 11:00:00,3,172.85,430.24,117.88,49.61
2024-01-28 12:00:00,3,180.93,376.7,106.83,42.8
2024-01-28 13:00:00,3,179.41,484.19,130.09,35.09
2024-01-28 14:00:00,3,176.28,417.07,87.92,43.97
2024-01-28 15:00:00,3,162.87,424.91,83.98,43.77
2024-01-28 16:00:00,3,157.13,421.41,112.06,34.63
2024-01-28 17:00:00,3,149.14,512.38,80.55,32.95
2024-01-28 18:00:00,3,156.31,443.67,93.33,45.62
2024-01-28 19:00:00,3,166.29,450.22,95.13,50.28
2024-01-28 20:00:00,3,153.59,422.59,109.64,29.83
2024-01-28 21:00:00,3,168.3,471.63,104.67,34.48
2024-01-28 22:00:00,3,151.8,519.9,103.27,40.39
2024-01-28 23:00:00,3,141.31,482.92,92.9,42.28
2024-01-29 00:00:00,3,182.08,485.79,114.54,34.38
2024-01-29 01:00:00,3,162.0,482.23,151.58,55.85
2024-01-29 02:00:00,3,156.87,376.18,109.29,44.0
2024-01-29 03:00:00,3,153.35,403.9,102.28,45.56
2024-01-29 04:00:00,3,178.29,440.45,84.73,56.6
2024-01-29 05:00:00,3,193.94,412.75,93.55,37.91
2024-01-29 06:00:00,3,165.37,394.65,99.11,41.11
2024-01-29 07:00:00,3,168.29,351.14,94.87,30.99
2024-01-29 08:00:00,3,188.75,379.09,101.26,39.99
2024-01-29 09:00:00,3,141.8,437.2,123.93,28.19
2024-01-29 10:00:00,3,202.09,446.64,116.46,46.8
2024-01-29 11:00:00,3,209.06,407.02,97.6,43.26
2024-01-29 12:00:00,3,125.23,453.11,83.28,36.49
2024-01-29 13:00:00,3,166.52,424.78,115.35,37.23
2024-01-29 14:00:00,3,155.78,505.99,96.74,43.92
2024-01-29 15:00:00,3,162.48,438.06,74.48,26.98
2024-01-29 16:00:00,3,159.53,483.7,105.46,38.03
2024-01-29 17:00:00,3,179.06,456.9,109.2,41.99
2024-01-29 18:00:00,3,164.06,370.51,64.58,20.54
2024-01-29 19:00:00,3,151.28,441.1,85.34,41.86
2024-01-29 20:00:00,3,163.5,379.86,94.85,21.88
2024-01-29 21:00:00,3,175.05,440.94,106.22,35.74
2024-01-29 22:00:00,3,148.28,407.32,90.72,27.37
2024-01-29 23:00:00,3,141.55,468.63,87.36,50.4
2024-01-30 00:00:00,3,201.0,376.72,108.25,28.92
2024-01-30 01:00:00,3,159.29,450.44,93.61,25.46
2024-01-30 02:00:00,3,168.16,481.14,107.36,41.52
2024-01-30 03:00:00,3,164.58,499.78,86.65,37.43
2024-01-30 04:00:00,3,180.31,410.4,84.02,28.53
2024-01-30 05:00:00,3,200.36,452.72,111.51,46.29
2024-01-30 06:00:00,3,181.22,461.77,105.13,24.74
2024-01-30 07:00:00,3,147.29,534.93,113.67,32.86
2024-01-30 08:00:00,3,149.15,371.85,94.6,36.52
2024-01-30 09:00:00,3,164.56,402.02,90.74,47.89
2024-01-30 10:00:00,3,166.05,601.11,117.92,51.51
2024-01-30 11:00:00,3,141.88,434.97,80.0,49.13
2024-01-30 12:00:00,3,182.08,347.23,115.01,37.55
2024-01-30 13:00:00,3,150.58,416.78,115.13,17.22
2024-01-30 14:00:00,3,191.45,298.54,108.47,40.73
2024-01-30 15:00:00,3,196.11,459.7,87.88,49.4
2024-01-30 16:00:00,3,162.27,489.8,85.74,46.88
2024-01-30 17:00:00,3,173.05,396.97,93.26,39.95
2024-01-30 18:00:00,3,146.01,420.57,79.16,25.64
2024-01-30 19:00:00,3,176.03,495.62,83.57,31.46
2024-01-30 20:00:00,3,158.24,352.2,104.59,52.9
2024-01-30 21:00:00,3,149.22,375.72,105.13,24.57
2024-01-30 22:00:00,3,162.71,435.11,83.83,27.5
2024-01-30 23:00:00,3,160.58,407.66,106.82,46.2
2024-01-01 00:00:00,4,150.08,520.9,96.03,49.22
2024-01-01 01:00:00,4,194.55,393.79,108.46,49.49
2024-01-01 02:00:00,4,178.07,392.54,116.88,40.87
2024-01-01 03:00:00,4,165.1,491.72,83.77,33.76
2024-01-01 04:00:00,4,153.26,370.86,94.03,58.29
2024-01-01 05:00:00,4,205.05,482.82,97.42,49.4
2024-01-01 06:00:00,4,171.74,457.58,112.39,38.21
2024-01-01 07:00:00,4,194.57,509.65,95.22,54.28
2024-01-01 08:00:00,4,186.15,448.54,96.19,37.13
2024-01-01 09:00:00,4,162.86,454.27,83.04,53.39
2024-01-01 10:00:00,4,162.37,478.01,106.87,53.35
2024-01-01 11:00:00,4,193.24,414.3,97.83,31.99
2024-01-01 12:00:00,4,192.72,411.18,90.7,44.14
2024-01-01 13:00:00,4,138.1,473.86,95.01,45.09
2024-01-01 14:00:00,4,176.5,446.06,112.18,60.13
2024-01-01 15:00:00,4,165.06,425.12,84.05,30.63
2024-01-01 16:00:00,4,149.88,442.09,85.68,48.86
2024-01-01 17:00:00,4,170.46,531.95,112.39,36.39
2024-01-01 18:00:00,4,144.38,422.33,97.12,25.46
2024-01-01 19:00:00,4,158.72,420.87,104.88,35.21
2024-01-01 20:00:00,4,153.66,354.76,101.72,36.56
2024-01-01 21:00:00,4,158.96,444.74,96.56,27.91
2024-01-01 22:00:00,4,166.49,482.95,93.14,40.32
2024-01-01 23:00:00,4,151.99,493.31,109.09,46.6
2024-01-02 00:00:00,4,194.51,454.95,114.13,41.19
2024-01-02 01:00:00,4,177.87,501.29,113.9,35.25
2024-01-02 02:00:00,4,199.58,489.94,85.35,39.36
2024-01-02 03:00:00,4,168.68,511.08,118.09,41.22
2024-01-02 04:00:00,4,162.89,504.64,97.12,43.6
2024-01-02 05:00:00,4,200.39,536.42,92.3,51.58
2024-01-02 06:00:00,4,162.82,443.02,99.95,44.48
2024-01-02 07:00:00,4,169.16,380.71,112.76,29.97
2024-01-02 08:00:00,4,183.35,487.41,108.71,36.9
2024-01-02 09:00:00,4,151.3,493.21,97.96,42.69
2024-01-02 10:00:00,4,182.11,535.02,111.44,50.31
2024-01-02 11:00:00,4,179.32,518.78,101.72,51.08
2024-01-02 12:00:00,4,189.61,553.71,91.75,54.4
2024-01-02 13:00:00,4,182.71,481.68,89.23,39.48
2024-01-02 14:00:00,4,188.6,459.94,102.93,44.2
2024-01-02 15:00:00,4,165.24,372.57,95.95,24.51
2024-01-02 16:00:00,4,152.63,463.1,78.8,40.24
2024-01-02 17:00:00,4,200.26,416.54,107.17,26.99
2024-01-02 18:00:00,4,141.52,457.51,89.94,35.6
2024-01-02 19:00:00,4,143.24,449.17,116.78,62.3
2024-01-02 20:00:00,4,175.65,471.9,78.44,39.15
2024-01-02 21:00:00,4,193.22,441.78,94.69,29.59
2024-01-02 22:00:00,4,170.69,497.9,88.61,41.14
2024-01-02 23:00:00,4,184.47,301.99,85.78,33.91
2024-01-03 00:00:00,4,136.96,459.35,92.86,30.88
2024-01-03 01:00:00,4,161.86,514.55,122.75,58.0
2024-01-03 02:00:00,4,140.42,551.15,102.49,49.81
2024-01-03 03:00:00,4,183.84,490.6,91.05,44.23
2024-01-03 04:00:00,4,146.79,542.3,78.15,38.37
2024-01-03 05:00:00,4,151.43,461.12,79.83,39.36
2024-01-03 06:00:00,4,180.43,452.29,95.22,55.4
2024-01-03 07:00:00,4,189.16,480.49,93.86,44.67
2024-01-03 08:00:00,4,169.17,451.56,98.85,15.22
2024-01-03 09:00:00,4,180.45,409.21,71.95,62.08
2024-01-03 10:00:00,4,179.31,422.94,99.45,42.21
2024-01-03 11:00:00,4,166.44,390.14,113.17,42.87
2024-01-03 12:00:00,4,151.49,477.54,120.07,48.48
2024-01-03 13:00:00,4,177.47,448.97,73.92,42.36
2024-01-03 14:00:00,4,177.52,428.27,87.3,44.06
2024-01-03 15:00:00,4,181.43,416.56,86.0,33.37
2024-01-03 16:00:00,4,171.57,473.69,98.42,25.96
2024-01-03 17:00:00,4,147.4,488.19,80.5,38.65
2024-01-03 18:00:00,4,177.27,385.37,117.84,48.45
2024-01-03 19:00:00,4,166.22,377.03,96.8,30.67
2024-01-03 20:00:00,4,158.76,497.84,94.95,30.28
2024-01-03 21:00:00,4,162.27,373.1,117.56,47.52
2024-01-03 22:00:00,4,156.51,477.07,97.43,33.71
2024-01-03 23:00:00,4,182.69,535.27,103.53,34.83
2024-01-04 00:00:00,4,146.27,536.17,89.45,35.93
2024-01-04 01:00:00,4,153.89,489.57,82.23,39.36
2024-01-04 02:00:00,4,165.34,488.74,92.76,27.1
2024-01-04 03:00:00,4,197.28,572.3,129.47,36.62
2024-01-04 04:00:00,4,188.74,326.26,109.9,43.72
2024-01-04 05:00:00,4,145.58,427.08,105.58,43.96
2024-01-04 06:00:00,4,193.93,497.74,89.54,52.1
2024-01-04 07:00:00,4,193.79,433.91,113.79,57.85
2024-01-04 08:00:00,4,152.8,518.37,84.22,54.74
2024-01-04 09:00:00,4,130.6,449.14,81.04,49.13
2024-01-04 10:00:00,4,169.47,457.72,93.43,39.36
2024-01-04 11:00:00,4,188.01,435.15,125.13,34.56
2024-01-04 12:00:00,4,194.8,421.05,123.62,39.29
2024-01-04 13:00:00,4,154.32,418.95,92.54,43.4
2024-01-04 14:00:00,4,195.89,462.21,88.94,44.71
2024-01-04 15:00:00,4,131.09,405.38,75.86,42.37
2024-01-04 16:00:00,4,160.6,497.77,97.55,35.5
2024-01-04 17:00:00,4,159.51,481.35,98.33,43.01
2024-01-04 18:00:00,4,184.72,505.23,106.32,46.98
2024-01-04 19:00:00,4,187.18,385.56,107.99,43.81
2024-01-04 20:00:00,4,181.93,355.19,93.99,36.26
2024-01-04 21:00:00,4,145.24,446.79,104.19,29.85
2024-01-04 22:00:00,4,181.55,603.45,88.6,30.26
2024-01-04 23:00:00,4,176.57,516.42,105.29,32.5
2024-01-05 00:00:00,4,142.19,419.34,92.59,41.35
2024-01-05 01:00:00,4,136.58,472.73,105.84,44.38
2024-01-05 02:00:00,4,187.38,489.75,105.52,28.47
2024-01-05 03:00:00,4,168.35,377.71,102.15,36.92
2024-01-05 04:00:00,4,151.01,525.35,111.99,43.83
2024-01-05 05:00:00,4,168.68,443.04,81.78,34.3
2024-01-05 06:00:00,4,178.01,447.26,88.4,45.87
2024-01-05 07:00:00,4,170.7,453.31,98.55,39.39
2024-01-05 08:00:00,4,146.71,513.25,83.12,35.51
2024-01-05 09:00:00,4,201.66,410.67,96.01,41.72
2024-01-05 10:00:00,4,186.83,358.89,95.8,44.01
2024-01-05 11:00:00,4,164.51,467.27,116.81,32.62
2024-01-05 12:00:00,4,164.38,339.29,100.98,37.05
2024-01-05 13:00:00,4,174.16,432.18,111.64,42.38
2024-01-05 14:00:00,4,149.42,511.43,101.53,31.08
2024-01-05 15:00:00,4,172.22,478.14,90.11,22.76
2024-01-05 16:00:00,4,145.08,502.57,98.26,23.33
2024-01-05 17:00:00,4,165.1,479.58,105.65,32.64
2024-01-05 18:00:00,4,147.29,575.69,111.53,24.8
2024-01-05 19:00:00,4,148.21,414.62,94.53,33.25
2024-01-05 20:00:00,4,193.08,467.94,75.29,50.86
2024-01-05 21:00:00,4,167.97,423.47,74.86,25.16
2024-01-05 22:00:00,4,170.98,499.07,93.43,35.21
2024-01-05 23:00:00,4,135.93,445.05,68.2,56.7
2024-01-06 00:00:00,4,159.51,541.53,122.29,42.65
2024-01-06 01:00:00,4,177.35,421.38,107.61,36.75
2024-01-06 02:00:00,4,173.77,526.27,92.44,39.29
2024-01-06 03:00:00,4,136.53,483.14,86.94,44.95
2024-01-06 04:00:00,4,175.08,449.99,115.0,56.32
2024-01-06 05:00:00,4,177.95,481.19,87.67,37.47
2024-01-06 06:00:00,4,192.84,466.18,89.0,35.62
2024-01-06 07:00:00,4,161.47,471.17,92.15,30.18
2024-01-06 08:00:00,4,135.58,440.62,103.21,42.62
2024-01-06 09:00:00,4,155.19,413.55,109.27,29.17
2024-01-06 10:00:00,4,152.95,432.63,116.02,36.65
2024-01-06 11:00:00,4,181.79,359.45,113.39,32.1
2024-01-06 12:00:00,4,125.33,494.39,99.15,48.38
2024-01-06 13:00:00,4,161.13,381.97,111.53,33.99
2024-01-06 14:00:00,4,190.63,435.94,88.98,41.05
2024-01-06 15:00:00,4,167.13,481.85,73.53,23.22
2024-01-06 16:00:00,4,180.99,491.66,87.88,37.67
2024-01-06 17:00:00,4,139.77,350.85,85.84,25.89
2024-01-06 18:00:00,4,140.31,441.2,87.99,32.48
2024-01-06 19:00:00,4,189.42,470.95,83.86,55.26
2024-01-06 20:00:00,4,168.17,449.34,90.59,44.56
2024-01-06 21:00:00,4,168.68,519.26,105.01,35.91
2024-01-06 22:00:00,4,149.61,403.47,119.76,65.15
2024-01-06 23:00:00,4,169.99,338.23,76.1,30.49
2024-01-07 00:00:00,4,150.66,492.69,82.53,49.16
2024-01-07 01:00:00,4,189.05,421.05,89.7,26.73
2024-01-07 02:00:00,4,214.62,356.12,110.52,38.54
2024-01-07 03:00:00,4,179.06,442.74,98.62,29.67
2024-01-07 04:00:00,4,161.5,517.88,92.39,43.95
2024-01-07 05:00:00,4,131.18,384.14,111.28,42.52
2024-01-07 06:00:00,4,144.98,577.7,114.48,39.49
2024-01-07 07:00:00,4,197.11,407.0,101.79,51.43
2024-01-07 08:00:00,4,155.14,456.41,91.21,36.86
2024-01-07 09:00:00,4,165.28,385.73,104.75,44.07
2024-01-07 10:00:00,4,181.2,452.87,97.63,47.69
2024-01-07 11:00:00,4,193.82,442.73,96.81,27.16
2024-01-07 12:00:00,4,165.92,369.08,92.53,32.7
2024-01-07 13:00:00,4,161.84,600.25,110.29,38.82
2024-01-07 14:00:00,4,168.79,421.01,100.86,43.06
2024-01-07 15:00:00,4,156.9,420.44,110.38,49.24
2024-01-07 16:00:00,4,157.29,498.63,113.78,34.68
2024-01-07 17:00:00,4,172.88,543.76,102.16,33.52
2024-01-07 18:00:00,4,169.13,506.68,89.6,28.63
2024-01-07 19:00:00,4,200.61,381.68,109.66,39.08
2024-01-07 20:00:00,4,173.62,458.04,102.55,33.98
2024-01-07 21:00:00,4,185.58,345.89,130.6,34.66
2024-01-07 22:00:00,4,150.36,496.1,101.64,36.83
2024-01-07 23:00:00,4,176.83,360.47,107.36,43.11
2024-01-08 00:00:00,4,157.48,405.97,102.88,34.29
2024-01-08 01:00:00,4,176.29,449.74,98.64,33.27
2024-01-08 02:00:00,4,181.74,474.56,97.3,44.35
2024-01-08 03:00:00,4,172.06,437.23,105.05,15.24
2024-01-08 04:00:00,4,210.55,533.39,108.46,36.54
2024-01-08 05:00:00,4,195.06,490.91,116.93,32.13
2024-01-08 06:00:00,4,191.12,486.79,106.12,52.49
2024-01-08 07:00:00,4,184.36,385.96,96.06,38.24
2024-01-08 08:00:00,4,200.17,543.08,97.52,36.91
2024-01-08 09:00:00,4,148.09,408.09,84.19,40.84
2024-01-08 10:00:00,4,192.73,544.03,122.07,35.52
2024-01-08 11:00:00,4,153.93,558.61,92.93,36.45
2024-01-08 12:00:00,4,160.04,476.69,111.62,39.97
2024-01-08 13:00:00,4,177.41,503.83,101.93,34.73
2024-01-08 14:00:00,4,187.52,281.93,101.56,33.95
2024-01-08 15:00:00,4,148.41,436.53,95.5,28.33
2024-01-08 16:00:00,4,158.27,505.78,86.38,26.62
2024-01-08 17:00:00,4,167.81,495.93,83.75,36.76
2024-01-08 18:00:00,4,163.13,380.58,118.43,38.77
2024-01-08 19:00:00,4,180.01,430.45,97.71,23.96
2024-01-08 20:00:00,4,221.94,310.21,111.06,43.08
2024-01-08 21:00:00,4,173.78,469.21,114.88,43.59
2024-01-08 22:00:00,4,155.78,346.41,92.34,46.02
2024-01-08 23:00:00,4,147.46,509.12,103.82,40.94
2024-01-09 00:00:00,4,163.89,512.71,99.72,44.62
2024-01-09 01:00:00,4,154.75,424.42,84.99,58.71
2024-01-09 02:00:00,4,178.18,478.66,98.24,38.04
2024-01-09 03:00:00,4,178.55,439.59,108.84,32.27
2024-01-09 04:00:00,4,164.27,464.74,95.3,28.54
2024-01-09 05:00:00,4,204.04,390.37,97.84,57.13
2024-01-09 06:00:00,4,160.28,485.6,99.9,57.35
2024-01-09 07:00:00,4,170.11,363.82,129.27,34.08
2024-01-09 08:00:00,4,182.04,353.38,78.08,35.48
2024-01-09 09:00:00,4,185.64,444.71,107.73,38.47
2024-01-09 10:00:00,4,191.24,439.28,97.37,51.17
2024-01-09 11:00:00,4,176.82,464.55,91.65,28.84
2024-01-09 12:00:00,4,186.08,414.23,95.55,22.22
2024-01-09 13:00:00,4,157.64,549.72,106.97,57.0
2024-01-09 14:00:00,4,182.44,456.27,106.98,40.32
2024-01-09 15:00:00,4,181.61,459.53,99.42,40.92
2024-01-09 16:00:00,4,190.93,457.14,110.64,34.78
2024-01-09 17:00:00,4,139.34,500.15,112.61,40.25
2024-01-09 18:00:00,4,151.51,477.1,106.67,23.12
2024-01-09 19:00:00,4,179.51,470.0,89.19,29.01
2024-01-09 20:00:00,4,123.79,486.1,102.92,37.44
2024-01-09 21:00:00,4,174.95,348.94,103.46,17.49
2024-01-09 22:00:00,4,184.73,351.59,87.12,35.04
2024-01-09 23:00:00,4,159.07,444.27,78.12,35.23
2024-01-10 00:00:00,4,162.2,438.51,73.04,36.53
2024-01-10 01:00:00,4,152.59,481.08,100.82,35.17
2024-01-10 02:00:00,4,162.23,451.71,104.48,32.07
2024-01-10 03:00:00,4,163.32,482.53,86.01,25.59
2024-01-10 04:00:00,4,160.72,384.79,115.23,42.98
2024-01-10 05:00:00,4,160.14,451.46,104.0,39.45
2024-01-10 06:00:00,4,167.77,380.06,119.55,30.31
2024-01-10 07:00:00,4,167.47,472.83,106.82,42.57
2024-01-10 08:00:00,4,201.96,350.78,87.98,39.2
2024-01-10 09:00:00,4,164.9,469.98,107.17,37.29
2024-01-10 10:00:00,4,176.19,371.68,109.28,22.09
2024-01-10 11:00:00,4,160.61,429.3,92.85,45.79
2024-01-10 12:00:00,4,159.63,497.24,80.53,28.53
2024-01-10 13:00:00,4,140.88,460.58,99.66,38.91
2024-01-10 14:00:00,4,142.3,359.18,84.73,30.69
2024-01-10 15:00:00,4,147.55,410.88,111.48,33.67
2024-01-10 16:00:00,4,169.5,365.84,91.29,46.45
2024-01-10 17:00:00,4,183.59,355.15,118.49,40.81
2024-01-10 18:00:00,4,137.33,452.46,68.74,45.86
2024-01-10 19:00:00,4,157.39,476.36,97.98,39.08
2024-01-10 20:00:00,4,144.5,470.22,114.98,39.95
2024-01-10 21:00:00,4,162.75,479.41,85.53,21.7
2024-01-10 22:00:00,4,184.98,447.0,95.58,34.91
2024-01-10 23:00:00,4,161.16,433.67,93.16,36.43
2024-01-11 00:00:00,4,168.37,391.46,90.32,49.66
2024-01-11 01:00:00,4,193.38,426.26,103.07,35.56
2024-01-11 02:00:00,4,178.02,379.62,83.93,42.92
2024-01-11 03:00:00,4,159.0,405.83,99.83,43.2
2024-01-11 04:00:00,4,174.3,456.52,108.39,51.69
2024-01-11 05:00:00,4,158.69,445.7,99.26,40.89
2024-01-11 06:00:00,4,178.92,616.87,89.24,49.26
2024-01-11 07:00:00,4,180.35,379.7,115.32,27.37
2024-01-11 08:00:00,4,149.69,445.01,111.16,27.86
2024-01-11 09:00:00,4,174.08,374.73,87.83,21.62
2024-01-11 10:00:00,4,168.74,429.79,83.94,47.4
2024-01-11 11:00:00,4,178.7,431.26,87.63,45.71
2024-01-11 12:00:00,4,182.54,494.55,106.17,46.85
2024-01-11 13:00:00,4,176.06,424.19,101.92,32.54
2024-01-11 14:00:00,4,162.75,437.35,107.83,32.79
2024-01-11 15:00:00,4,182.07,423.89,92.81,35.98
2024-01-11 16:00:00,4,152.46,371.23,84.61,48.96
2024-01-11 17:00:00,4,144.95,411.19,108.09,50.81
2024-01-11 18:00:00,4,114.61,425.61,89.0,42.96
2024-01-11 19:00:00,4,165.11,450.21,98.65,39.09
2024-01-11 20:00:00,4,153.29,476.58,76.55,48.02
2024-01-11 21:00:00,4,173.43,434.41,89.67,34.82
2024-01-11 22:00:00,4,135.85,434.08,110.66,34.28
2024-01-11 23:00:00,4,157.93,355.87,89.12,37.25
2024-01-12 00:00:00,4,176.72,478.15,109.64,30.72
2024-01-12 01:00:00,4,153.31,412.51,69.84,38.41
2024-01-12 02:00:00,4,177.24,490.8,93.42,31.03
2024-01-12 03:00:00,4,162.28,522.02,99.05,50.07
2024-01-12 04:00:00,4,171.21,441.64,124.21,46.41
2024-01-12 05:00:00,4,181.63,397.03,86.95,54.33
2024-01-12 06:00:00,4,187.5,451.24,110.79,28.13
2024-01-12 07:00:00,4,173.53,470.78,115.67,58.39
2024-01-12 08:00:00,4,158.61,434.78,92.43,28.21
2024-01-12 09:00:00,4,163.87,420.94,96.44,30.95
2024-01-12 10:00:00,4,180.91,480.93,102.46,35.3
2024-01-12 11:00:00,4,153.45,476.66,80.8,51.16
2024-01-12 12:00:00,4,166.27,430.52,93.27,41.08
2024-01-12 13:00:00,4,162.14,359.46,114.82,36.26
2024-01-12 14:00:00,4,165.97,472.17,104.38,30.82
2024-01-12 15:00:00,4,150.74,405.77,94.99,25.18
2024-01-12 16:00:00,4,136.68,458.06,98.0,46.28
2024-01-12 17:00:00,4,174.64,454.36,103.73,43.11
2024-01-12 18:00:00,4,181.68,344.61,106.1,47.77
2024-01-12 19:00:00,4,137.34,450.6,89.06,39.65
2024-01-12 20:00:00,4,172.49,474.2,116.34,13.82
2024-01-12 21:00:00,4,184.48,481.26,114.0,26.31
2024-01-12 22:00:00,4,177.25,453.95,106.37,41.64
2024-01-12 23:00:00,4,161.64,342.09,87.49,35.18
2024-01-13 00:00:00,4,153.92,517.78,85.98,34.33
2024-01-13 01:00:00,4,171.22,472.01,95.7,30.43
2024-01-13 02:00:00,4,174.63,385.96,101.42,48.79
2024-01-13 03:00:00,4,172.8,408.92,78.45,45.18
2024-01-13 04:00:00,4,168.83,464.16,108.12,46.05
2024-01-13 05:00:00,4,154.58,488.57,118.64,36.59
2024-01-13 06:00:00,4,178.95,425.91,109.57,43.65
2024-01-13 07:00:00,4,179.63,496.41,93.31,30.53
2024-01-13 08:00:00,4,174.97,355.37,91.49,40.62
2024-01-13 09:00:00,4,173.05,395.23,105.13,19.52
2024-01-13 10:00:00,4,197.72,339.68,98.66,27.15
2024-01-13 11:00:00,4,159.85,401.68,105.63,37.14
2024-01-13 12:00:00,4,189.8,530.2,106.9,59.56
2024-01-13 13:00:00,4,156.53,558.97,112.45,22.87
2024-01-13 14:00:00,4,185.52,460.25,83.03,26.94
2024-01-13 15:00:00,4,186.9,412.7,99.88,38.88
2024-01-13 16:00:00,4,161.81,434.63,91.85,51.76
2024-01-13 17:00:00,4,193.02,471.68,94.97,37.98
2024-01-13 18:00:00,4,173.7,362.13,107.29,42.18
2024-01-13 19:00:00,4,152.09,415.47,108.79,33.34
2024-01-13 20:00:00,4,160.51,523.67,114.58,32.15
2024-01-13 21:00:00,4,185.28,390.81,102.51,37.72
2024-01-13 22:00:00,4,182.52,407.38,96.22,31.98
2024-01-13 23:00:00,4,151.3,449.07,95.1,44.59
2024-01-14 00:00:00,4,166.89,464.36,76.76,25.32
2024-01-14 01:00:00,4,173.2,416.32,117.2,47.57
2024-01-14 02:00:00,4,162.45,454.77,96.49,40.98
2024-01-14 03:00:00,4,209.28,483.94,107.79,39.41
2024-01-14 04:00:00,4,175.5,557.16,110.49,27.61
2024-01-14 05:00:00,4,171.04,445.25,85.97,33.61
2024-01-14 06:00:00,4,191.34,449.92,90.23,52.45
2024-01-14 07:00:00,4,166.15,534.14,121.99,40.24
2024-01-14 08:00:00,4,187.98,422.22,105.48,44.13
2024-01-14 09:00:00,4,144.37,380.08,93.77,33.7
2024-01-14 10:00:00,4,163.32,464.09,99.01,40.39
2024-01-14 11:00:00,4,186.83,507.76,113.93,28.11
2024-01-14 12:00:00,4,194.46,468.54,111.19,40.0
2024-01-14 13:00:00,4,155.89,443.15,79.45,41.55
2024-01-14 14:00:00,4,153.29,369.79,118.72,40.39
2024-01-14 15:00:00,4,176.17,443.88,109.48,29.25
2024-01-14 16:00:00,4,156.49,512.82,94.57,33.6
2024-01-14 17:00:00,4,161.91,379.91,80.87,40.86
2024-01-14 18:00:00,4,180.27,432.98,109.73,34.32
2024-01-14 19:00:00,4,157.47,425.41,102.39,33.77
2024-01-14 20:00:00,4,134.85,409.04,77.73,52.91
2024-01-14 21:00:00,4,146.04,460.34,94.02,28.84
2024-01-14 22:00:00,4,167.8,471.47,137.97,46.93
2024-01-14 23:00:00,4,138.31,471.63,98.57,28.43
2024-01-15 00:00:00,4,164.35,396.63,89.57,44.77
2024-01-15 01:00:00,4,147.47,361.44,86.9,46.0
2024-01-15 02:00:00,4,197.08,464.74,123.5,36.25
2024-01-15 03:00:00,4,206.17,424.07,112.2,30.79
2024-01-15 04:00:00,4,154.67,550.55,119.89,24.79
2024-01-15 05:00:00,4,176.18,553.33,105.24,36.75
2024-01-15 06:00:00,4,156.65,559.14,118.31,46.66
2024-01-15 07:00:00,4,167.05,401.5,91.09,32.77
2024-01-15 08:00:00,4,200.82,482.34,103.83,42.57
2024-01-15 09:00:00,4,163.73,498.07,104.96,28.56
2024-01-15 10:00:00,4,166.03,491.4,118.47,38.63
2024-01-15 11:00:00,4,154.72,430.87,104.03,30.05
2024-01-15 12:00:00,4,187.62,517.89,91.07,38.47
2024-01-15 13:00:00,4,115.74,448.39,99.19,34.05
2024-01-15 14:00:00,4,160.5,454.52,76.01,27.4
2024-01-15 15:00:00,4,166.28,364.36,67.08,31.35
2024-01-15 16:00:00,4,155.88,481.2,107.26,28.51
2024-01-15 17:00:00,4,180.16,432.24,91.41,24.94
2024-01-15 18:00:00,4,185.52,471.12,92.77,45.45
2024-01-15 19:00:00,4,143.47,458.88,106.96,33.14
2024-01-15 20:00:00,4,200.3,456.26,114.56,17.6
2024-01-15 21:00:00,4,144.07,444.56,103.91,31.66
2024-01-15 22:00:00,4,188.42,489.92,122.51,45.5
2024-01-15 23:00:00,4,170.78,437.67,104.85,31.81
2024-01-16 00:00:00,4,161.02,370.92,103.04,52.02
2024-01-16 01:00:00,4,163.31,480.5,103.02,32.55
2024-01-16 02:00:00,4,170.1,407.15,84.05,44.97
2024-01-16 03:00:00,4,174.62,380.08,113.59,50.17
2024-01-16 04:00:00,4,156.9,396.79,70.19,45.61
2024-01-16 05:00:00,4,168.26,467.26,94.47,30.21
2024-01-16 06:00:00,4,159.71,446.95,102.43,34.03
2024-01-16 07:00:00,4,152.44,337.4,91.85,52.1
2024-01-16 08:00:00,4,158.56,431.11,95.91,34.82
2024-01-16 09:00:00,4,152.72,514.11,124.99,49.65
2024-01-16 10:00:00,4,163.86,426.38,114.88,36.94
2024-01-16 11:00:00,4,176.89,441.02,91.07,41.13
2024-01-16 12:00:00,4,171.08,505.2,93.08,27.22
2024-01-16 13:00:00,4,200.2,491.12,81.89,33.13
2024-01-16 14:00:00,4,131.99,502.56,106.73,30.11
2024-01-16 15:00:00,4,174.58,297.99,93.79,38.96
2024-01-16 16:00:00,4,166.64,539.72,71.17,37.34
2024-01-16 17:00:00,4,179.39,480.45,97.54,40.22
2024-01-16 18:00:00,4,177.69,578.44,101.8,31.92
2024-01-16 19:00:00,4,163.58,404.19,108.66,28.24
2024-01-16 20:00:00,4,169.32,351.75,95.59,38.11
2024-01-16 21:00:00,4,155.02,447.4,92.21,28.16
2024-01-16 22:00:00,4,177.53,432.84,123.26,46.91
2024-01-16 23:00:00,4,138.06,483.5,98.45,37.38
2024-01-17 00:00:00,4,181.66,506.92,108.42,36.33
2024-01-17 01:00:00,4,169.54,445.22,92.95,43.89
2024-01-17 02:00:00,4,162.78,437.7,109.54,39.98
2024-01-17 03:00:00,4,167.51,479.36,82.48,27.0
2024-01-17 04:00:00,4,169.17,437.96,95.78,32.61
2024-01-17 05:00:00,4,192.95,433.76,86.45,51.13
2024-01-17 06:00:00,4,224.28,507.88,94.33,42.86
2024-01-17 07:00:00,4,191.71,519.75,118.17,27.57
2024-01-17 08:00:00,4,162.62,510.0,93.84,44.76
2024-01-17 09:00:00,4,181.41,442.22,110.52,36.45
2024-01-17 10:00:00,4,181.5,335.62,120.21,33.12
2024-01-17 11:00:00,4,155.0,441.95,99.56,30.07
2024-01-17 12:00:00,4,148.81,408.4,111.96,47.74
2024-01-17 13:00:00,4,167.34,441.39,105.21,21.46
2024-01-17 14:00:00,4,180.66,411.57,99.14,30.43
2024-01-17 15:00:00,4,141.03,445.9,106.7,38.05
2024-01-17 16:00:00,4,154.92,390.68,120.27,50.11
2024-01-17 17:00:00,4,175.47,377.4,88.02,41.0
2024-01-17 18:00:00,4,166.81,511.86,83.76,28.86
2024-01-17 19:00:00,4,189.08,394.12,83.11,49.39
2024-01-17 20:00:00,4,143.78,446.56,109.37,24.89
2024-01-17 21:00:00,4,204.95,498.32,111.59,39.3
2024-01-17 22:00:00,4,142.84,496.78,90.71,41.83
2024-01-17 23:00:00,4,135.64,491.08,70.81,30.78
2024-01-18 00:00:00,4,168.19,465.42,90.43,45.14
2024-01-18 01:00:00,4,151.62,488.83,106.98,35.49
2024-01-18 02:00:00,4,170.01,524.44,99.78,46.62
2024-01-18 03:00:00,4,170.07,474.1,103.59,25.44
2024-01-18 04:00:00,4,168.58,352.99,94.98,44.62
2024-01-18 05:00:00,4,158.45,423.63,115.12,38.49
2024-01-18 06:00:00,4,179.11,489.57,106.56,52.03
2024-01-18 07:00:00,4,166.92,418.33,109.6,41.66
2024-01-18 08:00:00,4,189.53,538.82,103.79,52.48
2024-01-18 09:00:00,4,168.35,447.86,108.02,45.62
2024-01-18 10:00:00,4,155.08,455.22,106.55,39.54
2024-01-18 11:00:00,4,142.7,510.37,87.94,46.69
2024-01-18 12:00:00,4,166.36,439.31,103.95,45.97
2024-01-18 13:00:00,4,147.9,457.84,108.57,42.42
2024-01-18 14:00:00,4,145.87,495.97,112.54,17.92
2024-01-18 15:00:00,4,175.52,367.88,102.38,28.57
2024-01-18 16:00:00,4,137.87,431.2,84.09,48.44
2024-01-18 17:00:00,4,189.01,490.81,85.77,25.44
2024-01-18 18:00:00,4,168.71,449.66,90.52,43.73
2024-01-18 19:00:00,4,165.53,525.11,98.68,42.32
2024-01-18 20:00:00,4,149.85,361.83,94.96,30.3
2024-01-18 21:00:00,4,179.34,356.18,82.52,19.86
2024-01-18 22:00:00,4,167.59,489.01,83.06,32.75
2024-01-18 23:00:00,4,157.3,494.9,71.29,56.23
2024-01-19 00:00:00,4,172.36,438.75,58.9,31.71
2024-01-19 01:00:00,4,142.78,471.44,98.21,33.08
2024-01-19 02:00:00,4,144.27,490.69,130.57,32.06
2024-01-19 03:00:00,4,153.2,407.51,124.44,51.71
2024-01-19 04:00:00,4,177.37,413.74,89.12,39.65
2024-01-19 05:00:00,4,171.98,462.23,103.97,36.65
2024-01-19 06:00:00,4,189.05,500.73,83.24,54.29
2024-01-19 07:00:00,4,157.2,389.37,85.11,47.02
2024-01-19 08:00:00,4,181.0,441.1,86.29,33.83
2024-01-19 09:00:00,4,169.42,438.13,98.35,30.74
2024-01-19 10:00:00,4,155.43,473.1,98.28,50.6
2024-01-19 11:00:00,4,176.13,449.45,103.17,40.06
2024-01-19 12:00:00,4,168.07,419.8,107.69,25.82
2024-01-19 13:00:00,4,158.22,515.47,94.02,23.03
2024-01-19 14:00:00,4,168.31,418.65,98.1,28.04
2024-01-19 15:00:00,4,164.93,431.32,82.91,26.36
2024-01-19 16:00:00,4,164.06,361.0,79.2,18.94
2024-01-19 17:00:00,4,159.59,407.88,76.9,26.78
2024-01-19 18:00:00,4,145.1,473.88,104.51,28.23
2024-01-19 19:00:00,4,167.45,463.47,91.88,32.26
2024-01-19 20:00:00,4,153.6,478.76,72.4,51.1
2024-01-19 21:00:00,4,150.56,476.63,96.2,34.72
2024-01-19 22:00:00,4,163.76,559.85,81.53,36.2
2024-01-19 23:00:00,4,180.2,408.16,119.78,42.74
2024-01-20 00:00:00,4,172.13,362.09,91.67,37.1
2024-01-20 01:00:00,4,161.35,393.45,108.71,43.36
2024-01-20 02:00:00,4,161.42,412.82,114.69,43.05
2024-01-20 03:00:00,4,181.51,398.89,88.94,42.31
2024-01-20 04:00:00,4,133.09,456.77,102.72,65.53
2024-01-20 05:00:00,4,184.89,519.37,109.18,49.87
2024-01-20 06:00:00,4,141.92,534.89,103.63,32.83
2024-01-20 07:00:00,4,149.21,479.14,106.69,45.22
2024-01-20 08:00:00,4,163.44,566.83,84.58,34.93
2024-01-20 09:00:00,4,206.25,432.1,108.41,45.1
2024-01-20 10:00:00,4,197.69,362.89,94.37,28.81
2024-01-20 11:00:00,4,181.31,506.52,104.42,30.39
2024-01-20 12:00:00,4,174.89,350.31,111.01,42.1
2024-01-20 13:00:00,4,138.33,407.78,106.99,46.94
2024-01-20 14:00:00,4,170.17,475.59,102.14,41.96
2024-01-20 15:00:00,4,158.16,441.51,105.3,44.36
2024-01-20 16:00:00,4,153.37,436.28,105.42,39.75
2024-01-20 17:00:00,4,168.74,382.77,115.53,37.72
2024-01-20 18:00:00,4,158.54,445.56,95.7,31.81
2024-01-20 19:00:00,4,180.26,500.19,98.35,43.23
2024-01-20 20:00:00,4,135.32,447.61,108.56,45.35
2024-01-20 21:00:00,4,168.23,402.39,90.69,36.47
2024-01-20 22:00:00,4,153.46,380.58,80.41,36.63
2024-01-20 23:00:00,4,161.76,404.85,104.72,52.05
2024-01-21 00:00:00,4,174.05,470.23,96.48,38.96
2024-01-21 01:00:00,4,151.9,468.38,84.34,40.57
2024-01-21 02:00:00,4,173.29,407.61,107.09,44.8
2024-01-21 03:00:00,4,167.84,332.43,119.72,40.42
2024-01-21 04:00:00,4,161.08,474.31,80.71,34.68
2024-01-21 05:00:00,4,164.45,403.78,115.22,45.29
2024-01-21 06:00:00,4,169.65,489.17,69.41,41.8
2024-01-21 07:00:00,4,159.65,411.39,96.87,57.88
2024-01-21 08:00:00,4,171.85,398.64,125.48,48.52
2024-01-21 09:00:00,4,166.77,459.49,97.02,36.14
2024-01-21 10:00:00,4,160.78,577.36,101.8,46.91
2024-01-21 11:00:00,4,195.55,490.17,109.76,42.56
2024-01-21 12:00:00,4,175.83,456.46,77.0,50.4
2024-01-21 13:00:00,4,162.19,467.65,99.29,33.85
2024-01-21 14:00:00,4,169.99,353.52,98.47,39.26
2024-01-21 15:00:00,4,150.46,386.69,121.04,36.16
2024-01-21 16:00:00,4,159.5,311.58,80.6,37.04
2024-01-21 17:00:00,4,161.08,539.22,91.32,28.63
2024-01-21 18:00:00,4,146.03,528.23,84.16,41.09
2024-01-21 19:00:00,4,172.49,467.35,82.9,39.83
2024-01-21 20:00:00,4,158.39,453.8,111.08,47.59
2024-01-21 21:00:00,4,161.28,363.62,97.36,36.93
2024-01-21 22:00:00,4,158.47,435.85,90.47,34.1
2024-01-21 23:00:00,4,216.08,544.7,91.68,45.15
2024-01-22 00:00:00,4,158.45,456.2,91.87,32.31
2024-01-22 01:00:00,4,136.56,419.56,93.8,49.25
2024-01-22 02:00:00,4,144.84,356.14,84.33,49.95
2024-01-22 03:00:00,4,183.5,525.45,97.92,52.07
2024-01-22 04:00:00,4,193.29,447.97,97.1,44.97
2024-01-22 05:00:00,4,161.04,357.61,92.26,37.85
2024-01-22 06:00:00,4,192.76,402.46,104.14,43.08
2024-01-22 07:00:00,4,183.99,383.37,105.13,45.3
2024-01-22 08:00:00,4,168.68,444.65,94.56,36.92
2024-01-22 09:00:00,4,167.06,462.4,99.4,52.72
2024-01-22 10:00:00,4,173.55,423.59,128.48,45.63
2024-01-22 11:00:00,4,184.06,491.68,127.27,32.24
2024-01-22 12:00:00,4,175.54,453.37,85.54,55.33
2024-01-22 13:00:00,4,157.45,505.46,86.56,39.2
2024-01-22 14:00:00,4,164.83,428.44,83.97,28.23
2024-01-22 15:00:00,4,198.96,610.7,110.65,29.88
2024-01-22 16:00:00,4,170.59,416.2,91.4,49.33
2024-01-22 17:00:00,4,180.26,397.69,99.33,51.93
2024-01-22 18:00:00,4,174.84,390.97,121.9,44.82
2024-01-22 19:00:00,4,170.65,434.9,96.1,47.59
2024-01-22 20:00:00,4,168.29,354.11,105.65,47.0
2024-01-22 21:00:00,4,181.49,462.85,103.73,41.81
2024-01-22 22:00:00,4,179.23,345.23,90.05,40.47
2024-01-22 23:00:00,4,172.62,457.05,112.02,43.0
2024-01-23 00:00:00,4,157.95,376.51,88.18,45.47
2024-01-23 01:00:00,4,176.13,429.42,117.2,33.54
2024-01-23 02:00:00,4,169.56,483.13,93.06,46.93
2024-01-23 03:00:00,4,166.29,575.1,95.09,53.8
2024-01-23 04:00:00,4,214.93,393.79,87.69,39.96
2024-01-23 05:00:00,4,147.22,443.96,90.11,39.34
2024-01-23 06:00:00,4,187.59,413.24,96.63,46.24
2024-01-23 07:00:00,4,158.12,405.28,70.67,36.45
2024-01-23 08:00:00,4,173.85,413.31,98.73,30.41
2024-01-23 09:00:00,4,212.68,495.55,94.71,51.13
2024-01-23 10:00:00,4,155.12,424.4,110.83,36.76
2024-01-23 11:00:00,4,158.24,570.81,105.37,40.07
2024-01-23 12:00:00,4,168.86,471.5,90.01,33.89
2024-01-23 13:00:00,4,154.7,394.07,92.45,49.34
2024-01-23 14:00:00,4,181.89,427.93,94.61,44.97
2024-01-23 15:00:00,4,158.4,403.92,116.19,34.95
2024-01-23 16:00:00,4,177.09,489.54,85.93,26.39
2024-01-23 17:00:00,4,144.81,358.16,86.95,33.26
2024-01-23 18:00:00,4,137.0,374.06,81.58,41.04
2024-01-23 19:00:00,4,162.55,414.44,77.12,37.86
2024-01-23 20:00:00,4,141.25,483.25,100.5,37.48
2024-01-23 21:00:00,4,191.5,513.29,99.63,38.84
2024-01-23 22:00:00,4,142.97,521.84,114.19,44.16
2024-01-23 23:00:00,4,151.63,476.84,111.8,38.0
2024-01-24 00:00:00,4,175.81,444.68,130.06,43.01
2024-01-24 01:00:00,4,160.46,492.63,98.96,31.43
2024-01-24 02:00:00,4,146.15,389.12,97.28,62.6
2024-01-24 03:00:00,4,204.15,352.11,84.49,38.82
2024-01-24 04:00:00,4,155.58,475.21,110.72,43.49
2024-01-24 05:00:00,4,168.87,397.98,103.56,46.91
2024-01-24 06:00:00,4,168.76,448.63,110.54,38.6
2024-01-24 07:00:00,4,183.49,458.47,87.34,42.1
2024-01-24 08:00:00,4,179.19,465.07,106.27,41.7
2024-01-24 09:00:00,4,157.93,501.67,103.91,33.4
2024-01-24 10:00:00,4,165.38,495.36,102.43,44.41
2024-01-24 11:00:00,4,166.26,460.4,91.1,25.73
2024-01-24 12:00:00,4,181.21,425.38,114.48,54.21
2024-01-24 13:00:00,4,149.52,454.15,124.81,45.18
2024-01-24 14:00:00,4,200.18,415.59,83.31,43.13
2024-01-24 15:00:00,4,154.77,436.46,106.31,22.08
2024-01-24 16:00:00,4,166.4,587.27,59.42,29.72
2024-01-24 17:00:00,4,147.54,456.03,104.86,48.19
2024-01-24 18:00:00,4,145.2,470.34,72.01,71.84
2024-01-24 19:00:00,4,152.14,408.32,89.47,46.51
2024-01-24 20:00:00,4,150.89,501.37,79.6,45.46
2024-01-24 21:00:00,4,160.34,487.88,94.23,41.53
2024-01-24 22:00:00,4,151.85,488.88,108.46,30.35
2024-01-24 23:00:00,4,179.58,459.91,74.4,46.92
2024-01-25 00:00:00,4,156.51,504.73,94.5,29.67
2024-01-25 01:00:00,4,155.5,518.27,93.29,29.5
2024-01-25 02:00:00,4,164.3,465.85,121.03,29.69
2024-01-25 03:00:00,4,187.27,445.1,106.83,49.65
2024-01-25 04:00:00,4,175.2,499.82,86.55,41.24
2024-01-25 05:00:00,4,170.43,403.44,95.96,42.9
2024-01-25 06:00:00,4,149.03,413.55,122.21,42.01
2024-01-25 07:00:00,4,153.61,449.17,111.25,32.35
2024-01-25 08:00:00,4,151.12,358.14,89.89,35.97
2024-01-25 09:00:00,4,192.33,495.74,97.81,35.92
2024-01-25 10:00:00,4,179.19,398.88,97.6,28.55
2024-01-25 11:00:00,4,156.02,424.57,92.97,35.58
2024-01-25 12:00:00,4,160.04,437.67,77.08,29.84
2024-01-25 13:00:00,4,155.05,450.47,89.62,43.33
2024-01-25 14:00:00,4,153.35,429.17,115.56,43.32
2024-01-25 15:00:00,4,174.44,443.4,92.1,25.89
2024-01-25 16:00:00,4,161.9,443.33,95.21,33.99
2024-01-25 17:00:00,4,199.8,422.21,98.05,52.2
2024-01-25 18:00:00,4,186.3,404.58,124.75,27.7
2024-01-25 19:00:00,4,187.36,504.37,96.35,39.91
2024-01-25 20:00:00,4,177.37,333.43,110.65,37.45
2024-01-25 21:00:00,4,160.2,435.96,89.3,46.42
2024-01-25 22:00:00,4,177.28,422.43,94.29,40.18
2024-01-25 23:00:00,4,162.74,470.87,98.52,34.65
2024-01-26 00:00:00,4,195.43,370.97,89.15,39.71
2024-01-26 01:00:00,4,176.43,423.05,97.29,40.61
2024-01-26 02:00:00,4,174.87,445.14,112.09,39.85
2024-01-26 03:00:00,4,173.31,508.78,90.93,29.91
2024-01-26 04:00:00,4,199.8,469.59,101.74,52.43
2024-01-26 05:00:00,4,148.92,388.42,111.18,51.21
2024-01-26 06:00:00,4,201.78,425.94,91.5,33.16
2024-01-26 07:00:00,4,169.03,499.66,116.17,39.45
2024-01-26 08:00:00,4,149.06,387.19,102.68,39.8
2024-01-26 09:00:00,4,159.13,447.03,99.13,31.31
2024-01-26 10:00:00,4,144.02,450.15,74.73,24.58
2024-01-26 11:00:00,4,180.45,429.18,95.09,34.15
2024-01-26 12:00:00,4,152.4,594.03,103.93,36.07
2024-01-26 13:00:00,4,171.08,426.18,120.88,25.97
2024-01-26 14:00:00,4,185.93,471.81,104.96,39.16
2024-01-26 15:00:00,4,156.18,405.83,111.54,47.02
2024-01-26 16:00:00,4,162.22,474.91,80.94,43.78
2024-01-26 17:00:00,4,145.22,493.04,94.6,35.15
2024-01-26 18:00:00,4,159.88,414.53,111.89,20.31
2024-01-26 19:00:00,4,207.75,443.3,84.79,42.39
2024-01-26 20:00:00,4,179.08,398.42,108.99,37.8
2024-01-26 21:00:00,4,162.75,385.5,106.48,40.67
2024-01-26 22:00:00,4,157.77,503.37,101.18,54.29
2024-01-26 23:00:00,4,167.67,418.58,94.12,31.27
2024-01-27 00:00:00,4,171.23,319.41,86.41,14.41
2024-01-27 01:00:00,4,163.16,544.8,122.82,30.85
2024-01-27 02:00:00,4,179.18,407.53,108.79,44.82
2024-01-27 03:00:00,4,155.88,438.02,105.65,41.49
2024-01-27 04:00:00,4,156.28,539.93,96.41,31.28
2024-01-27 05:00:00,4,178.0,444.42,102.52,29.83
2024-01-27 06:00:00,4,153.29,443.36,104.26,39.09
2024-01-27 07:00:00,4,183.79,386.02,107.19,31.32
2024-01-27 08:00:00,4,171.51,363.86,111.21,46.21
2024-01-27 09:00:00,4,141.78,442.32,91.17,37.72
2024-01-27 10:00:00,4,172.4,470.14,81.72,35.24
2024-01-27 11:00:00,4,142.74,466.34,101.0,33.39
2024-01-27 12:00:00,4,180.32,423.27,76.6,41.4
2024-01-27 13:00:00,4,164.35,449.45,94.19,38.73
2024-01-27 14:00:00,4,197.49,348.89,91.07,39.37
2024-01-27 15:00:00,4,184.29,471.75,103.36,38.57
2024-01-27 16:00:00,4,149.44,455.22,122.12,35.92
2024-01-27 17:00:00,4,133.66,552.32,71.15,27.35
2024-01-27 18:00:00,4,153.96,446.54,125.47,29.86
2024-01-27 19:00:00,4,146.55,395.57,93.23,32.85
2024-01-27 20:00:00,4,195.98,443.81,101.03,54.3
2024-01-27 21:00:00,4,166.85,429.4,78.77,25.42
2024-01-27 22:00:00,4,182.69,471.0,110.5,34.03
2024-01-27 23:00:00,4,163.77,449.81,98.9,39.21
2024-01-28 00:00:00,4,166.24,381.42,98.34,36.53
2024-01-28 01:00:00,4,169.39,361.99,74.92,49.15
2024-01-28 02:00:00,4,188.48,464.77,101.59,37.98
2024-01-28 03:00:00,4,176.28,525.6,112.17,39.24
2024-01-28 04:00:00,4,154.69,456.0,98.69,48.74
2024-01-28 05:00:00,4,198.2,495.75,117.18,57.61
2024-01-28 06:00:00,4,167.42,506.58,116.75,54.24
2024-01-28 07:00:00,4,164.69,466.38,93.77,40.86
2024-01-28 08:00:00,4,126.11,407.96,122.31,41.31
2024-01-28 09:00:00,4,181.49,461.76,101.84,41.66
2024-01-28 10:00:00,4,172.27,515.52,101.28,41.9
2024-01-28 11:00:00,4,171.53,478.4,101.19,32.63
2024-01-28 12:00:00,4,162.64,489.36,100.03,47.19
2024-01-28 13:00:00,4,159.09,423.5,64.43,40.14
2024-01-28 14:00:00,4,161.68,436.76,95.24,37.25
2024-01-28 15:00:00,4,174.48,440.63,79.42,26.08
2024-01-28 16:00:00,4,176.85,443.78,117.52,37.08
2024-01-28 17:00:00,4,162.51,509.02,116.7,19.96
2024-01-28 18:00:00,4,181.44,319.98,107.13,31.14
2024-01-28 19:00:00,4,164.97,447.88,93.16,31.4
2024-01-28 20:00:00,4,158.41,442.27,83.54,39.01
2024-01-28 21:00:00,4,170.22,373.3,88.53,53.18
2024-01-28 22:00:00,4,145.72,483.75,122.7,42.56
2024-01-28 23:00:00,4,172.11,409.42,89.43,50.82
2024-01-29 00:00:00,4,144.27,429.95,68.75,44.69
2024-01-29 01:00:00,4,153.34,549.29,113.2,49.59
2024-01-29 02:00:00,4,138.09,504.92,119.99,56.61
2024-01-29 03:00:00,4,168.44,482.14,122.66,34.97
2024-01-29 04:00:00,4,197.69,472.2,115.13,34.88
2024-01-29 05:00:00,4,170.15,443.18,117.54,47.79
2024-01-29 06:00:00,4,182.52,559.6,102.82,42.11
2024-01-29 07:00:00,4,209.97,495.15,75.25,43.93
2024-01-29 08:00:00,4,178.25,411.45,102.1,39.6
2024-01-29 09:00:00,4,158.92,376.0,109.28,36.13
2024-01-29 10:00:00,4,160.52,481.11,98.89,54.58
2024-01-29 11:00:00,4,169.92,446.91,97.58,30.46
2024-01-29 12:00:00,4,158.93,372.33,86.7,45.04
2024-01-29 13:00:00,4,159.36,471.4,85.44,42.87
2024-01-29 14:00:00,4,183.52,433.18,121.35,24.06
2024-01-29 15:00:00,4,183.56,475.54,121.2,29.87
2024-01-29 16:00:00,4,139.98,470.28,96.51,30.84
2024-01-29 17:00:00,4,153.05,413.55,99.87,41.1
2024-01-29 18:00:00,4,158.66,480.15,83.48,32.98
2024-01-29 19:00:00,4,175.9,419.48,104.53,35.5
2024-01-29 20:00:00,4,184.97,423.27,119.24,24.0
2024-01-29 21:00:00,4,210.59,418.41,77.29,57.02
2024-01-29 22:00:00,4,160.13,508.43,103.62,38.25
2024-01-29 23:00:00,4,161.66,433.28,105.31,42.65
2024-01-30 00:00:00,4,178.63,522.91,105.94,34.49
2024-01-30 01:00:00,4,158.91,545.78,121.11,34.3
2024-01-30 02:00:00,4,168.36,410.93,126.9,57.09
2024-01-30 03:00:00,4,164.57,294.26,98.25,24.78
2024-01-30 04:00:00,4,129.46,507.88,110.42,44.13
2024-01-30 05:00:00,4,174.02,433.65,103.12,31.62
2024-01-30 06:00:00,4,169.2,405.58,93.98,38.65
2024-01-30 07:00:00,4,192.53,420.39,105.53,36.55
2024-01-30 08:00:00,4,171.82,429.44,110.4,33.26
2024-01-30 09:00:00,4,151.03,520.98,104.06,41.56
2024-01-30 10:00:00,4,166.48,459.23,89.27,18.55
2024-01-30 11:00:00,4,136.2,518.91,93.93,37.2
2024-01-30 12:00:00,4,149.61,475.7,93.26,38.36
2024-01-30 13:00:00,4,178.61,431.74,87.49,26.67
2024-01-30 14:00:00,4,163.65,426.66,101.68,50.65
2024-01-30 15:00:00,4,181.89,477.2,102.41,31.9
2024-01-30 16:00:00,4,134.82,490.64,109.18,34.5
2024-01-30 17:00:00,4,162.33,499.82,85.18,31.15
2024-01-30 18:00:00,4,158.47,432.08,88.69,35.44
2024-01-30 19:00:00,4,181.65,455.66,116.29,47.49
2024-01-30 20:00:00,4,177.39,477.93,94.42,57.81
2024-01-30 21:00:00,4,177.37,426.38,97.41,43.43
2024-01-30 22:00:00,4,192.49,386.63,95.38,46.99
2024-01-30 23:00:00,4,162.43,405.02,112.98,53.12
2024-01-01 00:00:00,5,195.82,431.0,90.37,51.77
2024-01-01 01:00:00,5,184.05,408.73,94.22,52.0
2024-01-01 02:00:00,5,174.32,467.9,92.85,48.22
2024-01-01 03:00:00,5,178.27,596.9,119.75,28.03
2024-01-01 04:00:00,5,143.73,482.7,102.98,31.61
2024-01-01 05:00:00,5,178.11,448.4,96.64,44.82
2024-01-01 06:00:00,5,148.6,417.76,104.88,43.2
2024-01-01 07:00:00,5,147.19,381.19,112.01,39.11
2024-01-01 08:00:00,5,176.21,492.53,98.65,59.48
2024-01-01 09:00:00,5,154.65,489.13,114.25,43.53
2024-01-01 10:00:00,5,171.88,426.94,85.6,46.66
2024-01-01 11:00:00,5,173.51,516.49,116.38,49.77
2024-01-01 12:00:00,5,173.45,451.63,100.38,40.97
2024-01-01 13:00:00,5,155.14,491.36,99.1,62.0
2024-01-01 14:00:00,5,183.49,464.92,90.06,30.91
2024-01-01 15:00:00,5,166.94,438.86,82.54,33.16
2024-01-01 16:00:00,5,175.01,396.57,76.4,29.79
2024-01-01 17:00:00,5,148.31,439.78,87.76,51.04
2024-01-01 18:00:00,5,164.62,492.76,105.08,44.4
2024-01-01 19:00:00,5,185.29,420.29,85.2,32.92
2024-01-01 20:00:00,5,183.54,471.54,77.92,30.47
2024-01-01 21:00:00,5,155.52,390.18,86.65,50.29
2024-01-01 22:00:00,5,160.2,490.93,94.03,42.11
2024-01-01 23:00:00,5,153.78,466.54,95.26,51.85
2024-01-02 00:00:00,5,159.91,385.88,98.84,39.98
2024-01-02 01:00:00,5,148.71,439.23,114.59,45.67
2024-01-02 02:00:00,5,169.77,502.06,118.11,44.58
2024-01-02 03:00:00,5,182.83,384.95,128.49,37.25
2024-01-02 04:00:00,5,160.44,395.53,82.13,41.86
2024-01-02 05:00:00,5,171.93,449.66,92.35,33.21
2024-01-02 06:00:00,5,169.94,568.16,112.51,47.75
2024-01-02 07:00:00,5,190.41,417.24,97.54,49.94
2024-01-02 08:00:00,5,163.23,479.72,114.2,51.61
2024-01-02 09:00:00,5,163.34,466.6,105.29,48.35
2024-01-02 10:00:00,5,158.36,420.31,122.37,40.9
2024-01-02 11:00:00,5,152.93,459.94,114.73,54.62
2024-01-02 12:00:00,5,179.03,426.43,114.18,48.17
2024-01-02 13:00:00,5,167.54,430.49,94.41,51.66
2024-01-02 14:00:00,5,169.88,359.7,97.74,51.48
2024-01-02 15:00:00,5,188.93,447.06,94.44,37.3
2024-01-02 16:00:00,5,189.38,496.23,78.47,41.24
2024-01-02 17:00:00,5,141.05,450.69,116.59,44.26
2024-01-02 18:00:00,5,177.94,506.11,107.11,27.62
2024-01-02 19:00:00,5,171.24,478.79,93.15,27.91
2024-01-02 20:00:00,5,160.46,444.7,114.73,26.73
2024-01-02 21:00:00,5,173.66,414.63,90.24,37.45
2024-01-02 22:00:00,5,141.16,422.86,75.29,36.13
2024-01-02 23:00:00,5,193.31,370.68,112.72,27.37
2024-01-03 00:00:00,5,178.8,436.14,84.0,41.78
2024-01-03 01:00:00,5,157.32,459.12,98.75,40.45
2024-01-03 02:00:00,5,162.56,544.2,104.66,52.17
2024-01-03 03:00:00,5,145.16,481.02,107.59,59.93
2024-01-03 04:00:00,5,168.03,406.61,114.04,47.02
2024-01-03 05:00:00,5,165.61,376.03,110.89,37.4
2024-01-03 06:00:00,5,152.13,442.4,110.59,49.06
2024-01-03 07:00:00,5,185.92,497.03,93.19,43.48
2024-01-03 08:00:00,5,193.68,441.24,106.89,41.03
2024-01-03 09:00:00,5,172.18,481.75,83.2,35.21
2024-01-03 10:00:00,5,167.07,442.26,122.15,38.01
2024-01-03 11:00:00,5,178.29,489.81,83.18,39.75
2024-01-03 12:00:00,5,170.18,364.65,96.03,47.41
2024-01-03 13:00:00,5,152.27,535.95,82.71,44.12
2024-01-03 14:00:00,5,158.47,389.2,89.58,54.7
2024-01-03 15:00:00,5,163.6,491.04,98.55,44.18
2024-01-03 16:00:00,5,171.9,433.27,91.08,41.55
2024-01-03 17:00:00,5,167.75,441.37,112.36,34.97
2024-01-03 18:00:00,5,170.89,434.54,100.42,28.58
2024-01-03 19:00:00,5,143.01,461.34,91.63,32.7
2024-01-03 20:00:00,5,178.63,472.49,96.18,31.88
2024-01-03 21:00:00,5,168.43,505.26,114.11,16.35
2024-01-03 22:00:00,5,210.16,524.67,110.72,30.32
2024-01-03 23:00:00,5,163.47,467.56,85.03,53.5
2024-01-04 00:00:00,5,175.71,542.61,91.72,43.67
2024-01-04 01:00:00,5,216.9,456.27,107.4,38.04
2024-01-04 02:00:00,5,175.13,509.91,106.56,45.42
2024-01-04 03:00:00,5,171.53,475.66,89.07,25.82
2024-01-04 04:00:00,5,157.18,423.58,112.76,45.52
2024-01-04 05:00:00,5,198.04,463.14,91.9,54.38
2024-01-04 06:00:00,5,154.81,480.54,120.32,42.46
2024-01-04 07:00:00,5,180.28,451.66,110.23,28.16
2024-01-04 08:00:00,5,165.46,475.29,88.49,39.54
2024-01-04 09:00:00,5,169.57,499.13,95.79,53.62
2024-01-04 10:00:00,5,149.04,450.74,94.95,44.22
2024-01-04 11:00:00,5,192.93,293.04,103.34,29.08
2024-01-04 12:00:00,5,166.02,540.7,97.87,60.86
2024-01-04 13:00:00,5,150.13,433.73,84.94,28.94
2024-01-04 14:00:00,5,189.2,404.75,81.01,36.91
2024-01-04 15:00:00,5,160.25,387.96,105.46,29.45
2024-01-04 16:00:00,5,173.3,429.82,101.59,28.99
2024-01-04 17:00:00,5,181.17,417.35,98.96,33.71
2024-01-04 18:00:00,5,175.14,407.88,100.99,42.97
2024-01-04 19:00:00,5,132.18,410.94,89.62,48.7
2024-01-04 20:00:00,5,179.11,476.37,100.27,34.58
2024-01-04 21:00:00,5,166.75,557.51,131.12,29.69
2024-01-04 22:00:00,5,163.69,493.1,114.15,43.11
2024-01-04 23:00:00,5,167.96,510.06,96.0,44.09
2024-01-05 00:00:00,5,144.54,430.21,93.75,42.56
2024-01-05 01:00:00,5,174.37,456.9,64.37,43.65
2024-01-05 02:00:00,5,150.0,474.92,115.78,41.03
2024-01-05 03:00:00,5,168.01,417.17,112.77,43.46
2024-01-05 04:00:00,5,175.62,430.21,96.08,41.53
2024-01-05 05:00:00,5,190.71,499.33,84.93,52.6
2024-01-05 06:00:00,5,160.28,512.1,88.59,62.66
2024-01-05 07:00:00,5,196.8,457.02,109.13,44.94
2024-01-05 08:00:00,5,188.36,388.86,101.94,43.04
2024-01-05 09:00:00,5,165.69,436.73,111.54,44.82
2024-01-05 10:00:00,5,154.12,374.53,103.11,36.34
2024-01-05 11:00:00,5,147.99,455.32,113.75,47.85
2024-01-05 12:00:00,5,174.88,464.23,105.27,44.29
2024-01-05 13:00:00,5,157.83,435.17,110.41,36.11
2024-01-05 14:00:00,5,188.34,461.99,72.04,46.76
2024-01-05 15:00:00,5,157.42,470.78,82.45,38.54
2024-01-05 16:00:00,5,153.38,461.71,93.2,29.56
2024-01-05 17:00:00,5,171.37,383.02,111.53,40.62
2024-01-05 18:00:00,5,156.44,433.88,121.76,39.54
2024-01-05 19:00:00,5,167.74,469.63,95.48,45.86
2024-01-05 20:00:00,5,183.8,532.76,90.01,45.05
2024-01-05 21:00:00,5,170.27,433.76,73.16,37.44
2024-01-05 22:00:00,5,170.95,478.61,110.14,34.94
2024-01-05 23:00:00,5,173.03,496.92,92.62,39.74
2024-01-06 00:00:00,5,143.2,439.93,138.66,43.62
2024-01-06 01:00:00,5,177.59,513.0,91.74,45.43
2024-01-06 02:00:00,5,174.58,516.61,129.16,44.59
2024-01-06 03:00:00,5,187.02,526.81,112.27,41.84
2024-01-06 04:00:00,5,182.86,477.74,89.83,51.67
2024-01-06 05:00:00,5,170.14,580.25,106.39,37.6
2024-01-06 06:00:00,5,190.15,420.43,113.45,64.82
2024-01-06 07:00:00,5,168.68,567.56,100.49,49.96
2024-01-06 08:00:00,5,177.08,494.39,113.91,33.4
2024-01-06 09:00:00,5,167.6,524.66,113.14,44.21
2024-01-06 10:00:00,5,179.44,434.8,109.69,48.64
2024-01-06 11:00:00,5,165.2,496.66,101.06,38.27
2024-01-06 12:00:00,5,197.06,527.2,85.34,27.64
2024-01-06 13:00:00,5,202.25,391.28,98.73,30.79
2024-01-06 14:00:00,5,183.09,440.22,101.27,43.66
2024-01-06 15:00:00,5,193.23,333.28,74.18,23.29
2024-01-06 16:00:00,5,143.08,438.31,100.08,25.44
2024-01-06 17:00:00,5,144.68,403.74,96.35,42.22
2024-01-06 18:00:00,5,162.31,435.79,80.77,35.58
2024-01-06 19:00:00,5,168.26,604.75,93.3,31.62
2024-01-06 20:00:00,5,164.7,540.23,93.88,33.64
2024-01-06 21:00:00,5,141.9,371.01,123.27,25.73
2024-01-06 22:00:00,5,187.57,478.87,101.84,43.16
2024-01-06 23:00:00,5,204.46,492.66,113.09,32.79
2024-01-07 00:00:00,5,191.15,432.34,98.98,35.89
2024-01-07 01:00:00,5,188.78,460.86,77.1,44.26
2024-01-07 02:00:00,5,175.64,466.83,110.67,39.79
2024-01-07 03:00:00,5,159.03,380.24,94.13,36.56
2024-01-07 04:00:00,5,174.27,397.66,98.77,25.99
2024-01-07 05:00:00,5,207.35,462.66,89.81,46.56
2024-01-07 06:00:00,5,167.82,458.84,104.44,44.18
2024-01-07 07:00:00,5,166.06,415.31,117.14,38.95
2024-01-07 08:00:00,5,190.95,410.4,115.13,34.17
2024-01-07 09:00:00,5,191.54,447.79,123.08,42.73
2024-01-07 10:00:00,5,158.33,499.63,124.29,46.13
2024-01-07 11:00:00,5,167.06,447.16,74.88,42.11
2024-01-07 12:00:00,5,162.4,537.72,85.1,54.59
2024-01-07 13:00:00,5,170.85,412.32,76.4,45.78
2024-01-07 14:00:00,5,186.79,459.38,107.15,38.08
2024-01-07 15:00:00,5,155.41,429.33,89.44,44.73
2024-01-07 16:00:00,5,185.47,479.5,91.59,38.32
2024-01-07 17:00:00,5,169.24,405.59,94.81,37.99
2024-01-07 18:00:00,5,205.01,551.1,102.43,48.65
2024-01-07 19:00:00,5,172.74,356.73,78.44,29.88
2024-01-07 20:00:00,5,166.34,540.11,81.66,38.1
2024-01-07 21:00:00,5,177.64,453.21,98.39,48.61
2024-01-07 22:00:00,5,163.56,478.69,114.46,41.66
2024-01-07 23:00:00,5,140.77,521.45,99.39,36.55
2024-01-08 00:00:00,5,166.62,496.6,90.29,25.82
2024-01-08 01:00:00,5,167.14,412.04,73.56,21.75
2024-01-08 02:00:00,5,146.32,484.25,114.29,59.85
2024-01-08 03:00:00,5,171.44,553.0,93.13,45.27
2024-01-08 04:00:00,5,139.76,405.4,88.29,38.07
2024-01-08 05:00:00,5,167.79,567.26,81.27,46.4
2024-01-08 06:00:00,5,177.43,474.23,84.93,35.35
2024-01-08 07:00:00,5,174.96,430.11,91.0,40.55
2024-01-08 08:00:00,5,166.47,405.08,100.01,35.0
2024-01-08 09:00:00,5,171.24,440.62,87.03,30.46
2024-01-08 10:00:00,5,159.35,346.9,104.39,23.89
2024-01-08 11:00:00,5,171.45,428.95,98.1,27.53
2024-01-08 12:00:00,5,171.43,436.37,129.16,49.28
2024-01-08 13:00:00,5,155.2,391.97,77.73,31.23
2024-01-08 14:00:00,5,173.31,489.19,101.08,43.6
2024-01-08 15:00:00,5,172.59,436.62,100.62,46.6
2024-01-08 16:00:00,5,165.22,413.73,84.61,38.04
2024-01-08 17:00:00,5,206.64,430.11,98.83,35.03
2024-01-08 18:00:00,5,165.23,466.58,107.43,38.64
2024-01-08 19:00:00,5,163.1,451.54,98.84,34.02
2024-01-08 20:00:00,5,161.09,410.22,115.76,48.25
2024-01-08 21:00:00,5,152.72,455.13,70.28,54.51
2024-01-08 22:00:00,5,180.06,446.27,88.13,51.47
2024-01-08 23:00:00,5,158.66,388.48,118.75,21.22
2024-01-09 00:00:00,5,161.34,434.99,112.26,36.74
2024-01-09 01:00:00,5,162.6,482.41,108.25,41.31
2024-01-09 02:00:00,5,156.12,482.75,117.91,45.98
2024-01-09 03:00:00,5,144.38,440.26,77.9,27.76
2024-01-09 04:00:00,5,165.63,489.47,113.36,28.1
2024-01-09 05:00:00,5,187.48,400.72,117.13,54.63
2024-01-09 06:00:00,5,176.67,402.49,95.0,38.69
2024-01-09 07:00:00,5,198.56,439.89,137.31,30.6
2024-01-09 08:00:00,5,185.2,533.59,105.63,33.6
2024-01-09 09:00:00,5,181.07,461.39,74.33,45.98
2024-01-09 10:00:00,5,202.36,437.2,106.92,34.92
2024-01-09 11:00:00,5,169.71,534.27,91.99,43.35
2024-01-09 12:00:00,5,171.51,435.07,115.53,32.08
2024-01-09 13:00:00,5,169.54,569.84,106.79,24.72
2024-01-09 14:00:00,5,193.89,421.52,91.28,51.25
2024-01-09 15:00:00,5,168.42,394.0,117.76,41.8
2024-01-09 16:00:00,5,157.45,438.96,110.02,35.03
2024-01-09 17:00:00,5,177.08,434.21,86.92,33.12
2024-01-09 18:00:00,5,154.34,404.08,95.54,50.1
2024-01-09 19:00:00,5,176.2,587.46,104.27,42.69
2024-01-09 20:00:00,5,174.57,465.03,93.2,47.76
2024-01-09 21:00:00,5,165.32,473.33,94.06,33.36
2024-01-09 22:00:00,5,178.12,424.17,99.47,39.43
2024-01-09 23:00:00,5,145.73,418.67,85.97,43.18
2024-01-10 00:00:00,5,173.13,505.62,71.7,35.77
2024-01-10 01:00:00,5,163.81,361.2,104.36,40.45
2024-01-10 02:00:00,5,218.15,390.57,76.34,36.98
2024-01-10 03:00:00,5,175.13,439.33,89.81,46.05
2024-01-10 04:00:00,5,163.48,525.71,80.24,31.73
2024-01-10 05:00:00,5,151.17,433.27,82.13,48.31
2024-01-10 06:00:00,5,194.55,475.87,109.0,46.17
2024-01-10 07:00:00,5,167.75,454.89,100.53,41.65
2024-01-10 08:00:00,5,160.34,522.77,99.76,46.96
2024-01-10 09:00:00,5,178.04,367.44,85.64,39.48
2024-01-10 10:00:00,5,182.47,491.56,93.54,36.23
2024-01-10 11:00:00,5,181.5,440.58,106.13,45.95
2024-01-10 12:00:00,5,170.82,500.21,99.83,45.55
2024-01-10 13:00:00,5,172.29,405.68,110.33,35.36
2024-01-10 14:00:00,5,172.74,450.31,111.45,33.9
2024-01-10 15:00:00,5,173.8,442.87,95.12,36.8
2024-01-10 16:00:00,5,174.75,394.02,74.01,33.15
2024-01-10 17:00:00,5,185.25,378.78,87.84,50.72
2024-01-10 18:00:00,5,168.41,416.3,96.24,40.22
2024-01-10 19:00:00,5,154.43,454.58,87.58,37.73
2024-01-10 20:00:00,5,165.57,407.22,84.3,29.88
2024-01-10 21:00:00,5,180.53,430.63,99.28,44.73
2024-01-10 22:00:00,5,140.19,347.64,130.35,33.74
2024-01-10 23:00:00,5,141.01,429.8,93.42,34.11
2024-01-11 00:00:00,5,185.3,505.52,100.46,47.14
2024-01-11 01:00:00,5,195.79,489.18,84.35,44.61
2024-01-11 02:00:00,5,151.6,447.33,118.04,20.47
2024-01-11 03:00:00,5,174.24,465.72,113.9,41.26
2024-01-11 04:00:00,5,166.65,408.58,113.49,44.18
2024-01-11 05:00:00,5,169.19,540.71,120.94,40.47
2024-01-11 06:00:00,5,178.42,564.64,97.99,44.88
2024-01-11 07:00:00,5,152.55,462.25,99.49,27.83
2024-01-11 08:00:00,5,155.24,592.35,125.15,18.75
2024-01-11 09:00:00,5,167.76,416.06,110.78,34.23
2024-01-11 10:00:00,5,169.65,384.75,73.37,44.43
2024-01-11 11:00:00,5,153.12,413.13,107.14,13.54
2024-01-11 12:00:00,5,183.23,438.7,92.99,33.24
2024-01-11 13:00:00,5,162.99,573.99,111.31,23.19
2024-01-11 14:00:00,5,162.2,433.89,104.26,36.91
2024-01-11 15:00:00,5,172.93,402.17,75.92,55.21
2024-01-11 16:00:00,5,165.82,399.61,101.37,36.03
2024-01-11 17:00:00,5,181.1,508.88,100.32,36.68
2024-01-11 18:00:00,5,152.45,501.1,102.19,44.72
2024-01-11 19:00:00,5,145.07,421.51,105.02,37.78
2024-01-11 20:00:00,5,162.9,347.08,117.2,36.05
2024-01-11 21:00:00,5,169.35,387.71,103.72,46.35
2024-01-11 22:00:00,5,148.99,541.51,99.29,43.06
2024-01-11 23:00:00,5,147.34,486.74,114.53,42.2
2024-01-12 00:00:00,5,173.44,454.02,129.43,39.3
2024-01-12 01:00:00,5,159.05,551.72,113.08,38.3
2024-01-12 02:00:00,5,148.58,557.26,104.66,49.89
2024-01-12 03:00:00,5,188.19,450.69,108.2,39.73
2024-01-12 04:00:00,5,162.91,452.15,106.4,53.68
2024-01-12 05:00:00,5,191.94,422.11,103.63,34.39
2024-01-12 06:00:00,5,173.96,438.2,131.43,55.83
2024-01-12 07:00:00,5,178.15,373.51,93.73,47.46
2024-01-12 08:00:00,5,169.69,372.99,117.99,34.77
2024-01-12 09:00:00,5,129.8,360.03,101.0,47.0
2024-01-12 10:00:00,5,153.67,510.28,82.9,36.41
2024-01-12 11:00:00,5,169.25,367.35,98.84,41.56
2024-01-12 12:00:00,5,176.38,555.31,93.44,36.31
2024-01-12 13:00:00,5,140.86,410.46,107.17,38.58
2024-01-12 14:00:00,5,168.13,542.38,100.18,47.09
2024-01-12 15:00:00,5,150.28,428.75,85.19,42.84
2024-01-12 16:00:00,5,171.68,363.72,116.88,28.22
2024-01-12 17:00:00,5,167.29,516.6,111.66,28.41
2024-01-12 18:00:00,5,179.49,522.85,117.96,39.83
2024-01-12 19:00:00,5,184.8,398.9,100.66,40.55
2024-01-12 20:00:00,5,175.3,430.07,97.44,32.1
2024-01-12 21:00:00,5,182.25,399.69,107.45,52.06
2024-01-12 22:00:00,5,163.35,442.52,91.55,45.99
2024-01-12 23:00:00,5,215.24,455.52,101.4,34.34
2024-01-13 00:00:00,5,150.84,431.61,98.23,34.29
2024-01-13 01:00:00,5,162.76,353.51,82.43,39.32
2024-01-13 02:00:00,5,186.53,420.78,103.64,39.14
2024-01-13 03:00:00,5,184.76,490.43,96.93,53.42
2024-01-13 04:00:00,5,180.95,441.87,99.97,51.56
2024-01-13 05:00:00,5,184.29,435.8,108.09,43.7
2024-01-13 06:00:00,5,139.9,403.47,119.91,49.33
2024-01-13 07:00:00,5,199.02,420.61,92.45,50.47
2024-01-13 08:00:00,5,169.81,528.83,98.75,43.6
2024-01-13 09:00:00,5,192.71,391.36,92.75,46.08
2024-01-13 10:00:00,5,139.21,490.74,91.29,47.11
2024-01-13 11:00:00,5,175.41,453.8,93.6,45.47
2024-01-13 12:00:00,5,161.41,463.66,97.96,33.8
2024-01-13 13:00:00,5,178.95,410.36,107.28,33.89
2024-01-13 14:00:00,5,174.11,430.09,103.13,36.52
2024-01-13 15:00:00,5,174.28,448.07,84.74,32.3
2024-01-13 16:00:00,5,150.82,419.91,114.59,25.23
2024-01-13 17:00:00,5,166.68,465.41,109.78,43.41
2024-01-13 18:00:00,5,164.59,472.09,85.87,40.48
2024-01-13 19:00:00,5,175.59,564.38,113.39,26.08
2024-01-13 20:00:00,5,183.85,462.85,102.12,35.83
2024-01-13 21:00:00,5,170.8,345.59,96.36,36.79
2024-01-13 22:00:00,5,148.42,511.51,103.62,40.56
2024-01-13 23:00:00,5,171.46,438.76,99.39,30.42
2024-01-14 00:00:00,5,212.6,558.64,107.53,28.85
2024-01-14 01:00:00,5,197.82,530.34,103.69,45.74
2024-01-14 02:00:00,5,124.04,424.84,97.64,28.81
2024-01-14 03:00:00,5,173.64,491.42,76.49,40.62
2024-01-14 04:00:00,5,188.13,421.17,109.9,40.29
2024-01-14 05:00:00,5,170.46,453.54,98.58,42.34
2024-01-14 06:00:00,5,166.08,489.83,113.53,45.67
2024-01-14 07:00:00,5,169.09,513.22,109.61,57.14
2024-01-14 08:00:00,5,182.0,501.21,98.61,29.34
2024-01-14 09:00:00,5,154.1,456.65,115.82,50.16
2024-01-14 10:00:00,5,191.17,585.48,104.64,20.39
2024-01-14 11:00:00,5,170.37,431.65,103.39,53.26
2024-01-14 12:00:00,5,155.42,364.11,98.72,22.93
2024-01-14 13:00:00,5,187.85,373.68,121.44,60.67
2024-01-14 14:00:00,5,144.08,528.23,89.8,35.65
2024-01-14 15:00:00,5,159.42,444.26,94.21,49.47
2024-01-14 16:00:00,5,158.68,456.45,81.94,47.22
2024-01-14 17:00:00,5,202.17,418.44,106.97,33.85
2024-01-14 18:00:00,5,156.45,423.16,89.99,34.4
2024-01-14 19:00:00,5,132.85,405.29,91.54,30.4
2024-01-14 20:00:00,5,158.52,473.22,91.23,44.67
2024-01-14 21:00:00,5,175.72,443.14,99.19,34.73
2024-01-14 22:00:00,5,181.64,472.38,82.86,31.95
2024-01-14 23:00:00,5,206.43,467.97,70.78,44.34
2024-01-15 00:00:00,5,193.18,427.61,106.4,32.78
2024-01-15 01:00:00,5,174.3,372.87,74.01,38.44
2024-01-15 02:00:00,5,157.62,368.91,113.02,42.92
2024-01-15 03:00:00,5,198.81,615.3,122.72,37.09
2024-01-15 04:00:00,5,167.15,532.55,100.98,38.87
2024-01-15 05:00:00,5,162.78,525.43,120.16,56.6
2024-01-15 06:00:00,5,166.77,417.24,103.18,41.74
2024-01-15 07:00:00,5,153.2,453.91,124.03,40.3
2024-01-15 08:00:00,5,165.6,409.27,97.21,41.59
2024-01-15 09:00:00,5,168.86,382.09,72.11,46.53
2024-01-15 10:00:00,5,183.78,420.35,100.97,33.11
2024-01-15 11:00:00,5,165.02,522.56,123.31,44.95
2024-01-15 12:00:00,5,150.06,495.69,107.4,42.7
2024-01-15 13:00:00,5,143.86,397.58,93.07,24.34
2024-01-15 14:00:00,5,172.38,432.08,103.24,54.43
2024-01-15 15:00:00,5,169.55,488.64,110.9,50.94
2024-01-15 16:00:00,5,158.96,417.21,96.8,31.01
2024-01-15 17:00:00,5,160.06,451.88,131.48,27.95
2024-01-15 18:00:00,5,173.76,469.1,90.82,39.46
2024-01-15 19:00:00,5,190.02,468.61,110.53,25.34
2024-01-15 20:00:00,5,155.32,461.56,107.73,49.63
2024-01-15 21:00:00,5,169.81,413.24,89.35,34.35
2024-01-15 22:00:00,5,184.45,419.38,93.52,52.95
2024-01-15 23:00:00,5,157.21,388.79,112.85,32.63
2024-01-16 00:00:00,5,170.25,366.58,102.37,39.53
2024-01-16 01:00:00,5,170.66,445.11,105.64,52.17
2024-01-16 02:00:00,5,150.85,495.87,80.89,39.22
2024-01-16 03:00:00,5,175.34,378.43,111.08,44.96
2024-01-16 04:00:00,5,173.6,467.77,106.8,52.49
2024-01-16 05:00:00,5,182.35,495.57,102.57,38.61
2024-01-16 06:00:00,5,154.36,354.77,108.15,32.65
2024-01-16 07:00:00,5,173.56,438.85,98.12,30.85
2024-01-16 08:00:00,5,195.38,541.58,95.46,48.11
2024-01-16 09:00:00,5,206.12,482.29,99.5,45.96
2024-01-16 10:00:00,5,192.64,351.46,96.01,51.13
2024-01-16 11:00:00,5,152.29,486.66,129.4,38.92
2024-01-16 12:00:00,5,177.77,410.31,112.26,28.19
2024-01-16 13:00:00,5,161.93,486.88,87.23,19.49
2024-01-16 14:00:00,5,173.58,411.91,125.27,63.66
2024-01-16 15:00:00,5,155.92,445.53,92.79,42.91
2024-01-16 16:00:00,5,140.27,419.01,98.28,39.08
2024-01-16 17:00:00,5,162.04,447.77,109.18,40.0
2024-01-16 18:00:00,5,179.15,417.01,72.08,25.19
2024-01-16 19:00:00,5,172.24,435.58,94.54,30.76
2024-01-16 20:00:00,5,174.4,384.71,90.5,52.89
2024-01-16 21:00:00,5,171.87,474.75,101.02,44.04
2024-01-16 22:00:00,5,175.52,458.42,103.77,32.43
2024-01-16 23:00:00,5,178.26,362.83,98.72,29.17
2024-01-17 00:00:00,5,166.07,503.87,98.9,36.06
2024-01-17 01:00:00,5,172.61,441.8,115.01,38.56
2024-01-17 02:00:00,5,200.11,460.69,105.89,59.62
2024-01-17 03:00:00,5,174.91,493.71,103.15,41.0
2024-01-17 04:00:00,5,173.78,470.74,105.0,32.87
2024-01-17 05:00:00,5,175.05,516.03,127.08,42.89
2024-01-17 06:00:00,5,169.98,437.73,105.73,45.77
2024-01-17 07:00:00,5,166.38,509.0,96.76,32.38
2024-01-17 08:00:00,5,176.46,459.7,78.47,46.55
2024-01-17 09:00:00,5,164.46,479.9,84.12,53.02
2024-01-17 10:00:00,5,169.65,473.69,95.97,43.19
2024-01-17 11:00:00,5,158.53,517.96,99.88,34.42
2024-01-17 12:00:00,5,172.24,489.27,93.33,35.95
2024-01-17 13:00:00,5,179.14,425.91,104.25,25.46
2024-01-17 14:00:00,5,165.58,414.53,91.66,37.85
2024-01-17 15:00:00,5,135.99,445.7,86.58,41.05
2024-01-17 16:00:00,5,177.42,407.04,105.8,30.19
2024-01-17 17:00:00,5,169.54,391.04,115.27,54.28
2024-01-17 18:00:00,5,151.48,333.11,83.22,44.31
2024-01-17 19:00:00,5,180.07,364.33,100.74,22.18
2024-01-17 20:00:00,5,145.35,554.62,73.33,22.66
2024-01-17 21:00:00,5,185.23,413.09,79.35,29.91
2024-01-17 22:00:00,5,168.07,551.31,91.4,52.53
2024-01-17 23:00:00,5,133.14,471.39,114.36,47.38
2024-01-18 00:00:00,5,173.37,447.82,90.45,54.46
2024-01-18 01:00:00,5,164.72,370.62,90.75,41.36
2024-01-18 02:00:00,5,163.02,452.25,102.46,40.2
2024-01-18 03:00:00,5,160.72,554.32,103.1,31.89
2024-01-18 04:00:00,5,171.04,536.82,92.97,46.1
2024-01-18 05:00:00,5,165.57,468.14,129.02,41.71
2024-01-18 06:00:00,5,143.56,391.76,100.07,41.48
2024-01-18 07:00:00,5,193.91,401.95,104.86,57.31
2024-01-18 08:00:00,5,169.16,407.27,97.91,42.01
2024-01-18 09:00:00,5,160.82,521.32,108.29,54.07
2024-01-18 10:00:00,5,153.8,539.7,117.93,28.34
2024-01-18 11:00:00,5,183.7,461.8,122.74,64.39
2024-01-18 12:00:00,5,149.56,434.21,90.66,37.29
2024-01-18 13:00:00,5,171.88,532.96,113.92,45.8
2024-01-18 14:00:00,5,159.59,396.4,106.09,46.45
2024-01-18 15:00:00,5,159.9,451.16,110.95,34.1
2024-01-18 16:00:00,5,150.1,472.78,96.71,44.94
2024-01-18 17:00:00,5,157.6,401.22,95.19,45.09
2024-01-18 18:00:00,5,167.64,413.32,109.57,31.36
2024-01-18 19:00:00,5,171.39,409.24,109.92,31.57
2024-01-18 20:00:00,5,155.23,524.05,118.1,38.29
2024-01-18 21:00:00,5,166.91,551.27,100.94,37.38
2024-01-18 22:00:00,5,183.32,455.17,97.62,50.98
2024-01-18 23:00:00,5,142.91,435.3,67.99,45.76
2024-01-19 00:00:00,5,170.4,418.26,79.71,39.89
2024-01-19 01:00:00,5,155.94,451.37,96.19,46.49
2024-01-19 02:00:00,5,155.02,422.42,87.79,24.4
2024-01-19 03:00:00,5,176.83,447.4,113.12,37.33
2024-01-19 04:00:00,5,164.3,475.31,86.2,45.57
2024-01-19 05:00:00,5,153.77,431.61,96.93,52.99
2024-01-19 06:00:00,5,194.85,443.31,97.54,45.22
2024-01-19 07:00:00,5,188.23,443.43,118.94,55.94
2024-01-19 08:00:00,5,141.94,436.03,95.25,50.56
2024-01-19 09:00:00,5,148.84,428.89,108.46,38.42
2024-01-19 10:00:00,5,181.57,492.97,104.52,40.79
2024-01-19 11:00:00,5,166.68,356.1,112.93,44.79
2024-01-19 12:00:00,5,194.69,535.12,111.47,36.64
2024-01-19 13:00:00,5,179.66,457.01,99.29,52.89
2024-01-19 14:00:00,5,173.83,481.79,77.12,29.46
2024-01-19 15:00:00,5,151.9,487.35,95.39,41.09
2024-01-19 16:00:00,5,175.82,409.84,97.64,44.22
2024-01-19 17:00:00,5,147.03,398.45,101.29,34.9
2024-01-19 18:00:00,5,188.54,392.01,87.98,32.86
2024-01-19 19:00:00,5,174.41,434.32,112.32,36.95
2024-01-19 20:00:00,5,154.6,485.48,98.08,44.88
2024-01-19 21:00:00,5,181.35,417.0,86.5,34.08
2024-01-19 22:00:00,5,205.14,481.67,93.09,29.81
2024-01-19 23:00:00,5,166.21,322.45,124.6,49.62
2024-01-20 00:00:00,5,179.37,429.77,109.07,43.93
2024-01-20 01:00:00,5,164.31,514.01,114.8,49.94
2024-01-20 02:00:00,5,173.37,442.81,88.56,48.53
2024-01-20 03:00:00,5,148.31,408.05,93.73,61.37
2024-01-20 04:00:00,5,173.09,417.79,94.31,52.68
2024-01-20 05:00:00,5,174.1,290.64,105.77,37.17
2024-01-20 06:00:00,5,202.51,399.11,101.25,47.54
2024-01-20 07:00:00,5,144.45,510.22,97.08,38.6
2024-01-20 08:00:00,5,168.57,421.78,98.4,39.19
2024-01-20 09:00:00,5,193.39,427.65,92.38,30.47
2024-01-20 10:00:00,5,168.1,326.66,99.68,39.54
2024-01-20 11:00:00,5,168.51,363.62,115.63,45.96
2024-01-20 12:00:00,5,157.06,514.46,80.98,39.93
2024-01-20 13:00:00,5,154.68,482.9,104.19,30.27
2024-01-20 14:00:00,5,139.56,379.26,116.8,25.9
2024-01-20 15:00:00,5,158.23,414.48,96.01,56.54
2024-01-20 16:00:00,5,151.95,446.33,91.08,40.7
2024-01-20 17:00:00,5,169.5,383.31,109.52,30.51
2024-01-20 18:00:00,5,154.8,339.78,84.8,41.47
2024-01-20 19:00:00,5,159.87,439.04,97.31,56.43
2024-01-20 20:00:00,5,160.61,478.68,84.49,43.24
2024-01-20 21:00:00,5,167.6,480.19,74.25,14.41
2024-01-20 22:00:00,5,160.48,496.04,97.04,61.81
2024-01-20 23:00:00,5,152.6,366.22,83.42,23.82
2024-01-21 00:00:00,5,171.88,453.61,100.35,38.73
2024-01-21 01:00:00,5,188.49,436.84,115.66,31.53
2024-01-21 02:00:00,5,174.07,447.31,125.92,35.63
2024-01-21 03:00:00,5,162.79,441.24,103.83,45.06
2024-01-21 04:00:00,5,171.11,417.6,116.24,25.29
2024-01-21 05:00:00,5,140.33,291.19,108.54,42.62
2024-01-21 06:00:00,5,171.25,515.95,98.56,53.36
2024-01-21 07:00:00,5,166.94,471.13,78.57,36.14
2024-01-21 08:00:00,5,158.04,373.32,124.08,31.14
2024-01-21 09:00:00,5,160.49,478.05,89.09,41.42
2024-01-21 10:00:00,5,165.38,427.96,119.84,39.09
2024-01-21 11:00:00,5,187.28,428.75,108.2,36.16
2024-01-21 12:00:00,5,188.11,409.2,87.91,30.28
2024-01-21 13:00:00,5,154.76,478.58,103.75,44.19
2024-01-21 14:00:00,5,160.64,406.01,126.51,44.12
2024-01-21 15:00:00,5,160.43,389.42,118.19,29.21
2024-01-21 16:00:00,5,180.95,508.73,91.29,29.93
2024-01-21 17:00:00,5,169.95,437.99,88.42,38.77
2024-01-21 18:00:00,5,168.99,439.57,98.79,29.2
2024-01-21 19:00:00,5,176.25,484.82,95.46,39.14
2024-01-21 20:00:00,5,158.28,412.02,113.38,50.52
2024-01-21 21:00:00,5,190.37,423.21,107.92,37.86
2024-01-21 22:00:00,5,168.97,465.43,77.17,28.56
2024-01-21 23:00:00,5,155.92,366.87,105.64,43.09
2024-01-22 00:00:00,5,166.79,462.38,98.19,38.97
2024-01-22 01:00:00,5,191.14,410.65,101.75,39.98
2024-01-22 02:00:00,5,165.14,497.98,105.21,46.09
2024-01-22 03:00:00,5,187.93,482.0,118.08,48.56
2024-01-22 04:00:00,5,163.01,475.38,115.71,43.4
2024-01-22 05:00:00,5,161.05,367.02,93.72,42.87
2024-01-22 06:00:00,5,184.13,447.94,102.74,61.24
2024-01-22 07:00:00,5,159.3,390.12,97.61,53.72
2024-01-22 08:00:00,5,186.36,451.11,81.4,50.26
2024-01-22 09:00:00,5,178.29,328.17,101.21,43.75
2024-01-22 10:00:00,5,157.91,369.18,125.8,33.35
2024-01-22 11:00:00,5,170.12,515.18,79.19,50.97
2024-01-22 12:00:00,5,161.65,470.33,100.19,41.74
2024-01-22 13:00:00,5,175.35,430.7,99.0,34.76
2024-01-22 14:00:00,5,199.44,400.15,102.71,36.91
2024-01-22 15:00:00,5,162.4,390.1,85.96,30.07
2024-01-22 16:00:00,5,176.51,458.66,79.52,46.99
2024-01-22 17:00:00,5,167.99,429.13,79.82,43.47
2024-01-22 18:00:00,5,167.89,530.63,114.67,39.06
2024-01-22 19:00:00,5,164.94,437.67,84.92,37.23
2024-01-22 20:00:00,5,154.07,451.06,91.46,32.05
2024-01-22 21:00:00,5,173.78,373.74,125.53,20.06
2024-01-22 22:00:00,5,164.34,429.61,89.53,26.85
2024-01-22 23:00:00,5,155.13,459.23,104.14,33.33
2024-01-23 00:00:00,5,186.85,430.46,114.22,32.82
2024-01-23 01:00:00,5,172.87,425.17,114.38,43.76
2024-01-23 02:00:00,5,168.32,469.57,84.82,48.98
2024-01-23 03:00:00,5,194.23,534.04,93.42,41.51
2024-01-23 04:00:00,5,143.49,460.89,107.0,55.21
2024-01-23 05:00:00,5,193.92,514.9,128.28,36.66
2024-01-23 06:00:00,5,159.3,486.91,93.67,42.33
2024-01-23 07:00:00,5,176.81,511.68,97.03,42.96
2024-01-23 08:00:00,5,163.61,420.32,108.51,52.49
2024-01-23 09:00:00,5,157.74,441.5,110.61,43.53
2024-01-23 10:00:00,5,193.18,441.1,110.77,43.15
2024-01-23 11:00:00,5,201.21,480.64,90.36,27.04
2024-01-23 12:00:00,5,166.93,493.09,93.63,32.76
2024-01-23 13:00:00,5,175.13,456.44,102.5,49.15
2024-01-23 14:00:00,5,169.92,496.12,115.28,21.15
2024-01-23 15:00:00,5,196.28,418.1,95.3,49.93
2024-01-23 16:00:00,5,133.83,495.49,97.61,42.2
2024-01-23 17:00:00,5,173.68,502.2,84.37,31.17
2024-01-23 18:00:00,5,155.77,483.91,121.53,30.34
2024-01-23 19:00:00,5,129.61,454.81,99.59,53.91
2024-01-23 20:00:00,5,162.09,486.24,111.8,50.04
2024-01-23 21:00:00,5,198.18,400.32,98.76,37.35
2024-01-23 22:00:00,5,158.42,459.66,100.1,40.16
2024-01-23 23:00:00,5,182.47,465.87,80.37,34.16
2024-01-24 00:00:00,5,189.83,379.04,72.75,41.66
2024-01-24 01:00:00,5,171.07,476.78,117.42,35.48
2024-01-24 02:00:00,5,173.94,384.87,103.0,41.32
2024-01-24 03:00:00,5,144.94,429.62,105.28,58.19
2024-01-24 04:00:00,5,161.55,455.23,86.98,42.27
2024-01-24 05:00:00,5,188.02,414.12,91.75,34.38
2024-01-24 06:00:00,5,174.48,457.94,117.2,31.75
2024-01-24 07:00:00,5,179.32,456.97,125.84,44.49
2024-01-24 08:00:00,5,175.24,409.01,95.08,36.55
2024-01-24 09:00:00,5,207.97,483.15,111.28,44.74
2024-01-24 10:00:00,5,165.06,410.92,104.45,28.07
2024-01-24 11:00:00,5,197.16,574.25,99.72,47.21
2024-01-24 12:00:00,5,172.65,444.61,124.39,31.38
2024-01-24 13:00:00,5,197.04,386.76,93.87,40.12
2024-01-24 14:00:00,5,149.24,396.09,115.0,36.09
2024-01-24 15:00:00,5,171.35,510.06,103.3,53.15
2024-01-24 16:00:00,5,161.55,425.91,97.68,39.37
2024-01-24 17:00:00,5,169.85,374.3,115.3,54.33
2024-01-24 18:00:00,5,187.21,493.38,101.24,42.32
2024-01-24 19:00:00,5,173.71,425.26,96.36,49.86
2024-01-24 20:00:00,5,187.58,483.02,115.69,36.1
2024-01-24 21:00:00,5,157.57,498.66,114.49,41.35
2024-01-24 22:00:00,5,155.73,463.75,114.5,49.48
2024-01-24 23:00:00,5,169.98,578.5,49.57,47.5
2024-01-25 00:00:00,5,169.87,357.79,106.18,45.06
2024-01-25 01:00:00,5,168.28,407.31,104.01,38.45
2024-01-25 02:00:00,5,156.54,438.24,101.55,40.63
2024-01-25 03:00:00,5,191.95,574.16,110.49,52.4
2024-01-25 04:00:00,5,167.25,549.74,106.46,54.67
2024-01-25 05:00:00,5,196.39,522.66,112.14,38.3
2024-01-25 06:00:00,5,173.7,410.81,100.04,37.1
2024-01-25 07:00:00,5,183.85,416.98,122.72,35.62
2024-01-25 08:00:00,5,182.09,408.56,113.14,50.23
2024-01-25 09:00:00,5,159.33,410.51,109.62,34.63
2024-01-25 10:00:00,5,177.92,532.23,108.37,49.03
2024-01-25 11:00:00,5,202.37,438.17,116.2,45.97
2024-01-25 12:00:00,5,174.55,444.5,113.68,35.81
2024-01-25 13:00:00,5,184.25,491.34,98.27,53.17
2024-01-25 14:00:00,5,180.18,359.58,111.77,26.42
2024-01-25 15:00:00,5,173.33,451.21,100.62,52.65
2024-01-25 16:00:00,5,170.91,388.94,122.63,40.64
2024-01-25 17:00:00,5,176.43,431.78,111.76,19.77
2024-01-25 18:00:00,5,179.81,415.98,89.43,51.19
2024-01-25 19:00:00,5,145.8,413.31,127.67,45.96
2024-01-25 20:00:00,5,171.89,460.02,70.78,34.22
2024-01-25 21:00:00,5,165.41,460.27,106.6,30.08
2024-01-25 22:00:00,5,162.68,437.18,90.02,25.5
2024-01-25 23:00:00,5,190.62,469.65,124.0,60.49
2024-01-26 00:00:00,5,158.68,403.81,103.76,32.56
2024-01-26 01:00:00,5,148.78,487.91,91.03,30.41
2024-01-26 02:00:00,5,184.83,440.91,98.56,44.3
2024-01-26 03:00:00,5,149.72,426.62,93.41,28.53
2024-01-26 04:00:00,5,142.01,410.38,99.15,34.65
2024-01-26 05:00:00,5,188.04,440.42,99.16,51.95
2024-01-26 06:00:00,5,176.06,554.04,93.81,47.49
2024-01-26 07:00:00,5,181.02,449.99,106.88,40.07
2024-01-26 08:00:00,5,165.96,391.58,108.14,43.25
2024-01-26 09:00:00,5,150.3,502.01,89.77,38.81
2024-01-26 10:00:00,5,152.88,426.63,80.61,41.46
2024-01-26 11:00:00,5,166.89,466.53,105.29,34.72
2024-01-26 12:00:00,5,149.98,417.94,107.36,35.51
2024-01-26 13:00:00,5,174.67,518.56,109.14,34.47
2024-01-26 14:00:00,5,161.54,417.24,106.11,32.76
2024-01-26 15:00:00,5,171.36,523.51,118.66,47.35
2024-01-26 16:00:00,5,170.4,391.5,110.76,44.52
2024-01-26 17:00:00,5,173.84,431.86,132.17,29.58
2024-01-26 18:00:00,5,175.55,522.75,137.5,27.23
2024-01-26 19:00:00,5,162.05,456.64,74.92,36.25
2024-01-26 20:00:00,5,170.87,569.99,69.56,56.44
2024-01-26 21:00:00,5,172.18,433.91,98.28,29.54
2024-01-26 22:00:00,5,129.83,462.81,105.5,37.61
2024-01-26 23:00:00,5,180.15,552.12,98.74,40.48
2024-01-27 00:00:00,5,172.92,369.12,109.57,39.56
2024-01-27 01:00:00,5,180.37,363.25,97.79,37.33
2024-01-27 02:00:00,5,151.25,409.24,93.05,51.93
2024-01-27 03:00:00,5,167.53,496.34,95.62,46.53
2024-01-27 04:00:00,5,155.49,366.57,100.51,50.37
2024-01-27 05:00:00,5,185.4,485.49,114.28,48.46
2024-01-27 06:00:00,5,150.84,481.81,97.22,51.19
2024-01-27 07:00:00,5,158.42,561.67,99.67,57.02
2024-01-27 08:00:00,5,181.71,509.29,110.45,54.54
2024-01-27 09:00:00,5,162.47,472.19,100.05,62.61
2024-01-27 10:00:00,5,157.03,525.05,116.4,52.47
2024-01-27 11:00:00,5,185.9,480.24,89.41,35.52
2024-01-27 12:00:00,5,185.78,425.77,85.84,47.78
2024-01-27 13:00:00,5,181.36,388.2,103.65,45.83
2024-01-27 14:00:00,5,182.68,418.39,104.21,55.51
2024-01-27 15:00:00,5,164.64,446.22,87.22,30.06
2024-01-27 16:00:00,5,164.6,457.31,115.23,42.7
2024-01-27 17:00:00,5,157.15,332.83,122.43,31.74
2024-01-27 18:00:00,5,170.2,435.7,89.4,41.91
2024-01-27 19:00:00,5,159.09,449.14,116.79,35.75
2024-01-27 20:00:00,5,160.92,477.33,67.17,42.02
2024-01-27 21:00:00,5,178.05,535.82,112.26,26.25
2024-01-27 22:00:00,5,188.1,458.98,87.93,45.82
2024-01-27 23:00:00,5,176.14,400.83,112.31,41.49
2024-01-28 00:00:00,5,199.43,352.78,88.1,41.81
2024-01-28 01:00:00,5,159.9,488.2,100.39,58.05
2024-01-28 02:00:00,5,142.36,405.28,91.55,38.71
2024-01-28 03:00:00,5,184.14,499.21,99.86,45.56
2024-01-28 04:00:00,5,160.65,528.21,126.7,43.96
2024-01-28 05:00:00,5,168.98,370.4,102.0,45.1
2024-01-28 06:00:00,5,144.96,483.27,130.72,62.61
2024-01-28 07:00:00,5,158.9,522.87,98.42,43.94
2024-01-28 08:00:00,5,148.87,507.87,122.34,38.22
2024-01-28 09:00:00,5,165.62,339.94,81.65,58.71
2024-01-28 10:00:00,5,165.64,406.11,98.3,39.35
2024-01-28 11:00:00,5,172.72,382.46,94.36,27.47
2024-01-28 12:00:00,5,190.49,478.63,120.33,34.13
2024-01-28 13:00:00,5,180.64,471.94,102.11,29.0
2024-01-28 14:00:00,5,142.84,303.99,72.06,23.52
2024-01-28 15:00:00,5,178.18,432.21,81.48,35.25
2024-01-28 16:00:00,5,169.7,490.94,84.84,37.3
2024-01-28 17:00:00,5,166.02,455.55,109.65,47.75
2024-01-28 18:00:00,5,167.13,455.36,107.88,42.91
2024-01-28 19:00:00,5,170.9,427.98,93.72,42.62
2024-01-28 20:00:00,5,156.74,390.98,90.82,30.22
2024-01-28 21:00:00,5,165.44,447.46,107.62,45.99
2024-01-28 22:00:00,5,188.09,451.8,84.43,50.96
2024-01-28 23:00:00,5,158.37,482.79,105.63,43.11
2024-01-29 00:00:00,5,153.89,487.93,105.3,44.13
2024-01-29 01:00:00,5,170.28,455.89,97.73,30.4
2024-01-29 02:00:00,5,153.77,510.85,107.13,51.07
2024-01-29 03:00:00,5,144.84,432.47,103.94,57.93
2024-01-29 04:00:00,5,167.54,375.48,109.51,45.87
2024-01-29 05:00:00,5,196.75,479.04,86.19,38.28
2024-01-29 06:00:00,5,172.88,460.29,111.42,42.1
2024-01-29 07:00:00,5,176.28,480.11,116.64,39.78
2024-01-29 08:00:00,5,138.75,385.13,107.24,40.0
2024-01-29 09:00:00,5,179.68,548.87,110.37,48.19
2024-01-29 10:00:00,5,173.5,490.19,100.58,44.4
2024-01-29 11:00:00,5,160.55,435.79,112.77,49.91
2024-01-29 12:00:00,5,173.4,400.22,101.34,43.69
2024-01-29 13:00:00,5,172.46,507.62,84.91,32.29
2024-01-29 14:00:00,5,151.91,389.78,109.58,34.69
2024-01-29 15:00:00,5,173.73,569.92,77.3,33.54
2024-01-29 16:00:00,5,187.2,414.94,101.55,36.3
2024-01-29 17:00:00,5,163.92,540.08,92.64,53.03
2024-01-29 18:00:00,5,153.51,437.58,91.72,54.31
2024-01-29 19:00:00,5,164.74,532.57,99.82,44.79
2024-01-29 20:00:00,5,181.68,408.4,88.75,38.92
2024-01-29 21:00:00,5,148.6,449.39,104.98,26.67
2024-01-29 22:00:00,5,178.33,492.25,99.73,40.89
2024-01-29 23:00:00,5,158.79,485.31,91.76,32.93
2024-01-30 00:00:00,5,174.4,509.66,117.76,54.52
2024-01-30 01:00:00,5,162.17,425.07,103.92,27.46
2024-01-30 02:00:00,5,162.85,456.56,110.14,45.3
2024-01-30 03:00:00,5,197.18,519.72,120.89,35.1
2024-01-30 04:00:00,5,150.37,415.19,121.16,43.01
2024-01-30 05:00:00,5,181.22,484.17,110.87,49.12
2024-01-30 06:00:00,5,201.42,441.72,99.59,52.29
2024-01-30 07:00:00,5,184.45,464.46,84.95,42.87
2024-01-30 08:00:00,5,151.63,457.64,105.76,49.64
2024-01-30 09:00:00,5,151.95,410.25,116.74,36.92
2024-01-30 10:00:00,5,159.88,437.99,106.57,44.11
2024-01-30 11:00:00,5,173.82,459.06,56.84,49.89
2024-01-30 12:00:00,5,174.14,444.98,111.72,43.35
2024-01-30 13:00:00,5,149.22,534.26,111.74,35.17
2024-01-30 14:00:00,5,154.92,503.28,95.11,36.6
2024-01-30 15:00:00,5,155.29,463.96,111.13,47.11
2024-01-30 16:00:00,5,164.99,406.88,106.0,28.51
2024-01-30 17:00:00,5,199.6,403.31,88.76,29.48
2024-01-30 18:00:00,5,152.45,553.59,113.9,42.67
2024-01-30 19:00:00,5,151.85,393.32,81.25,33.82
2024-01-30 20:00:00,5,149.63,454.02,97.16,25.4
2024-01-30 21:00:00,5,178.62,467.78,96.35,49.99
2024-01-30 22:00:00,5,168.33,432.26,88.35,29.54
2024-01-30 23:00:00,5,155.27,395.85,103.64,38.01
2024-01-01 00:00:00,6,163.94,428.24,109.88,41.03
2024-01-01 01:00:00,6,155.21,372.44,102.9,54.21
2024-01-01 02:00:00,6,181.83,451.63,102.08,35.92
2024-01-01 03:00:00,6,172.68,402.4,91.89,46.48
2024-01-01 04:00:00,6,187.29,498.04,102.39,33.75
2024-01-01 05:00:00,6,161.79,403.62,108.33,23.8
2024-01-01 06:00:00,6,206.32,466.38,98.33,43.55
2024-01-01 07:00:00,6,140.8,389.72,107.42,44.86
2024-01-01 08:00:00,6,145.68,591.71,91.04,40.41
2024-01-01 09:00:00,6,199.28,478.08,102.15,27.96
2024-01-01 10:00:00,6,177.94,442.4,115.07,42.89
2024-01-01 11:00:00,6,175.07,433.72,115.5,41.84
2024-01-01 12:00:00,6,175.75,418.87,115.97,31.08
2024-01-01 13:00:00,6,177.24,406.9,101.69,26.29
2024-01-01 14:00:00,6,172.12,404.69,97.67,35.08
2024-01-01 15:00:00,6,150.99,537.27,90.82,42.28
2024-01-01 16:00:00,6,179.42,416.32,72.74,39.76
2024-01-01 17:00:00,6,176.57,330.87,78.43,28.25
2024-01-01 18:00:00,6,188.9,382.8,93.58,36.94
2024-01-01 19:00:00,6,194.44,495.96,94.46,43.53
2024-01-01 20:00:00,6,171.52,432.54,114.47,26.03
2024-01-01 21:00:00,6,146.75,439.4,113.68,37.19
2024-01-01 22:00:00,6,195.98,510.43,88.36,48.84
2024-01-01 23:00:00,6,151.49,406.02,108.59,26.97
2024-01-02 00:00:00,6,174.24,482.91,92.58,48.74
2024-01-02 01:00:00,6,165.38,413.47,108.38,53.53
2024-01-02 02:00:00,6,163.28,481.36,110.71,38.34
2024-01-02 03:00:00,6,183.26,429.76,116.98,37.92
2024-01-02 04:00:00,6,175.32,438.32,94.97,50.28
2024-01-02 05:00:00,6,179.97,495.95,114.8,40.05
2024-01-02 06:00:00,6,158.55,492.15,77.49,21.43
2024-01-02 07:00:00,6,168.84,442.73,118.46,40.81
2024-01-02 08:00:00,6,158.89,425.89,101.03,45.42
2024-01-02 09:00:00,6,167.66,537.24,100.83,47.28
2024-01-02 10:00:00,6,168.34,482.08,73.86,32.65
2024-01-02 11:00:00,6,199.42,428.42,94.5,37.21
2024-01-02 12:00:00,6,164.56,413.49,116.33,47.2
2024-01-02 13:00:00,6,133.55,503.33,92.45,37.47
2024-01-02 14:00:00,6,189.86,453.49,106.51,24.05
2024-01-02 15:00:00,6,173.92,437.81,97.09,47.33
2024-01-02 16:00:00,6,164.04,452.37,109.94,34.31
2024-01-02 17:00:00,6,158.78,464.1,98.35,45.29
2024-01-02 18:00:00,6,150.42,442.7,83.68,23.7
2024-01-02 19:00:00,6,197.26,510.86,96.59,34.82
2024-01-02 20:00:00,6,167.0,514.17,116.91,40.57
2024-01-02 21:00:00,6,138.49,475.36,103.09,35.89
2024-01-02 22:00:00,6,172.57,521.5,95.75,27.04
2024-01-02 23:00:00,6,187.52,448.44,127.22,17.36
2024-01-03 00:00:00,6,171.3,486.04,113.78,51.92
2024-01-03 01:00:00,6,154.93,503.78,110.12,41.68
2024-01-03 02:00:00,6,154.21,505.29,104.37,50.34
2024-01-03 03:00:00,6,156.02,500.35,110.35,48.91
2024-01-03 04:00:00,6,196.01,485.44,111.24,46.52
2024-01-03 05:00:00,6,170.5,557.34,73.37,38.88
2024-01-03 06:00:00,6,144.57,422.62,106.88,45.99
2024-01-03 07:00:00,6,177.88,443.28,99.57,54.04
2024-01-03 08:00:00,6,173.64,439.78,94.88,42.08
2024-01-03 09:00:00,6,163.61,431.01,98.35,57.31
2024-01-03 10:00:00,6,153.73,342.87,80.1,27.31
2024-01-03 11:00:00,6,152.3,523.78,76.15,25.65
2024-01-03 12:00:00,6,186.36,393.35,114.92,47.3
2024-01-03 13:00:00,6,171.99,457.15,103.97,30.91
2024-01-03 14:00:00,6,175.01,370.48,65.99,54.92
2024-01-03 15:00:00,6,170.6,480.16,89.17,48.19
2024-01-03 16:00:00,6,171.47,403.75,107.57,49.88
2024-01-03 17:00:00,6,158.28,384.52,92.23,43.5
2024-01-03 18:00:00,6,162.43,456.26,111.9,27.8
2024-01-03 19:00:00,6,184.73,408.02,109.47,21.53
2024-01-03 20:00:00,6,189.08,415.16,78.58,49.08
2024-01-03 21:00:00,6,146.84,455.92,94.78,23.68
2024-01-03 22:00:00,6,163.89,490.46,91.45,50.95
2024-01-03 23:00:00,6,181.58,403.79,79.98,43.77
2024-01-04 00:00:00,6,199.25,395.24,79.91,38.1
2024-01-04 01:00:00,6,198.41,450.81,89.09,43.36
2024-01-04 02:00:00,6,157.37,479.38,91.95,44.28
2024-01-04 03:00:00,6,191.54,529.87,104.55,39.13
2024-01-04 04:00:00,6,172.31,393.51,114.89,53.68
2024-01-04 05:00:00,6,188.58,434.49,108.32,53.68
2024-01-04 06:00:00,6,184.53,515.25,111.49,43.11
2024-01-04 07:00:00,6,151.18,558.21,98.2,36.47
2024-01-04 08:00:00,6,180.27,397.73,109.17,52.64
2024-01-04 09:00:00,6,187.17,410.99,98.96,23.41
2024-01-04 10:00:00,6,169.93,470.84,94.54,44.1
2024-01-04 11:00:00,6,165.55,418.34,124.12,45.93
2024-01-04 12:00:00,6,143.3,407.76,68.56,31.6
2024-01-04 13:00:00,6,179.06,461.19,73.71,46.4
2024-01-04 14:00:00,6,170.64,530.93,102.22,37.03
2024-01-04 15:00:00,6,151.7,375.93,93.21,31.92
2024-01-04 16:00:00,6,160.88,527.07,77.54,44.49
2024-01-04 17:00:00,6,168.37,414.83,82.2,26.48
2024-01-04 18:00:00,6,156.71,464.43,83.78,43.27
2024-01-04 19:00:00,6,165.91,531.77,107.43,18.74
2024-01-04 20:00:00,6,137.81,463.73,111.88,38.63
2024-01-04 21:00:00,6,188.5,430.58,117.89,37.02
2024-01-04 22:00:00,6,167.52,486.04,76.67,32.6
2024-01-04 23:00:00,6,150.17,438.63,80.27,41.35
2024-01-05 00:00:00,6,128.91,476.91,80.16,38.07
2024-01-05 01:00:00,6,186.21,438.48,116.24,48.65
2024-01-05 02:00:00,6,179.3,496.76,105.67,45.1
2024-01-05 03:00:00,6,174.3,375.59,101.92,44.79
2024-01-05 04:00:00,6,185.35,396.63,104.34,43.88
2024-01-05 05:00:00,6,185.61,375.58,100.92,37.58
2024-01-05 06:00:00,6,174.91,448.71,87.23,39.15
2024-01-05 07:00:00,6,167.54,369.06,108.31,43.8
2024-01-05 08:00:00,6,164.6,414.0,98.95,39.86
2024-01-05 09:00:00,6,177.7,391.08,85.33,50.49
2024-01-05 10:00:00,6,192.89,530.16,107.7,41.07
2024-01-05 11:00:00,6,167.87,396.04,94.02,42.79
2024-01-05 12:00:00,6,192.68,379.29,101.71,26.64
2024-01-05 13:00:00,6,174.03,461.39,96.36,46.13
2024-01-05 14:00:00,6,173.43,538.35,108.81,32.24
2024-01-05 15:00:00,6,205.6,440.37,99.49,27.63
2024-01-05 16:00:00,6,192.94,444.07,84.71,50.39
2024-01-05 17:00:00,6,193.06,515.56,100.04,41.89
2024-01-05 18:00:00,6,152.84,493.19,100.36,44.2
2024-01-05 19:00:00,6,201.38,468.84,102.49,39.79
2024-01-05 20:00:00,6,164.83,414.72,109.59,35.36
2024-01-05 21:00:00,6,162.95,471.26,88.66,34.22
2024-01-05 22:00:00,6,132.28,373.78,105.92,43.99
2024-01-05 23:00:00,6,173.27,414.31,75.63,47.77
2024-01-06 00:00:00,6,151.21,526.06,97.21,38.17
2024-01-06 01:00:00,6,176.15,519.85,95.98,57.44
2024-01-06 02:00:00,6,151.44,473.89,119.03,38.56
2024-01-06 03:00:00,6,200.01,346.7,98.86,28.84
2024-01-06 04:00:00,6,180.29,386.12,109.24,26.49
2024-01-06 05:00:00,6,208.59,414.97,78.83,27.08
2024-01-06 06:00:00,6,155.19,442.49,97.2,38.19
2024-01-06 07:00:00,6,196.76,384.14,90.69,39.65
2024-01-06 08:00:00,6,142.16,438.06,133.44,47.26
2024-01-06 09:00:00,6,174.25,546.32,92.24,40.64
2024-01-06 10:00:00,6,160.03,471.91,101.21,47.55
2024-01-06 11:00:00,6,162.28,461.35,101.18,39.93
2024-01-06 12:00:00,6,160.39,393.81,78.16,38.88
2024-01-06 13:00:00,6,153.17,359.48,91.17,32.99
2024-01-06 14:00:00,6,146.85,380.94,102.51,49.55
2024-01-06 15:00:00,6,159.47,355.95,97.75,23.41
2024-01-06 16:00:00,6,168.04,450.21,66.35,38.77
2024-01-06 17:00:00,6,184.72,466.59,88.51,34.29
2024-01-06 18:00:00,6,170.55,393.64,108.99,42.52
2024-01-06 19:00:00,6,184.76,453.85,103.49,35.68
2024-01-06 20:00:00,6,142.22,525.49,111.95,36.24
2024-01-06 21:00:00,6,159.63,552.36,83.87,34.34
2024-01-06 22:00:00,6,178.78,488.86,113.86,49.3
2024-01-06 23:00:00,6,173.54,438.54,97.41,38.01
2024-01-07 00:00:00,6,154.81,488.62,119.4,55.78
2024-01-07 01:00:00,6,184.67,522.54,99.58,41.89
2024-01-07 02:00:00,6,161.65,341.87,73.73,40.45
2024-01-07 03:00:00,6,158.29,530.91,111.89,39.63
2024-01-07 04:00:00,6,179.25,421.95,95.61,46.23
2024-01-07 05:00:00,6,171.76,422.77,96.78,36.58
2024-01-07 06:00:00,6,163.29,432.59,82.93,43.02
2024-01-07 07:00:00,6,162.64,468.94,122.68,41.73
2024-01-07 08:00:00,6,154.03,391.35,94.61,44.17
2024-01-07 09:00:00,6,164.47,435.5,121.29,43.91
2024-01-07 10:00:00,6,188.08,478.63,94.67,43.73
2024-01-07 11:00:00,6,173.5,461.34,87.51,40.36
2024-01-07 12:00:00,6,184.29,469.32,115.86,52.32
2024-01-07 13:00:00,6,176.34,430.49,97.03,41.64
2024-01-07 14:00:00,6,157.34,484.72,96.44,59.78
2024-01-07 15:00:00,6,139.92,503.69,80.03,37.07
2024-01-07 16:00:00,6,151.15,499.97,90.23,44.45
2024-01-07 17:00:00,6,154.99,468.95,101.42,29.59
2024-01-07 18:00:00,6,153.63,496.46,78.92,47.86
2024-01-07 19:00:00,6,181.76,492.9,88.88,29.78
2024-01-07 20:00:00,6,181.89,590.69,90.71,40.1
2024-01-07 21:00:00,6,202.47,512.42,97.5,34.35
2024-01-07 22:00:00,6,154.89,442.47,116.44,41.17
2024-01-07 23:00:00,6,193.86,398.75,94.1,35.96
2024-01-08 00:00:00,6,194.54,434.66,89.81,31.94
2024-01-08 01:00:00,6,165.77,431.62,135.13,37.19
2024-01-08 02:00:00,6,177.93,477.88,94.65,53.58
2024-01-08 03:00:00,6,190.98,413.07,98.41,44.92
2024-01-08 04:00:00,6,170.4,515.74,96.72,30.22
2024-01-08 05:00:00,6,169.45,376.62,98.07,51.12
2024-01-08 06:00:00,6,161.6,363.6,102.77,34.06
2024-01-08 07:00:00,6,133.43,444.36,113.59,48.08
2024-01-08 08:00:00,6,172.5,405.86,106.59,46.14
2024-01-08 09:00:00,6,159.38,382.94,114.84,46.21
2024-01-08 10:00:00,6,152.84,415.86,113.79,56.27
2024-01-08 11:00:00,6,176.38,408.42,102.24,32.38
2024-01-08 12:00:00,6,145.25,449.31,103.64,44.04
2024-01-08 13:00:00,6,181.04,414.48,112.35,48.87
2024-01-08 14:00:00,6,175.1,418.15,82.86,31.7
2024-01-08 15:00:00,6,160.16,446.38,129.02,30.2
2024-01-08 16:00:00,6,165.14,500.93,89.52,33.68
2024-01-08 17:00:00,6,146.58,525.28,91.31,38.67
2024-01-08 18:00:00,6,177.92,453.74,80.05,23.57
2024-01-08 19:00:00,6,168.9,458.04,80.54,40.63
2024-01-08 20:00:00,6,170.4,436.27,108.79,23.99
2024-01-08 21:00:00,6,174.77,472.63,126.06,47.81
2024-01-08 22:00:00,6,156.85,468.33,89.91,41.7
2024-01-08 23:00:00,6,143.38,519.58,102.49,54.51
2024-01-09 00:00:00,6,184.27,346.77,101.61,44.54
2024-01-09 01:00:00,6,180.69,436.87,112.5,36.9
2024-01-09 02:00:00,6,161.59,468.58,129.02,33.36
2024-01-09 03:00:00,6,177.51,449.46,120.59,42.95
2024-01-09 04:00:00,6,191.74,400.64,98.27,41.1
2024-01-09 05:00:00,6,190.11,381.49,108.51,51.91
2024-01-09 06:00:00,6,162.62,495.3,109.9,33.74
2024-01-09 07:00:00,6,147.54,410.78,101.4,59.12
2024-01-09 08:00:00,6,150.02,356.59,87.16,52.37
2024-01-09 09:00:00,6,165.83,497.14,90.53,39.12
2024-01-09 10:00:00,6,193.95,475.05,115.14,55.79
2024-01-09 11:00:00,6,157.74,443.28,115.75,32.77
2024-01-09 12:00:00,6,159.1,399.38,96.07,40.54
2024-01-09 13:00:00,6,157.99,441.86,101.37,26.96
2024-01-09 14:00:00,6,158.65,512.9,112.78,53.22
2024-01-09 15:00:00,6,166.46,359.45,74.55,22.41
2024-01-09 16:00:00,6,145.43,361.71,90.38,23.72
2024-01-09 17:00:00,6,183.43,411.96,122.01,30.38
2024-01-09 18:00:00,6,163.41,444.32,99.64,47.19
2024-01-09 19:00:00,6,206.03,419.06,81.23,44.11
2024-01-09 20:00:00,6,147.15,480.87,97.68,37.22
2024-01-09 21:00:00,6,192.4,505.44,109.88,45.44
2024-01-09 22:00:00,6,189.8,462.31,64.26,36.26
2024-01-09 23:00:00,6,161.32,478.25,100.27,41.63
2024-01-10 00:00:00,6,162.36,463.45,93.93,53.03
2024-01-10 01:00:00,6,154.61,450.05,78.26,37.41
2024-01-10 02:00:00,6,155.52,380.41,101.32,33.64
2024-01-10 03:00:00,6,170.87,395.37,99.11,44.95
2024-01-10 04:00:00,6,171.69,378.41,101.05,47.76
2024-01-10 05:00:00,6,145.7,443.64,97.15,42.61
2024-01-10 06:00:00,6,208.92,464.3,88.52,50.43
2024-01-10 07:00:00,6,167.45,373.4,82.8,39.92
2024-01-10 08:00:00,6,172.42,455.28,92.41,42.46
2024-01-10 09:00:00,6,160.74,403.62,112.02,44.12
2024-01-10 10:00:00,6,165.94,392.52,103.28,42.74
2024-01-10 11:00:00,6,163.74,415.77,98.64,53.48
2024-01-10 12:00:00,6,168.71,388.26,85.29,41.95
2024-01-10 13:00:00,6,167.75,480.74,93.14,35.36
2024-01-10 14:00:00,6,180.3,438.19,106.81,41.82
2024-01-10 15:00:00,6,170.32,490.66,103.18,45.36
2024-01-10 16:00:00,6,177.57,422.21,89.98,42.85
2024-01-10 17:00:00,6,165.7,423.96,62.02,42.07
2024-01-10 18:00:00,6,169.51,546.92,87.01,22.82
2024-01-10 19:00:00,6,161.95,358.22,89.61,14.33
2024-01-10 20:00:00,6,182.41,515.52,84.41,47.18
2024-01-10 21:00:00,6,171.87,535.98,91.28,40.43
2024-01-10 22:00:00,6,164.7,488.62,107.84,37.07
2024-01-10 23:00:00,6,164.94,430.14,97.5,43.98
2024-01-11 00:00:00,6,166.99,525.81,111.59,55.41
2024-01-11 01:00:00,6,170.03,432.16,79.99,51.75
2024-01-11 02:00:00,6,169.35,412.15,96.31,48.57
2024-01-11 03:00:00,6,161.83,429.92,75.75,33.22
2024-01-11 04:00:00,6,183.75,420.57,95.83,34.82
2024-01-11 05:00:00,6,185.07,400.54,88.11,21.04
2024-01-11 06:00:00,6,200.66,511.7,118.37,47.23
2024-01-11 07:00:00,6,161.88,409.89,106.97,51.24
2024-01-11 08:00:00,6,182.16,449.76,114.51,51.64
2024-01-11 09:00:00,6,139.95,372.92,95.32,46.72
2024-01-11 10:00:00,6,183.69,451.92,87.05,38.93
2024-01-11 11:00:00,6,145.94,387.12,85.91,34.66
2024-01-11 12:00:00,6,152.81,385.01,102.2,31.63
2024-01-11 13:00:00,6,173.37,442.08,121.44,36.57
2024-01-11 14:00:00,6,157.19,504.34,102.61,28.81
2024-01-11 15:00:00,6,154.35,470.42,91.78,51.81
2024-01-11 16:00:00,6,158.31,473.66,93.72,24.91
2024-01-11 17:00:00,6,177.68,438.85,95.46,34.16
2024-01-11 18:00:00,6,150.65,427.64,122.03,19.03
2024-01-11 19:00:00,6,164.99,488.58,111.85,38.43
2024-01-11 20:00:00,6,160.03,415.75,99.53,36.14
2024-01-11 21:00:00,6,179.92,491.7,98.06,33.56
2024-01-11 22:00:00,6,181.0,514.0,101.14,29.2
2024-01-11 23:00:00,6,138.25,402.55,104.39,38.01
2024-01-12 00:00:00,6,185.69,411.26,93.41,34.06
2024-01-12 01:00:00,6,159.64,420.07,88.6,38.35
2024-01-12 02:00:00,6,174.09,371.04,113.64,57.17
2024-01-12 03:00:00,6,155.67,425.53,101.17,42.37
2024-01-12 04:00:00,6,177.37,521.64,113.65,45.96
2024-01-12 05:00:00,6,212.99,395.2,122.99,37.65
2024-01-12 06:00:00,6,173.82,523.32,108.51,34.98
2024-01-12 07:00:00,6,164.21,428.25,106.31,41.46
2024-01-12 08:00:00,6,167.6,565.52,142.83,62.99
2024-01-12 09:00:00,6,147.08,414.06,103.57,38.4
2024-01-12 10:00:00,6,193.73,442.49,86.13,43.38
2024-01-12 11:00:00,6,174.61,400.39,95.89,32.38
2024-01-12 12:00:00,6,151.77,411.63,118.87,14.96
2024-01-12 13:00:00,6,151.52,520.25,81.21,31.16
2024-01-12 14:00:00,6,167.51,472.89,87.51,57.83
2024-01-12 15:00:00,6,181.74,502.2,110.98,41.78
2024-01-12 16:00:00,6,147.52,375.12,92.64,50.34
2024-01-12 17:00:00,6,183.9,481.22,94.43,32.86
2024-01-12 18:00:00,6,164.28,393.3,109.67,15.4
2024-01-12 19:00:00,6,150.79,373.65,86.57,26.28
2024-01-12 20:00:00,6,158.59,459.06,77.13,39.59
2024-01-12 21:00:00,6,194.97,458.98,78.64,38.69
2024-01-12 22:00:00,6,144.77,450.14,104.8,37.17
2024-01-12 23:00:00,6,156.13,486.73,101.34,33.4
2024-01-13 00:00:00,6,184.19,495.93,89.79,46.88
2024-01-13 01:00:00,6,173.04,528.9,84.52,35.21
2024-01-13 02:00:00,6,157.44,385.98,96.75,42.92
2024-01-13 03:00:00,6,186.51,531.99,115.35,42.57
2024-01-13 04:00:00,6,187.76,553.0,90.53,38.18
2024-01-13 05:00:00,6,177.03,431.88,93.07,34.04
2024-01-13 06:00:00,6,161.84,361.66,86.33,38.07
2024-01-13 07:00:00,6,164.23,376.95,96.9,57.85
2024-01-13 08:00:00,6,175.97,426.42,105.74,50.97
2024-01-13 09:00:00,6,149.63,559.65,128.29,49.7
2024-01-13 10:00:00,6,191.77,451.18,103.08,33.47
2024-01-13 11:00:00,6,197.08,416.21,98.84,27.12
2024-01-13 12:00:00,6,164.94,411.75,109.94,48.23
2024-01-13 13:00:00,6,173.75,376.56,107.01,45.8
2024-01-13 14:00:00,6,186.47,494.49,89.77,38.45
2024-01-13 15:00:00,6,198.32,441.67,126.47,33.44
2024-01-13 16:00:00,6,191.39,559.55,95.85,23.51
2024-01-13 17:00:00,6,137.75,479.79,98.93,43.36
2024-01-13 18:00:00,6,160.65,490.58,102.91,46.01
2024-01-13 19:00:00,6,173.97,432.79,100.35,30.0
2024-01-13 20:00:00,6,158.16,387.25,115.93,29.57
2024-01-13 21:00:00,6,195.52,399.47,88.99,47.36
2024-01-13 22:00:00,6,193.66,373.32,107.41,31.72
2024-01-13 23:00:00,6,154.77,497.15,100.12,53.36
2024-01-14 00:00:00,6,166.13,427.98,111.5,37.82
2024-01-14 01:00:00,6,157.39,500.97,96.75,36.2
2024-01-14 02:00:00,6,167.1,457.6,95.72,40.65
2024-01-14 03:00:00,6,167.23,435.07,110.37,37.54
2024-01-14 04:00:00,6,186.82,388.2,106.0,51.09
2024-01-14 05:00:00,6,157.27,467.95,91.03,49.31
2024-01-14 06:00:00,6,129.37,439.95,119.2,51.16
2024-01-14 07:00:00,6,145.67,500.38,111.15,43.25
2024-01-14 08:00:00,6,154.7,412.73,100.4,37.42
2024-01-14 09:00:00,6,160.26,484.15,94.81,40.8
2024-01-14 10:00:00,6,173.29,538.87,104.98,36.58
2024-01-14 11:00:00,6,152.04,464.26,108.1,52.21
2024-01-14 12:00:00,6,149.14,491.17,78.1,47.42
2024-01-14 13:00:00,6,152.93,478.87,102.85,37.19
2024-01-14 14:00:00,6,149.19,549.76,105.72,29.26
2024-01-14 15:00:00,6,157.66,466.7,66.15,49.95
2024-01-14 16:00:00,6,156.49,483.96,98.71,37.34
2024-01-14 17:00:00,6,177.03,443.9,104.87,34.74
2024-01-14 18:00:00,6,149.73,403.94,103.29,49.15
2024-01-14 19:00:00,6,160.07,380.62,106.26,31.46
2024-01-14 20:00:00,6,157.33,514.58,91.92,33.41
2024-01-14 21:00:00,6,179.74,392.19,83.16,34.65
2024-01-14 22:00:00,6,164.76,487.54,73.94,25.89
2024-01-14 23:00:00,6,185.01,470.45,112.14,40.71
2024-01-15 00:00:00,6,150.09,498.32,107.87,32.17
2024-01-15 01:00:00,6,168.74,421.74,114.68,34.61
2024-01-15 02:00:00,6,160.93,407.56,90.86,34.17
2024-01-15 03:00:00,6,151.02,471.31,111.3,35.81
2024-01-15 04:00:00,6,170.27,435.57,81.88,34.11
2024-01-15 05:00:00,6,199.73,385.18,90.39,43.79
2024-01-15 06:00:00,6,157.94,556.44,103.39,40.42
2024-01-15 07:00:00,6,169.59,408.92,110.25,42.07
2024-01-15 08:00:00,6,150.1,397.7,123.12,61.7
2024-01-15 09:00:00,6,147.24,437.81,97.77,39.54
2024-01-15 10:00:00,6,157.51,517.92,89.04,45.49
2024-01-15 11:00:00,6,162.25,332.53,87.65,45.75
2024-01-15 12:00:00,6,162.19,511.93,89.85,38.22
2024-01-15 13:00:00,6,164.32,398.76,126.77,40.35
2024-01-15 14:00:00,6,140.56,461.55,107.07,37.44
2024-01-15 15:00:00,6,156.5,410.14,111.06,38.39
2024-01-15 16:00:00,6,174.29,553.73,93.07,31.1
2024-01-15 17:00:00,6,143.86,452.59,95.84,31.59
2024-01-15 18:00:00,6,160.01,407.52,104.82,35.91
2024-01-15 19:00:00,6,170.61,429.6,89.31,18.83
2024-01-15 20:00:00,6,153.49,451.0,92.39,49.09
2024-01-15 21:00:00,6,172.17,456.23,87.9,55.31
2024-01-15 22:00:00,6,142.62,470.95,91.46,38.73
2024-01-15 23:00:00,6,182.38,447.91,98.62,43.73
2024-01-16 00:00:00,6,174.69,374.39,88.11,48.1
2024-01-16 01:00:00,6,170.44,431.16,103.24,28.09
2024-01-16 02:00:00,6,188.48,483.02,103.95,48.28
2024-01-16 03:00:00,6,165.55,414.71,98.56,37.2
2024-01-16 04:00:00,6,161.35,487.69,90.64,61.15
2024-01-16 05:00:00,6,193.89,453.37,103.02,40.03
2024-01-16 06:00:00,6,201.58,440.0,95.22,49.61
2024-01-16 07:00:00,6,160.43,516.14,102.26,40.12
2024-01-16 08:00:00,6,169.52,357.5,115.59,60.34
2024-01-16 09:00:00,6,187.81,414.41,84.64,36.46
2024-01-16 10:00:00,6,169.0,516.81,128.43,50.33
2024-01-16 11:00:00,6,179.17,548.36,98.6,44.95
2024-01-16 12:00:00,6,181.4,572.2,104.1,42.25
2024-01-16 13:00:00,6,158.88,450.7,88.23,39.96
2024-01-16 14:00:00,6,174.05,471.99,112.06,31.5
2024-01-16 15:00:00,6,166.54,490.78,95.01,14.3
2024-01-16 16:00:00,6,146.45,515.02,91.06,45.45
2024-01-16 17:00:00,6,149.83,462.77,88.4,31.64
2024-01-16 18:00:00,6,155.19,495.77,92.28,45.87
2024-01-16 19:00:00,6,180.91,470.69,101.28,38.9
2024-01-16 20:00:00,6,181.74,474.36,98.4,46.53
2024-01-16 21:00:00,6,178.79,397.05,96.12,43.57
2024-01-16 22:00:00,6,174.39,429.48,88.04,15.97
2024-01-16 23:00:00,6,174.67,419.75,88.02,43.3
2024-01-17 00:00:00,6,173.26,384.56,92.79,35.79
2024-01-17 01:00:00,6,176.14,360.35,105.5,49.6
2024-01-17 02:00:00,6,177.96,427.39,108.84,45.37
2024-01-17 03:00:00,6,148.13,436.63,111.21,46.09
2024-01-17 04:00:00,6,158.56,457.03,101.34,39.01
2024-01-17 05:00:00,6,154.99,481.67,106.63,33.77
2024-01-17 06:00:00,6,189.7,461.92,99.58,38.02
2024-01-17 07:00:00,6,198.46,437.79,79.08,26.11
2024-01-17 08:00:00,6,136.22,401.94,98.56,36.26
2024-01-17 09:00:00,6,196.23,498.24,96.02,28.23
2024-01-17 10:00:00,6,171.67,444.76,86.79,27.84
2024-01-17 11:00:00,6,185.94,426.11,92.18,40.54
2024-01-17 12:00:00,6,176.97,438.69,100.51,43.38
2024-01-17 13:00:00,6,191.32,408.42,83.3,37.71
2024-01-17 14:00:00,6,170.66,418.6,88.05,32.95
2024-01-17 15:00:00,6,144.55,416.27,116.7,28.45
2024-01-17 16:00:00,6,164.45,430.65,75.39,33.42
2024-01-17 17:00:00,6,174.22,481.27,93.49,28.76
2024-01-17 18:00:00,6,162.26,467.75,80.65,35.22
2024-01-17 19:00:00,6,176.52,529.39,86.12,22.72
2024-01-17 20:00:00,6,165.1,511.6,93.6,42.22
2024-01-17 21:00:00,6,156.99,552.29,83.84,31.74
2024-01-17 22:00:00,6,149.67,477.46,104.7,40.51
2024-01-17 23:00:00,6,161.64,477.31,115.5,45.65
2024-01-18 00:00:00,6,172.08,422.44,109.67,41.59
2024-01-18 01:00:00,6,137.8,494.14,112.82,46.44
2024-01-18 02:00:00,6,157.62,414.83,82.38,22.41
2024-01-18 03:00:00,6,138.54,371.48,97.73,36.62
2024-01-18 04:00:00,6,161.36,533.78,107.42,50.89
2024-01-18 05:00:00,6,191.06,384.2,112.95,46.06
2024-01-18 06:00:00,6,152.55,475.46,124.48,57.73
2024-01-18 07:00:00,6,183.05,404.12,115.51,56.38
2024-01-18 08:00:00,6,217.51,512.2,112.98,43.95
2024-01-18 09:00:00,6,194.43,519.08,135.01,38.71
2024-01-18 10:00:00,6,172.42,478.84,101.51,31.98
2024-01-18 11:00:00,6,183.44,516.84,95.79,35.43
2024-01-18 12:00:00,6,146.57,449.16,101.06,35.23
2024-01-18 13:00:00,6,142.5,568.63,86.13,32.86
2024-01-18 14:00:00,6,167.73,487.55,98.14,29.33
2024-01-18 15:00:00,6,173.1,398.01,74.26,40.11
2024-01-18 16:00:00,6,183.89,449.92,89.3,50.82
2024-01-18 17:00:00,6,156.65,437.63,94.37,43.93
2024-01-18 18:00:00,6,168.89,432.24,108.07,32.98
2024-01-18 19:00:00,6,168.44,356.38,110.26,44.62
2024-01-18 20:00:00,6,164.03,467.05,83.67,39.16
2024-01-18 21:00:00,6,165.47,371.81,123.55,36.29
2024-01-18 22:00:00,6,153.41,310.89,99.18,36.37
2024-01-18 23:00:00,6,172.52,429.41,101.1,36.26
2024-01-19 00:00:00,6,171.92,407.94,77.8,44.39
2024-01-19 01:00:00,6,162.41,403.01,91.5,40.74
2024-01-19 02:00:00,6,181.05,282.69,113.87,33.97
2024-01-19 03:00:00,6,187.53,404.94,103.08,34.17
2024-01-19 04:00:00,6,182.33,441.98,102.76,44.0
2024-01-19 05:00:00,6,154.77,417.41,104.6,45.36
2024-01-19 06:00:00,6,173.38,472.68,83.06,39.06
2024-01-19 07:00:00,6,156.89,526.86,100.41,31.88
2024-01-19 08:00:00,6,172.92,479.24,119.61,52.17
2024-01-19 09:00:00,6,156.18,506.31,114.97,49.86
2024-01-19 10:00:00,6,190.95,510.15,98.64,23.09
2024-01-19 11:00:00,6,182.23,394.52,119.8,51.11
2024-01-19 12:00:00,6,187.44,472.47,82.44,36.96
2024-01-19 13:00:00,6,185.02,501.72,85.39,39.63
2024-01-19 14:00:00,6,162.88,423.72,121.41,47.1
2024-01-19 15:00:00,6,159.74,403.95,104.13,50.92
2024-01-19 16:00:00,6,194.38,474.8,92.42,44.83
2024-01-19 17:00:00,6,163.19,365.86,95.15,37.95
2024-01-19 18:00:00,6,143.82,387.01,85.31,23.88
2024-01-19 19:00:00,6,182.18,409.86,99.45,18.36
2024-01-19 20:00:00,6,168.49,470.49,98.72,43.75
2024-01-19 21:00:00,6,191.04,458.46,96.9,48.23
2024-01-19 22:00:00,6,171.2,503.01,82.23,30.22
2024-01-19 23:00:00,6,167.66,398.2,101.42,35.65
2024-01-20 00:00:00,6,193.48,396.09,91.9,33.95
2024-01-20 01:00:00,6,144.61,477.83,86.76,34.49
2024-01-20 02:00:00,6,160.78,407.13,116.68,49.55
2024-01-20 03:00:00,6,156.51,418.29,129.0,42.77
2024-01-20 04:00:00,6,135.8,351.09,126.54,39.38
2024-01-20 05:00:00,6,185.8,467.36,110.08,64.62
2024-01-20 06:00:00,6,162.73,534.99,98.32,29.37
2024-01-20 07:00:00,6,186.33,396.08,100.75,46.39
2024-01-20 08:00:00,6,177.66,506.53,106.62,32.3
2024-01-20 09:00:00,6,180.72,447.67,95.44,39.52
2024-01-20 10:00:00,6,162.88,354.93,117.35,41.55
2024-01-20 11:00:00,6,157.16,401.22,73.15,46.83
2024-01-20 12:00:00,6,170.22,397.11,94.93,36.5
2024-01-20 13:00:00,6,182.88,430.89,108.37,34.81
2024-01-20 14:00:00,6,166.44,469.91,86.31,34.85
2024-01-20 15:00:00,6,155.27,546.48,93.53,27.31
2024-01-20 16:00:00,6,146.74,368.88,103.86,41.63
2024-01-20 17:00:00,6,169.17,419.69,115.54,38.29
2024-01-20 18:00:00,6,156.79,397.38,78.99,39.52
2024-01-20 19:00:00,6,164.7,377.39,78.13,35.26
2024-01-20 20:00:00,6,162.29,451.32,83.9,34.5
2024-01-20 21:00:00,6,159.44,446.72,76.71,46.8
2024-01-20 22:00:00,6,172.02,349.32,78.26,46.09
2024-01-20 23:00:00,6,176.97,448.96,85.38,50.21
2024-01-21 00:00:00,6,200.6,383.67,114.75,41.98
2024-01-21 01:00:00,6,181.82,450.18,95.49,51.22
2024-01-21 02:00:00,6,196.08,518.81,100.67,36.67
2024-01-21 03:00:00,6,157.62,475.89,88.5,39.15
2024-01-21 04:00:00,6,145.42,460.94,109.57,51.68
2024-01-21 05:00:00,6,171.42,423.11,125.97,48.95
2024-01-21 06:00:00,6,185.66,455.37,90.26,39.25
2024-01-21 07:00:00,6,183.02,482.07,124.01,32.62
2024-01-21 08:00:00,6,190.98,476.42,106.08,39.6
2024-01-21 09:00:00,6,129.79,445.52,101.1,34.97
2024-01-21 10:00:00,6,190.56,462.0,105.45,55.16
2024-01-21 11:00:00,6,174.97,378.44,104.6,46.1
2024-01-21 12:00:00,6,143.75,409.11,122.83,32.14
2024-01-21 13:00:00,6,179.71,486.19,104.73,28.96
2024-01-21 14:00:00,6,170.01,492.73,104.27,30.54
2024-01-21 15:00:00,6,172.82,451.69,91.18,31.81
2024-01-21 16:00:00,6,182.35,526.03,107.04,34.72
2024-01-21 17:00:00,6,172.83,473.3,83.46,45.49
2024-01-21 18:00:00,6,141.9,433.17,97.17,27.41
2024-01-21 19:00:00,6,163.55,380.0,133.23,55.64
2024-01-21 20:00:00,6,139.96,523.85,63.71,28.01
2024-01-21 21:00:00,6,177.15,488.24,99.66,24.47
2024-01-21 22:00:00,6,189.91,544.37,100.78,51.85
2024-01-21 23:00:00,6,147.87,564.99,95.03,49.4
2024-01-22 00:00:00,6,157.88,379.27,96.11,37.19
2024-01-22 01:00:00,6,155.24,380.18,100.72,42.83
2024-01-22 02:00:00,6,162.91,295.65,96.99,43.77
2024-01-22 03:00:00,6,177.56,500.47,103.76,42.06
2024-01-22 04:00:00,6,164.18,486.81,95.04,30.16
2024-01-22 05:00:00,6,182.23,456.94,127.87,20.21
2024-01-22 06:00:00,6,189.02,385.55,98.49,34.46
2024-01-22 07:00:00,6,189.51,446.85,109.04,57.35
2024-01-22 08:00:00,6,153.24,461.33,92.69,57.39
2024-01-22 09:00:00,6,193.33,493.15,112.98,38.62
2024-01-22 10:00:00,6,194.01,465.0,109.77,31.98
2024-01-22 11:00:00,6,194.69,485.38,104.97,41.94
2024-01-22 12:00:00,6,166.2,442.06,85.45,42.55
2024-01-22 13:00:00,6,155.8,511.78,88.23,43.17
2024-01-22 14:00:00,6,151.32,481.37,119.11,15.43
2024-01-22 15:00:00,6,148.79,382.55,86.75,63.92
2024-01-22 16:00:00,6,166.35,521.18,104.47,45.95
2024-01-22 17:00:00,6,179.6,512.04,83.62,34.15
2024-01-22 18:00:00,6,186.93,470.9,108.83,29.55
2024-01-22 19:00:00,6,158.0,461.02,86.97,44.39
2024-01-22 20:00:00,6,165.54,535.73,83.68,40.44
2024-01-22 21:00:00,6,164.95,358.44,87.41,37.44
2024-01-22 22:00:00,6,156.97,514.29,90.08,41.22
2024-01-22 23:00:00,6,179.9,422.27,103.23,37.01
2024-01-23 00:00:00,6,174.64,507.9,99.66,42.23
2024-01-23 01:00:00,6,171.83,456.04,85.34,45.81
2024-01-23 02:00:00,6,176.07,383.14,99.9,43.23
2024-01-23 03:00:00,6,180.85,424.07,86.06,43.4
2024-01-23 04:00:00,6,181.17,506.53,109.7,53.39
2024-01-23 05:00:00,6,158.08,440.31,112.38,27.86
2024-01-23 06:00:00,6,186.28,418.2,101.45,34.87
2024-01-23 07:00:00,6,175.8,417.74,105.18,41.89
2024-01-23 08:00:00,6,164.32,486.04,124.07,35.05
2024-01-23 09:00:00,6,174.68,545.42,98.84,37.46
2024-01-23 10:00:00,6,175.84,334.65,88.02,51.39
2024-01-23 11:00:00,6,187.06,600.77,107.04,38.25
2024-01-23 12:00:00,6,151.81,459.76,84.08,22.96
2024-01-23 13:00:00,6,189.45,479.32,95.26,34.33
2024-01-23 14:00:00,6,167.64,423.7,89.5,37.76
2024-01-23 15:00:00,6,158.44,446.45,87.54,36.98
2024-01-23 16:00:00,6,157.47,456.56,92.92,40.97
2024-01-23 17:00:00,6,149.64,389.21,107.53,39.96
2024-01-23 18:00:00,6,137.56,402.25,110.09,34.56
2024-01-23 19:00:00,6,176.84,509.83,107.87,25.56
2024-01-23 20:00:00,6,198.25,362.34,100.52,32.35
2024-01-23 21:00:00,6,140.43,470.46,93.3,31.26
2024-01-23 22:00:00,6,151.86,427.25,66.7,34.8
2024-01-23 23:00:00,6,180.16,396.11,102.75,43.96
2024-01-24 00:00:00,6,168.02,555.25,69.22,42.25
2024-01-24 01:00:00,6,183.06,397.99,74.61,46.66
2024-01-24 02:00:00,6,168.61,389.24,98.17,36.94
2024-01-24 03:00:00,6,161.48,440.79,104.31,53.91
2024-01-24 04:00:00,6,167.7,409.86,95.51,47.17
2024-01-24 05:00:00,6,133.07,452.0,121.56,42.63
2024-01-24 06:00:00,6,153.24,460.15,107.75,46.97
2024-01-24 07:00:00,6,187.02,464.33,98.43,35.82
2024-01-24 08:00:00,6,190.67,444.67,119.33,23.14
2024-01-24 09:00:00,6,193.66,412.97,121.17,35.64
2024-01-24 10:00:00,6,177.4,485.0,106.9,46.72
2024-01-24 11:00:00,6,132.99,443.51,89.49,40.23
2024-01-24 12:00:00,6,158.47,422.0,91.63,37.58
2024-01-24 13:00:00,6,189.44,527.9,79.23,30.66
2024-01-24 14:00:00,6,193.55,440.71,96.71,20.36
2024-01-24 15:00:00,6,188.71,505.61,83.03,48.95
2024-01-24 16:00:00,6,162.34,512.41,91.9,34.37
2024-01-24 17:00:00,6,144.7,515.4,99.24,32.15
2024-01-24 18:00:00,6,165.1,483.08,70.05,29.96
2024-01-24 19:00:00,6,166.1,445.83,79.49,46.7
2024-01-24 20:00:00,6,191.53,442.7,89.59,43.78
2024-01-24 21:00:00,6,170.33,433.46,95.96,28.28
2024-01-24 22:00:00,6,167.53,330.25,90.86,47.32
2024-01-24 23:00:00,6,169.18,486.8,94.48,36.73
2024-01-25 00:00:00,6,175.24,461.96,89.61,33.49
2024-01-25 01:00:00,6,179.69,494.12,80.75,37.0
2024-01-25 02:00:00,6,158.52,443.94,93.33,33.49
2024-01-25 03:00:00,6,153.75,486.78,98.12,29.47
2024-01-25 04:00:00,6,193.56,376.97,97.34,48.06
2024-01-25 05:00:00,6,145.07,388.52,103.11,39.75
2024-01-25 06:00:00,6,198.29,318.05,107.19,47.09
2024-01-25 07:00:00,6,140.71,444.4,110.49,44.14
2024-01-25 08:00:00,6,161.89,409.64,93.15,46.1
2024-01-25 09:00:00,6,186.63,402.1,80.46,23.2
2024-01-25 10:00:00,6,170.27,468.33,116.74,32.77
2024-01-25 11:00:00,6,148.21,426.56,104.53,44.46
2024-01-25 12:00:00,6,175.67,371.37,86.39,27.75
2024-01-25 13:00:00,6,169.07,585.4,101.58,41.21
2024-01-25 14:00:00,6,163.76,445.26,111.1,25.25
2024-01-25 15:00:00,6,156.53,388.15,119.05,36.78
2024-01-25 16:00:00,6,165.6,409.99,99.41,50.07
2024-01-25 17:00:00,6,156.44,436.51,109.6,42.56
2024-01-25 18:00:00,6,205.2,436.3,80.08,19.77
2024-01-25 19:00:00,6,161.97,516.18,95.4,43.19
2024-01-25 20:00:00,6,160.11,441.87,91.82,51.91
2024-01-25 21:00:00,6,157.87,546.82,101.08,60.81
2024-01-25 22:00:00,6,196.05,423.91,118.14,41.37
2024-01-25 23:00:00,6,141.43,471.01,101.22,26.2
2024-01-26 00:00:00,6,174.58,503.95,86.61,42.52
2024-01-26 01:00:00,6,165.66,514.08,83.16,53.33
2024-01-26 02:00:00,6,147.2,521.1,121.59,38.64
2024-01-26 03:00:00,6,157.61,436.19,107.54,49.89
2024-01-26 04:00:00,6,176.49,451.06,107.17,34.1
2024-01-26 05:00:00,6,157.66,317.77,97.2,44.88
2024-01-26 06:00:00,6,175.97,441.18,105.23,20.25
2024-01-26 07:00:00,6,199.67,510.59,88.87,33.45
2024-01-26 08:00:00,6,174.12,499.79,106.38,41.31
2024-01-26 09:00:00,6,147.34,446.21,85.66,37.74
2024-01-26 10:00:00,6,156.54,542.01,95.6,29.02
2024-01-26 11:00:00,6,164.91,428.8,91.21,35.22
2024-01-26 12:00:00,6,163.05,410.09,56.55,41.61
2024-01-26 13:00:00,6,170.45,422.7,93.49,37.24
2024-01-26 14:00:00,6,172.32,386.65,85.61,37.79
2024-01-26 15:00:00,6,194.67,480.25,93.91,42.96
2024-01-26 16:00:00,6,166.1,461.74,96.19,33.2
2024-01-26 17:00:00,6,147.2,478.8,118.78,47.61
2024-01-26 18:00:00,6,184.45,423.38,99.71,27.21
2024-01-26 19:00:00,6,186.32,442.73,100.19,52.52
2024-01-26 20:00:00,6,169.93,328.53,102.59,45.78
2024-01-26 21:00:00,6,162.65,466.96,107.94,33.56
2024-01-26 22:00:00,6,177.35,452.6,103.15,34.76
2024-01-26 23:00:00,6,164.57,388.56,101.64,39.77
2024-01-27 00:00:00,6,135.46,443.11,107.98,43.93
2024-01-27 01:00:00,6,178.67,435.61,68.09,48.99
2024-01-27 02:00:00,6,184.72,545.53,127.34,28.68
2024-01-27 03:00:00,6,194.23,393.58,121.49,44.66
2024-01-27 04:00:00,6,159.52,469.26,104.17,23.07
2024-01-27 05:00:00,6,175.32,392.76,83.35,40.13
2024-01-27 06:00:00,6,175.78,421.64,117.45,54.32
2024-01-27 07:00:00,6,173.04,466.61,92.67,29.41
2024-01-27 08:00:00,6,173.22,439.95,108.28,27.54
2024-01-27 09:00:00,6,171.48,450.56,84.26,42.79
2024-01-27 10:00:00,6,173.69,468.23,129.12,52.25
2024-01-27 11:00:00,6,181.54,422.88,80.85,42.35
2024-01-27 12:00:00,6,188.53,496.5,99.66,22.31
2024-01-27 13:00:00,6,155.73,431.49,70.48,23.44
2024-01-27 14:00:00,6,164.47,441.99,96.73,38.11
2024-01-27 15:00:00,6,159.79,466.15,91.13,26.45
2024-01-27 16:00:00,6,157.0,458.42,110.9,37.34
2024-01-27 17:00:00,6,139.68,480.65,90.35,37.56
2024-01-27 18:00:00,6,166.15,462.88,110.52,31.53
2024-01-27 19:00:00,6,173.63,471.19,82.59,51.54
2024-01-27 20:00:00,6,163.65,428.59,92.51,41.26
2024-01-27 21:00:00,6,166.49,388.93,93.25,47.11
2024-01-27 22:00:00,6,174.04,370.17,103.68,45.21
2024-01-27 23:00:00,6,190.84,357.77,102.76,36.69
2024-01-28 00:00:00,6,161.96,543.95,108.12,37.08
2024-01-28 01:00:00,6,150.56,330.05,103.0,36.97
2024-01-28 02:00:00,6,168.8,514.72,108.83,46.15
2024-01-28 03:00:00,6,201.4,406.56,89.25,35.26
2024-01-28 04:00:00,6,152.55,515.43,106.4,56.26
2024-01-28 05:00:00,6,182.19,332.72,122.5,35.21
2024-01-28 06:00:00,6,190.52,439.07,79.99,43.61
2024-01-28 07:00:00,6,133.34,530.18,108.0,39.68
2024-01-28 08:00:00,6,178.0,489.87,110.13,37.46
2024-01-28 09:00:00,6,180.66,432.67,119.82,59.65
2024-01-28 10:00:00,6,165.93,345.34,109.67,36.47
2024-01-28 11:00:00,6,159.07,378.12,100.84,36.9
2024-01-28 12:00:00,6,159.19,523.77,104.33,33.02
2024-01-28 13:00:00,6,162.66,429.18,88.46,38.34
2024-01-28 14:00:00,6,162.37,443.38,92.23,36.39
2024-01-28 15:00:00,6,158.69,461.95,79.33,26.97
2024-01-28 16:00:00,6,160.58,375.81,115.43,32.5
2024-01-28 17:00:00,6,185.15,467.86,101.7,41.13
2024-01-28 18:00:00,6,146.09,423.1,83.89,44.63
2024-01-28 19:00:00,6,137.53,461.72,99.38,36.07
2024-01-28 20:00:00,6,185.71,414.95,111.19,36.67
2024-01-28 21:00:00,6,163.53,361.69,109.51,33.52
2024-01-28 22:00:00,6,160.97,424.18,85.24,32.92
2024-01-28 23:00:00,6,166.18,482.59,57.37,30.04
2024-01-29 00:00:00,6,172.15,470.04,103.89,25.31
2024-01-29 01:00:00,6,161.05,451.21,88.04,33.47
2024-01-29 02:00:00,6,178.46,498.76,108.33,48.07
2024-01-29 03:00:00,6,155.29,439.89,113.2,37.22
2024-01-29 04:00:00,6,166.47,454.4,115.79,38.37
2024-01-29 05:00:00,6,135.78,425.75,124.27,38.5
2024-01-29 06:00:00,6,190.75,503.42,117.78,52.52
2024-01-29 07:00:00,6,168.81,467.4,124.33,33.64
2024-01-29 08:00:00,6,182.21,421.28,119.23,43.75
2024-01-29 09:00:00,6,178.6,370.47,119.88,40.29
2024-01-29 10:00:00,6,179.17,509.93,99.73,40.85
2024-01-29 11:00:00,6,169.41,409.36,82.83,41.65
2024-01-29 12:00:00,6,175.05,452.65,130.93,39.25
2024-01-29 13:00:00,6,152.41,575.02,98.8,44.84
2024-01-29 14:00:00,6,148.29,490.54,113.19,37.01
2024-01-29 15:00:00,6,165.0,533.64,89.51,51.71
2024-01-29 16:00:00,6,155.15,417.1,108.66,36.55
2024-01-29 17:00:00,6,188.96,503.7,64.18,21.15
2024-01-29 18:00:00,6,171.84,447.2,90.44,41.28
2024-01-29 19:00:00,6,154.26,465.63,94.59,39.25
2024-01-29 20:00:00,6,161.76,555.29,102.16,36.44
2024-01-29 21:00:00,6,168.79,431.59,110.53,34.4
2024-01-29 22:00:00,6,166.16,448.3,83.08,18.99
2024-01-29 23:00:00,6,172.39,399.21,106.54,21.16
2024-01-30 00:00:00,6,169.87,496.74,114.66,53.0
2024-01-30 01:00:00,6,147.01,419.26,129.94,34.48
2024-01-30 02:00:00,6,135.42,505.49,109.42,48.6
2024-01-30 03:00:00,6,164.83,361.79,94.93,27.03
2024-01-30 04:00:00,6,180.44,480.99,84.88,32.31
2024-01-30 05:00:00,6,165.79,416.9,125.37,47.52
2024-01-30 06:00:00,6,191.79,491.21,111.32,40.88
2024-01-30 07:00:00,6,170.9,450.93,101.37,46.3
2024-01-30 08:00:00,6,193.35,422.45,80.37,41.24
2024-01-30 09:00:00,6,189.54,430.01,88.81,39.09
2024-01-30 10:00:00,6,187.29,404.34,108.44,34.39
2024-01-30 11:00:00,6,150.04,494.78,104.12,29.22
2024-01-30 12:00:00,6,169.04,392.13,73.54,50.88
2024-01-30 13:00:00,6,187.79,433.56,106.18,51.53
2024-01-30 14:00:00,6,171.67,465.9,76.93,28.29
2024-01-30 15:00:00,6,175.62,533.77,114.19,27.1
2024-01-30 16:00:00,6,143.68,445.66,98.87,33.16
2024-01-30 17:00:00,6,196.95,432.77,89.86,38.8
2024-01-30 18:00:00,6,152.94,460.54,108.59,34.19
2024-01-30 19:00:00,6,133.55,333.9,100.44,40.18
2024-01-30 20:00:00,6,160.47,381.44,113.33,35.74
2024-01-30 21:00:00,6,126.99,426.37,97.68,35.65
2024-01-30 22:00:00,6,149.68,408.76,99.06,58.11
2024-01-30 23:00:00,6,209.43,361.54,94.29,33.45
2024-01-01 00:00:00,7,196.07,429.22,113.57,33.95
2024-01-01 01:00:00,7,182.0,426.97,104.28,38.25
2024-01-01 02:00:00,7,144.44,467.26,116.94,59.75
2024-01-01 03:00:00,7,175.89,498.43,95.57,44.29
2024-01-01 04:00:00,7,167.77,419.94,107.01,38.84
2024-01-01 05:00:00,7,176.49,462.82,106.94,42.38
2024-01-01 06:00:00,7,159.54,465.95,111.75,55.29
2024-01-01 07:00:00,7,188.09,474.99,92.98,29.58
2024-01-01 08:00:00,7,191.39,366.23,113.89,48.02
2024-01-01 09:00:00,7,193.83,406.85,82.14,66.08
2024-01-01 10:00:00,7,168.76,383.07,96.37,61.84
2024-01-01 11:00:00,7,157.37,455.78,84.37,48.87
2024-01-01 12:00:00,7,178.82,405.98,113.72,54.34
2024-01-01 13:00:00,7,200.16,426.45,107.55,53.48
2024-01-01 14:00:00,7,172.87,389.08,107.53,40.72
2024-01-01 15:00:00,7,178.28,429.99,119.72,48.93
2024-01-01 16:00:00,7,166.98,391.67,96.7,55.71
2024-01-01 17:00:00,7,162.45,490.17,108.06,29.77
2024-01-01 18:00:00,7,180.65,475.44,101.11,45.12
2024-01-01 19:00:00,7,168.71,458.27,99.3,43.42
2024-01-01 20:00:00,7,177.04,434.83,117.15,41.55
2024-01-01 21:00:00,7,179.15,344.18,127.39,41.28
2024-01-01 22:00:00,7,177.25,427.72,96.34,43.73
2024-01-01 23:00:00,7,181.29,412.53,113.01,45.15
2024-01-02 00:00:00,7,159.85,466.26,107.3,52.68
2024-01-02 01:00:00,7,159.66,486.59,108.23,48.06
2024-01-02 02:00:00,7,174.11,471.82,107.89,43.29
2024-01-02 03:00:00,7,175.11,521.71,101.2,38.35
2024-01-02 04:00:00,7,167.65,426.04,60.71,41.91
2024-01-02 05:00:00,7,179.97,424.16,125.52,48.37
2024-01-02 06:00:00,7,190.58,510.77,97.53,40.35
2024-01-02 07:00:00,7,194.88,464.9,103.13,54.12
2024-01-02 08:00:00,7,198.12,442.91,103.1,49.49
2024-01-02 09:00:00,7,154.69,552.34,95.53,55.01
2024-01-02 10:00:00,7,156.46,485.11,107.81,39.41
2024-01-02 11:00:00,7,169.49,444.05,103.5,37.08
2024-01-02 12:00:00,7,174.54,417.27,94.25,52.82
2024-01-02 13:00:00,7,168.75,522.15,104.38,43.6
2024-01-02 14:00:00,7,163.08,462.65,101.36,40.08
2024-01-02 15:00:00,7,166.36,452.45,112.85,47.03
2024-01-02 16:00:00,7,178.29,486.19,83.79,46.24
2024-01-02 17:00:00,7,149.44,496.59,90.23,29.83
2024-01-02 18:00:00,7,207.19,479.15,109.42,51.91
2024-01-02 19:00:00,7,170.71,496.79,92.32,36.93
2024-01-02 20:00:00,7,187.23,474.38,89.3,54.96
2024-01-02 21:00:00,7,162.02,480.29,93.72,29.96
2024-01-02 22:00:00,7,180.83,413.37,100.51,44.45
2024-01-02 23:00:00,7,174.08,547.55,101.28,40.94
2024-01-03 00:00:00,7,186.77,388.51,100.63,26.69
2024-01-03 01:00:00,7,170.93,470.3,91.1,49.59
2024-01-03 02:00:00,7,199.22,384.6,114.52,28.62
2024-01-03 03:00:00,7,151.9,450.25,122.11,42.95
2024-01-03 04:00:00,7,190.83,425.89,81.81,55.15
2024-01-03 05:00:00,7,178.05,463.3,86.6,41.73
2024-01-03 06:00:00,7,160.24,474.22,118.92,38.69
2024-01-03 07:00:00,7,206.92,405.97,125.96,52.9
2024-01-03 08:00:00,7,204.99,454.33,79.05,43.78
2024-01-03 09:00:00,7,142.74,528.57,115.68,42.0
2024-01-03 10:00:00,7,177.56,385.89,125.42,55.49
2024-01-03 11:00:00,7,185.17,409.22,93.19,34.25
2024-01-03 12:00:00,7,180.24,498.47,123.18,39.42
2024-01-03 13:00:00,7,196.37,456.58,100.26,49.78
2024-01-03 14:00:00,7,192.38,459.72,105.74,31.43
2024-01-03 15:00:00,7,175.34,504.83,92.1,56.07
2024-01-03 16:00:00,7,206.55,408.99,113.29,38.86
2024-01-03 17:00:00,7,185.14,423.12,110.9,47.73
2024-01-03 18:00:00,7,164.75,416.54,122.01,47.61
2024-01-03 19:00:00,7,161.68,432.1,118.53,39.1
2024-01-03 20:00:00,7,190.26,521.01,100.57,36.66
2024-01-03 21:00:00,7,158.67,361.85,140.32,40.8
2024-01-03 22:00:00,7,165.33,389.08,118.8,47.77
2024-01-03 23:00:00,7,168.73,380.81,109.31,34.22
2024-01-04 00:00:00,7,178.88,526.87,90.72,33.17
2024-01-04 01:00:00,7,171.01,421.8,84.78,56.52
2024-01-04 02:00:00,7,154.04,437.63,86.57,38.61
2024-01-04 03:00:00,7,193.7,370.63,93.64,48.38
2024-01-04 04:00:00,7,169.51,442.1,123.23,44.18
2024-01-04 05:00:00,7,207.99,501.67,112.31,44.85
2024-01-04 06:00:00,7,181.07,469.56,98.55,58.3
2024-01-04 07:00:00,7,196.14,450.51,104.47,45.46
2024-01-04 08:00:00,7,185.81,373.72,102.63,42.88
2024-01-04 09:00:00,7,196.11,438.18,115.48,43.14
2024-01-04 10:00:00,7,183.76,462.49,93.71,40.55
2024-01-04 11:00:00,7,177.76,401.99,108.46,38.43
2024-01-04 12:00:00,7,190.5,487.66,107.06,39.08
2024-01-04 13:00:00,7,211.66,498.97,91.81,56.47
2024-01-04 14:00:00,7,167.53,424.03,121.79,47.76
2024-01-04 15:00:00,7,183.68,489.26,97.43,38.26
2024-01-04 16:00:00,7,170.6,444.92,88.17,48.93
2024-01-04 17:00:00,7,178.35,510.61,111.13,27.05
2024-01-04 18:00:00,7,170.94,557.07,100.97,51.84
2024-01-04 19:00:00,7,136.4,392.96,105.53,51.26
2024-01-04 20:00:00,7,167.53,491.08,85.75,59.47
2024-01-04 21:00:00,7,186.9,519.67,111.4,49.66
2024-01-04 22:00:00,7,159.73,400.82,129.15,45.45
2024-01-04 23:00:00,7,187.01,422.31,86.59,53.35
2024-01-05 00:00:00,7,176.17,422.5,107.74,38.02
2024-01-05 01:00:00,7,171.04,447.09,94.16,40.73
2024-01-05 02:00:00,7,189.05,436.07,138.67,44.24
2024-01-05 03:00:00,7,186.13,444.99,121.02,56.9
2024-01-05 04:00:00,7,182.5,499.87,109.43,38.69
2024-01-05 05:00:00,7,192.18,356.65,90.71,38.1
2024-01-05 06:00:00,7,179.48,405.15,93.86,48.27
2024-01-05 07:00:00,7,150.27,491.35,115.58,52.2
2024-01-05 08:00:00,7,169.92,484.9,88.71,39.97
2024-01-05 09:00:00,7,146.98,399.83,88.63,51.03
2024-01-05 10:00:00,7,185.13,484.16,104.89,56.27
2024-01-05 11:00:00,7,188.17,523.72,105.74,54.14
2024-01-05 12:00:00,7,188.11,450.71,108.07,46.25
2024-01-05 13:00:00,7,180.21,399.59,96.97,41.74
2024-01-05 14:00:00,7,187.02,497.71,113.37,56.36
2024-01-05 15:00:00,7,146.33,541.62,90.3,41.29
2024-01-05 16:00:00,7,168.99,404.16,108.58,48.58
2024-01-05 17:00:00,7,148.1,452.44,103.08,56.83
2024-01-05 18:00:00,7,164.64,507.51,107.85,47.3
2024-01-05 19:00:00,7,195.84,456.44,115.28,32.01
2024-01-05 20:00:00,7,187.9,358.95,94.94,30.27
2024-01-05 21:00:00,7,181.59,474.44,92.83,38.66
2024-01-05 22:00:00,7,168.92,400.39,80.51,47.74
2024-01-05 23:00:00,7,156.85,385.79,77.06,46.24
2024-01-06 00:00:00,7,176.23,362.57,101.06,61.82
2024-01-06 01:00:00,7,191.55,516.55,102.7,47.71
2024-01-06 02:00:00,7,181.24,410.96,91.1,42.03
2024-01-06 03:00:00,7,150.43,472.9,94.43,35.88
2024-01-06 04:00:00,7,177.53,486.27,125.07,55.79
2024-01-06 05:00:00,7,146.04,464.67,117.21,46.13
2024-01-06 06:00:00,7,188.95,471.85,90.38,33.63
2024-01-06 07:00:00,7,165.26,476.18,100.6,46.36
2024-01-06 08:00:00,7,156.61,463.13,110.99,37.51
2024-01-06 09:00:00,7,188.28,415.49,97.51,41.83
2024-01-06 10:00:00,7,183.59,410.19,94.59,44.83
2024-01-06 11:00:00,7,177.72,448.54,99.79,36.45
2024-01-06 12:00:00,7,207.8,446.66,117.02,39.18
2024-01-06 13:00:00,7,182.5,475.04,117.39,36.25
2024-01-06 14:00:00,7,161.62,509.62,92.51,35.75
2024-01-06 15:00:00,7,179.34,469.21,106.96,32.69
2024-01-06 16:00:00,7,166.18,408.11,100.6,36.63
2024-01-06 17:00:00,7,190.33,335.87,87.68,32.87
2024-01-06 18:00:00,7,174.71,409.91,96.54,45.21
2024-01-06 19:00:00,7,176.37,379.8,84.45,42.07
2024-01-06 20:00:00,7,147.96,412.34,115.34,50.72
2024-01-06 21:00:00,7,172.12,463.88,120.72,57.01
2024-01-06 22:00:00,7,170.89,456.21,96.61,47.47
2024-01-06 23:00:00,7,156.37,550.06,94.33,46.28
2024-01-07 00:00:00,7,169.79,478.64,116.57,49.5
2024-01-07 01:00:00,7,180.92,554.29,119.38,47.98
2024-01-07 02:00:00,7,174.71,492.32,90.74,45.2
2024-01-07 03:00:00,7,153.16,512.4,103.54,45.15
2024-01-07 04:00:00,7,171.57,437.04,105.14,37.3
2024-01-07 05:00:00,7,168.81,399.77,96.47,53.22
2024-01-07 06:00:00,7,179.33,432.71,111.14,46.02
2024-01-07 07:00:00,7,177.52,455.55,97.36,58.35
2024-01-07 08:00:00,7,169.4,422.9,99.07,53.57
2024-01-07 09:00:00,7,168.3,402.84,104.12,40.14
2024-01-07 10:00:00,7,175.84,476.66,86.02,55.25
2024-01-07 11:00:00,7,189.22,401.27,78.15,22.55
2024-01-07 12:00:00,7,177.67,372.77,114.85,59.49
2024-01-07 13:00:00,7,194.92,393.59,93.18,31.26
2024-01-07 14:00:00,7,189.63,439.48,128.68,45.94
2024-01-07 15:00:00,7,194.73,399.14,126.0,44.75
2024-01-07 16:00:00,7,192.24,438.71,94.3,50.12
2024-01-07 17:00:00,7,195.0,481.91,129.85,37.62
2024-01-07 18:00:00,7,152.12,480.44,112.09,22.26
2024-01-07 19:00:00,7,180.58,415.69,92.25,37.63
2024-01-07 20:00:00,7,189.87,382.22,68.15,38.84
2024-01-07 21:00:00,7,193.19,420.94,109.83,23.95
2024-01-07 22:00:00,7,159.64,486.2,102.17,42.16
2024-01-07 23:00:00,7,182.86,499.19,107.94,33.47
2024-01-08 00:00:00,7,174.46,471.81,100.4,48.73
2024-01-08 01:00:00,7,203.15,517.13,89.64,41.99
2024-01-08 02:00:00,7,152.93,545.56,99.4,61.25
2024-01-08 03:00:00,7,163.28,430.03,114.3,43.25
2024-01-08 04:00:00,7,147.36,533.92,101.41,49.49
2024-01-08 05:00:00,7,178.46,442.5,101.64,44.39
2024-01-08 06:00:00,7,211.94,509.82,87.14,32.64
2024-01-08 07:00:00,7,175.48,493.38,107.33,44.46
2024-01-08 08:00:00,7,177.47,352.08,91.87,52.21
2024-01-08 09:00:00,7,184.07,404.67,116.97,50.46
2024-01-08 10:00:00,7,172.95,390.66,95.53,42.32
2024-01-08 11:00:00,7,179.82,360.5,100.33,31.82
2024-01-08 12:00:00,7,179.46,499.44,130.55,48.69
2024-01-08 13:00:00,7,159.19,561.11,98.64,46.03
2024-01-08 14:00:00,7,170.3,438.25,96.23,48.86
2024-01-08 15:00:00,7,182.84,496.0,108.54,38.86
2024-01-08 16:00:00,7,185.31,528.62,78.19,26.53
2024-01-08 17:00:00,7,190.83,461.32,116.14,44.87
2024-01-08 18:00:00,7,175.56,448.95,112.8,40.2
2024-01-08 19:00:00,7,175.99,437.48,106.99,52.07
2024-01-08 20:00:00,7,182.5,478.9,58.13,40.92
2024-01-08 21:00:00,7,161.79,497.08,97.89,40.78
2024-01-08 22:00:00,7,161.77,476.02,85.74,45.28
2024-01-08 23:00:00,7,170.54,474.95,116.67,37.49
2024-01-09 00:00:00,7,153.2,450.59,116.54,37.86
2024-01-09 01:00:00,7,180.47,370.43,108.95,43.23
2024-01-09 02:00:00,7,191.3,501.91,89.62,37.05
2024-01-09 03:00:00,7,164.22,387.96,124.23,43.48
2024-01-09 04:00:00,7,182.73,488.4,102.57,62.17
2024-01-09 05:00:00,7,166.27,495.85,128.93,54.94
2024-01-09 06:00:00,7,160.27,396.41,109.62,48.87
2024-01-09 07:00:00,7,208.55,424.27,112.56,59.21
2024-01-09 08:00:00,7,160.09,567.26,100.08,38.95
2024-01-09 09:00:00,7,155.25,451.23,123.13,66.32
2024-01-09 10:00:00,7,178.16,390.72,112.45,40.91
2024-01-09 11:00:00,7,178.29,496.1,122.24,60.89
2024-01-09 12:00:00,7,183.79,412.71,105.52,60.07
2024-01-09 13:00:00,7,204.02,351.68,101.91,27.78
2024-01-09 14:00:00,7,159.54,479.07,109.28,54.1
2024-01-09 15:00:00,7,162.05,403.04,119.33,38.77
2024-01-09 16:00:00,7,196.02,467.54,113.49,35.91
2024-01-09 17:00:00,7,185.17,407.72,102.12,44.79
2024-01-09 18:00:00,7,182.88,487.41,76.88,31.81
2024-01-09 19:00:00,7,161.09,460.02,110.59,44.6
2024-01-09 20:00:00,7,188.41,314.75,82.55,32.78
2024-01-09 21:00:00,7,183.81,471.21,101.6,42.65
2024-01-09 22:00:00,7,174.77,436.57,100.32,53.0
2024-01-09 23:00:00,7,163.29,526.88,84.64,45.75
2024-01-10 00:00:00,7,174.96,474.03,107.97,40.26
2024-01-10 01:00:00,7,200.02,493.75,131.2,48.6
2024-01-10 02:00:00,7,157.55,417.48,100.84,32.97
2024-01-10 03:00:00,7,162.8,413.92,115.05,38.35
2024-01-10 04:00:00,7,165.99,454.53,135.56,42.26
2024-01-10 05:00:00,7,169.71,437.25,117.05,52.79
2024-01-10 06:00:00,7,176.03,526.53,98.15,49.69
2024-01-10 07:00:00,7,191.28,448.13,109.16,50.67
2024-01-10 08:00:00,7,183.15,391.57,111.94,45.65
2024-01-10 09:00:00,7,176.36,411.95,123.47,38.78
2024-01-10 10:00:00,7,179.14,505.45,120.08,57.28
2024-01-10 11:00:00,7,183.88,445.28,69.16,38.19
2024-01-10 12:00:00,7,146.79,441.69,92.49,46.8
2024-01-10 13:00:00,7,189.38,508.16,101.62,41.56
2024-01-10 14:00:00,7,158.76,403.75,88.99,46.51
2024-01-10 15:00:00,7,164.17,333.81,54.54,36.07
2024-01-10 16:00:00,7,176.04,405.91,91.54,49.52
2024-01-10 17:00:00,7,169.19,463.09,100.34,51.96
2024-01-10 18:00:00,7,177.95,437.18,93.66,48.61
2024-01-10 19:00:00,7,172.62,368.46,87.82,41.71
2024-01-10 20:00:00,7,166.12,504.02,101.2,37.03
2024-01-10 21:00:00,7,195.24,459.74,105.48,64.86
2024-01-10 22:00:00,7,182.93,472.2,95.88,33.45
2024-01-10 23:00:00,7,177.26,474.53,119.79,49.91
2024-01-11 00:00:00,7,184.19,385.11,104.01,46.08
2024-01-11 01:00:00,7,162.95,469.96,93.08,43.53
2024-01-11 02:00:00,7,209.03,502.42,90.61,46.34
2024-01-11 03:00:00,7,158.27,515.27,102.72,41.12
2024-01-11 04:00:00,7,177.66,493.74,119.91,49.47
2024-01-11 05:00:00,7,171.67,483.12,95.8,48.84
2024-01-11 06:00:00,7,171.17,365.07,113.79,68.77
2024-01-11 07:00:00,7,169.02,455.39,107.37,55.17
2024-01-11 08:00:00,7,163.72,405.66,130.99,50.21
2024-01-11 09:00:00,7,194.12,522.72,110.32,50.24
2024-01-11 10:00:00,7,155.81,514.12,95.98,60.23
2024-01-11 11:00:00,7,189.55,404.15,113.33,35.9
2024-01-11 12:00:00,7,183.49,450.87,112.98,41.74
2024-01-11 13:00:00,7,166.5,465.55,97.5,26.48
2024-01-11 14:00:00,7,180.17,499.07,87.11,46.47
2024-01-11 15:00:00,7,168.67,363.19,107.91,48.28
2024-01-11 16:00:00,7,153.34,334.68,101.48,32.32
2024-01-11 17:00:00,7,153.21,452.38,81.27,52.44
2024-01-11 18:00:00,7,180.6,317.38,103.49,34.24
2024-01-11 19:00:00,7,179.89,458.71,92.36,37.51
2024-01-11 20:00:00,7,174.49,481.77,81.59,41.69
2024-01-11 21:00:00,7,164.99,516.05,96.72,54.55
2024-01-11 22:00:00,7,168.78,419.1,117.94,34.57
2024-01-11 23:00:00,7,167.38,460.97,117.73,44.95
2024-01-12 00:00:00,7,145.77,487.48,115.21,49.79
2024-01-12 01:00:00,7,175.02,392.33,107.45,48.83
2024-01-12 02:00:00,7,183.01,502.84,112.29,49.87
2024-01-12 03:00:00,7,176.47,469.8,106.64,51.8
2024-01-12 04:00:00,7,203.74,424.09,91.95,41.22
2024-01-12 05:00:00,7,160.36,463.6,94.77,60.36
2024-01-12 06:00:00,7,165.87,448.96,98.63,45.35
2024-01-12 07:00:00,7,178.27,497.13,123.83,44.13
2024-01-12 08:00:00,7,179.72,436.95,119.44,57.2
2024-01-12 09:00:00,7,145.46,467.32,91.79,40.1
2024-01-12 10:00:00,7,184.27,422.18,105.45,47.47
2024-01-12 11:00:00,7,177.97,404.82,98.98,37.98
2024-01-12 12:00:00,7,139.9,462.29,101.33,64.44
2024-01-12 13:00:00,7,170.67,405.42,95.75,61.9
2024-01-12 14:00:00,7,159.05,493.81,119.49,40.85
2024-01-12 15:00:00,7,164.02,482.25,100.92,45.53
2024-01-12 16:00:00,7,149.61,410.51,103.41,40.73
2024-01-12 17:00:00,7,176.94,461.61,103.21,37.45
2024-01-12 18:00:00,7,198.03,409.87,87.33,41.28
2024-01-12 19:00:00,7,174.56,366.16,101.75,40.04
2024-01-12 20:00:00,7,136.67,419.33,114.07,27.91
2024-01-12 21:00:00,7,175.66,448.52,119.71,43.37
2024-01-12 22:00:00,7,168.71,479.15,87.32,41.42
2024-01-12 23:00:00,7,155.16,460.35,83.37,45.13
2024-01-13 00:00:00,7,178.85,500.93,104.06,42.63
2024-01-13 01:00:00,7,187.91,402.55,118.03,41.03
2024-01-13 02:00:00,7,164.25,435.0,109.31,52.13
2024-01-13 03:00:00,7,149.51,541.73,113.97,49.88
2024-01-13 04:00:00,7,144.19,354.5,88.74,57.6
2024-01-13 05:00:00,7,165.69,432.45,98.97,50.33
2024-01-13 06:00:00,7,173.83,400.03,78.61,44.62
2024-01-13 07:00:00,7,168.05,445.92,104.38,51.36
2024-01-13 08:00:00,7,165.12,433.07,78.61,29.24
2024-01-13 09:00:00,7,184.35,487.01,122.19,63.07
2024-01-13 10:00:00,7,182.07,468.19,124.37,47.08
2024-01-13 11:00:00,7,177.2,385.51,105.83,62.41
2024-01-13 12:00:00,7,186.14,422.4,84.22,35.98
2024-01-13 13:00:00,7,162.17,452.5,107.24,33.12
2024-01-13 14:00:00,7,154.54,490.6,125.2,44.85
2024-01-13 15:00:00,7,162.93,578.89,107.15,44.2
2024-01-13 16:00:00,7,161.37,487.58,115.61,43.52
2024-01-13 17:00:00,7,138.07,397.23,94.27,41.94
2024-01-13 18:00:00,7,161.69,445.35,89.3,35.0
2024-01-13 19:00:00,7,187.78,459.88,99.49,27.91
2024-01-13 20:00:00,7,183.3,423.41,76.41,43.06
2024-01-13 21:00:00,7,179.43,475.85,129.69,30.38
2024-01-13 22:00:00,7,173.85,332.53,103.54,30.21
2024-01-13 23:00:00,7,195.32,481.54,113.42,39.31
2024-01-14 00:00:00,7,156.58,428.27,97.46,46.9
2024-01-14 01:00:00,7,158.86,448.3,84.61,60.75
2024-01-14 02:00:00,7,192.49,531.73,122.75,53.01
2024-01-14 03:00:00,7,175.84,389.17,91.24,57.44
2024-01-14 04:00:00,7,165.31,470.2,110.27,51.37
2024-01-14 05:00:00,7,184.87,497.86,111.76,49.26
2024-01-14 06:00:00,7,169.37,465.22,107.21,67.33
2024-01-14 07:00:00,7,162.99,371.43,96.29,35.07
2024-01-14 08:00:00,7,162.25,526.77,103.99,42.41
2024-01-14 09:00:00,7,180.47,444.31,93.43,42.59
2024-01-14 10:00:00,7,178.02,427.08,114.98,52.29
2024-01-14 11:00:00,7,197.95,437.76,111.26,35.83
2024-01-14 12:00:00,7,168.71,433.22,103.01,49.69
2024-01-14 13:00:00,7,167.67,390.02,95.34,47.37
2024-01-14 14:00:00,7,194.45,460.44,128.33,48.61
2024-01-14 15:00:00,7,186.68,419.8,84.75,47.84
2024-01-14 16:00:00,7,172.96,485.9,81.22,53.6
2024-01-14 17:00:00,7,145.8,477.56,99.35,39.97
2024-01-14 18:00:00,7,157.49,535.63,97.03,44.73
2024-01-14 19:00:00,7,153.78,439.27,114.21,34.2
2024-01-14 20:00:00,7,171.26,408.51,108.82,32.58
2024-01-14 21:00:00,7,163.15,374.0,101.53,55.98
2024-01-14 22:00:00,7,197.03,566.93,108.08,34.96
2024-01-14 23:00:00,7,147.75,487.26,108.58,47.89
2024-01-15 00:00:00,7,154.99,416.93,129.78,47.74
2024-01-15 01:00:00,7,177.91,542.95,107.25,53.93
2024-01-15 02:00:00,7,182.99,525.98,96.2,30.85
2024-01-15 03:00:00,7,134.65,384.46,107.9,52.89
2024-01-15 04:00:00,7,148.55,416.32,72.88,45.39
2024-01-15 05:00:00,7,172.03,449.23,105.77,41.14
2024-01-15 06:00:00,7,197.64,400.1,120.05,44.17
2024-01-15 07:00:00,7,205.91,451.11,113.77,54.89
2024-01-15 08:00:00,7,169.35,493.26,109.64,52.02
2024-01-15 09:00:00,7,172.71,383.31,113.58,44.33
2024-01-15 10:00:00,7,161.6,470.16,118.68,35.21
2024-01-15 11:00:00,7,184.03,515.4,122.01,35.08
2024-01-15 12:00:00,7,197.35,474.29,108.92,49.61
2024-01-15 13:00:00,7,192.29,448.53,98.52,31.77
2024-01-15 14:00:00,7,171.32,416.7,72.63,40.79
2024-01-15 15:00:00,7,157.95,494.78,113.48,63.68
2024-01-15 16:00:00,7,170.81,388.89,107.17,44.54
2024-01-15 17:00:00,7,192.13,463.13,102.31,46.62
2024-01-15 18:00:00,7,163.97,451.62,91.61,31.37
2024-01-15 19:00:00,7,141.79,509.48,112.54,30.07
2024-01-15 20:00:00,7,165.01,420.09,97.44,47.37
2024-01-15 21:00:00,7,166.76,425.03,100.72,38.79
2024-01-15 22:00:00,7,143.09,386.58,101.07,51.64
2024-01-15 23:00:00,7,176.16,475.46,108.17,43.71
2024-01-16 00:00:00,7,181.25,431.03,88.81,73.15
2024-01-16 01:00:00,7,203.35,408.8,111.14,40.09
2024-01-16 02:00:00,7,153.79,414.52,95.7,48.05
2024-01-16 03:00:00,7,186.91,483.6,96.76,38.73
2024-01-16 04:00:00,7,191.11,397.97,117.03,55.39
2024-01-16 05:00:00,7,184.36,402.93,93.64,50.72
2024-01-16 06:00:00,7,160.42,503.34,117.41,39.05
2024-01-16 07:00:00,7,159.41,447.46,107.45,44.35
2024-01-16 08:00:00,7,177.41,506.04,85.11,58.24
2024-01-16 09:00:00,7,176.82,436.54,122.59,56.76
2024-01-16 10:00:00,7,165.97,454.72,108.69,33.74
2024-01-16 11:00:00,7,194.4,462.26,109.02,40.98
2024-01-16 12:00:00,7,166.97,526.11,115.97,59.42
2024-01-16 13:00:00,7,142.68,521.06,121.39,41.94
2024-01-16 14:00:00,7,168.25,512.32,104.31,44.16
2024-01-16 15:00:00,7,178.72,418.15,108.94,50.62
2024-01-16 16:00:00,7,176.07,398.87,105.36,30.33
2024-01-16 17:00:00,7,175.65,490.32,96.06,33.33
2024-01-16 18:00:00,7,193.81,522.56,80.33,38.4
2024-01-16 19:00:00,7,152.82,511.43,103.09,51.34
2024-01-16 20:00:00,7,164.01,451.37,118.06,50.09
2024-01-16 21:00:00,7,195.49,489.37,108.51,48.04
2024-01-16 22:00:00,7,140.79,490.91,88.33,41.45
2024-01-16 23:00:00,7,171.66,460.32,116.33,52.83
2024-01-17 00:00:00,7,192.64,463.38,99.38,42.84
2024-01-17 01:00:00,7,193.18,459.21,77.7,49.75
2024-01-17 02:00:00,7,185.18,413.4,117.61,53.28
2024-01-17 03:00:00,7,186.2,419.38,93.49,60.49
2024-01-17 04:00:00,7,159.48,419.05,128.32,46.24
2024-01-17 05:00:00,7,197.81,372.22,120.64,43.97
2024-01-17 06:00:00,7,157.38,463.78,103.41,58.0
2024-01-17 07:00:00,7,158.22,454.05,111.97,58.54
2024-01-17 08:00:00,7,181.99,495.88,136.42,42.15
2024-01-17 09:00:00,7,167.64,521.59,118.0,36.96
2024-01-17 10:00:00,7,178.04,524.31,107.78,55.86
2024-01-17 11:00:00,7,180.84,528.53,140.46,31.11
2024-01-17 12:00:00,7,201.29,413.53,104.76,29.9
2024-01-17 13:00:00,7,179.33,377.33,109.83,41.09
2024-01-17 14:00:00,7,162.04,500.64,89.98,42.64
2024-01-17 15:00:00,7,181.81,523.72,80.06,32.25
2024-01-17 16:00:00,7,157.58,532.37,97.06,42.55
2024-01-17 17:00:00,7,184.76,475.84,100.87,42.62
2024-01-17 18:00:00,7,171.3,345.45,104.43,36.24
2024-01-17 19:00:00,7,176.69,469.58,82.49,57.46
2024-01-17 20:00:00,7,142.64,479.84,109.01,44.29
2024-01-17 21:00:00,7,135.71,516.89,90.7,50.64
2024-01-17 22:00:00,7,148.13,526.84,109.45,29.55
2024-01-17 23:00:00,7,200.0,500.26,114.28,30.2
2024-01-18 00:00:00,7,155.2,422.45,98.3,47.14
2024-01-18 01:00:00,7,185.59,400.03,91.91,59.64
2024-01-18 02:00:00,7,164.67,482.81,124.23,36.3
2024-01-18 03:00:00,7,171.62,413.8,116.4,46.61
2024-01-18 04:00:00,7,175.17,533.32,107.79,35.5
2024-01-18 05:00:00,7,202.07,366.69,124.68,40.14
2024-01-18 06:00:00,7,185.49,486.04,107.33,47.9
2024-01-18 07:00:00,7,182.24,472.95,98.36,42.04
2024-01-18 08:00:00,7,196.3,445.02,93.26,34.91
2024-01-18 09:00:00,7,165.43,406.83,104.04,34.25
2024-01-18 10:00:00,7,191.61,346.54,114.5,28.94
2024-01-18 11:00:00,7,188.25,426.16,121.57,48.06
2024-01-18 12:00:00,7,187.3,426.3,103.58,48.3
2024-01-18 13:00:00,7,170.06,510.87,117.79,47.48
2024-01-18 14:00:00,7,164.89,410.68,99.08,34.14
2024-01-18 15:00:00,7,157.46,474.93,91.31,49.61
2024-01-18 16:00:00,7,157.97,382.84,84.22,46.62
2024-01-18 17:00:00,7,155.94,475.6,94.0,40.44
2024-01-18 18:00:00,7,176.06,332.8,84.29,38.96
2024-01-18 19:00:00,7,166.79,560.39,125.7,34.93
2024-01-18 20:00:00,7,177.48,443.28,106.22,42.3
2024-01-18 21:00:00,7,178.84,304.45,99.95,54.74
2024-01-18 22:00:00,7,155.09,414.1,123.48,51.34
2024-01-18 23:00:00,7,155.34,406.53,86.09,40.35
2024-01-19 00:00:00,7,169.68,418.85,101.55,47.8
2024-01-19 01:00:00,7,161.85,434.91,129.25,34.8
2024-01-19 02:00:00,7,160.91,419.99,102.96,50.91
2024-01-19 03:00:00,7,202.11,412.54,136.23,38.42
2024-01-19 04:00:00,7,151.73,395.05,115.78,51.68
2024-01-19 05:00:00,7,208.04,499.32,122.63,71.12
2024-01-19 06:00:00,7,180.83,519.34,123.1,41.49
2024-01-19 07:00:00,7,191.71,442.81,106.2,70.73
2024-01-19 08:00:00,7,189.55,454.95,99.73,50.0
2024-01-19 09:00:00,7,185.12,396.27,103.95,39.1
2024-01-19 10:00:00,7,200.95,458.51,92.34,38.1
2024-01-19 11:00:00,7,157.01,466.13,103.23,63.92
2024-01-19 12:00:00,7,170.82,441.76,103.22,47.42
2024-01-19 13:00:00,7,159.07,473.3,123.79,37.75
2024-01-19 14:00:00,7,145.07,467.99,109.26,40.07
2024-01-19 15:00:00,7,160.74,395.82,130.93,44.78
2024-01-19 16:00:00,7,200.17,513.32,73.47,40.61
2024-01-19 17:00:00,7,167.65,439.48,85.05,43.29
2024-01-19 18:00:00,7,201.52,538.25,95.8,55.18
2024-01-19 19:00:00,7,203.23,472.45,119.19,30.91
2024-01-19 20:00:00,7,217.86,554.16,99.3,46.1
2024-01-19 21:00:00,7,201.17,512.86,82.66,40.55
2024-01-19 22:00:00,7,208.92,463.71,98.69,37.59
2024-01-19 23:00:00,7,177.62,414.54,87.41,51.51
2024-01-20 00:00:00,7,176.88,416.45,85.72,31.0
2024-01-20 01:00:00,7,178.7,482.04,129.24,24.18
2024-01-20 02:00:00,7,174.78,462.29,100.35,46.67
2024-01-20 03:00:00,7,177.76,424.48,107.58,44.24
2024-01-20 04:00:00,7,187.72,499.61,104.71,34.51
2024-01-20 05:00:00,7,168.84,458.21,103.01,31.81
2024-01-20 06:00:00,7,154.58,500.33,95.69,62.5
2024-01-20 07:00:00,7,181.9,404.97,102.26,50.07
2024-01-20 08:00:00,7,164.97,508.35,110.13,46.04
2024-01-20 09:00:00,7,166.12,481.7,123.28,63.84
2024-01-20 10:00:00,7,172.53,517.65,116.72,53.37
2024-01-20 11:00:00,7,168.2,505.37,88.7,58.92
2024-01-20 12:00:00,7,190.76,448.82,115.74,33.37
2024-01-20 13:00:00,7,169.88,443.82,108.49,32.28
2024-01-20 14:00:00,7,190.06,545.39,93.91,46.96
2024-01-20 15:00:00,7,174.4,435.9,103.45,44.64
2024-01-20 16:00:00,7,169.29,489.97,107.89,51.18
2024-01-20 17:00:00,7,172.87,430.36,100.97,26.68
2024-01-20 18:00:00,7,149.94,352.53,106.33,46.19
2024-01-20 19:00:00,7,175.71,385.95,89.51,48.69
2024-01-20 20:00:00,7,184.06,471.99,125.79,48.55
2024-01-20 21:00:00,7,186.76,487.97,76.85,37.74
2024-01-20 22:00:00,7,150.48,473.26,109.06,46.14
2024-01-20 23:00:00,7,148.58,512.67,107.12,35.99
2024-01-21 00:00:00,7,164.83,473.82,111.38,40.82
2024-01-21 01:00:00,7,195.86,413.36,95.13,35.3
2024-01-21 02:00:00,7,178.26,485.98,119.51,38.41
2024-01-21 03:00:00,7,163.2,464.31,104.04,43.38
2024-01-21 04:00:00,7,152.99,425.66,90.93,41.75
2024-01-21 05:00:00,7,165.4,480.98,92.38,39.8
2024-01-21 06:00:00,7,164.44,460.45,107.85,35.36
2024-01-21 07:00:00,7,190.91,424.42,86.06,62.65
2024-01-21 08:00:00,7,191.83,446.54,128.56,41.67
2024-01-21 09:00:00,7,158.87,529.61,118.62,48.17
2024-01-21 10:00:00,7,186.64,527.28,127.8,30.0
2024-01-21 11:00:00,7,184.31,463.93,125.75,55.46
2024-01-21 12:00:00,7,154.7,456.29,98.85,44.68
2024-01-21 13:00:00,7,171.18,377.27,91.55,38.77
2024-01-21 14:00:00,7,177.15,542.05,68.04,38.12
2024-01-21 15:00:00,7,173.73,505.57,96.04,48.46
2024-01-21 16:00:00,7,143.74,490.16,122.93,15.88
2024-01-21 17:00:00,7,172.45,330.96,89.95,33.46
2024-01-21 18:00:00,7,180.3,452.43,97.63,39.28
2024-01-21 19:00:00,7,195.26,443.71,93.39,39.28
2024-01-21 20:00:00,7,160.15,486.53,105.41,61.73
2024-01-21 21:00:00,7,162.57,427.48,117.36,38.32
2024-01-21 22:00:00,7,168.49,439.62,82.39,50.1
2024-01-21 23:00:00,7,177.09,485.02,85.52,57.72
2024-01-22 00:00:00,7,174.81,412.67,122.01,48.91
2024-01-22 01:00:00,7,183.57,423.92,113.29,38.4
2024-01-22 02:00:00,7,157.06,464.93,101.51,33.99
2024-01-22 03:00:00,7,181.65,525.67,126.91,51.66
2024-01-22 04:00:00,7,164.19,498.32,88.68,59.7
2024-01-22 05:00:00,7,173.92,512.64,117.91,50.76
2024-01-22 06:00:00,7,203.18,459.6,105.42,56.64
2024-01-22 07:00:00,7,154.16,534.67,113.82,67.95
2024-01-22 08:00:00,7,171.48,364.47,75.8,52.91
2024-01-22 09:00:00,7,155.33,561.57,102.12,36.16
2024-01-22 10:00:00,7,177.19,567.75,114.06,45.21
2024-01-22 11:00:00,7,190.57,478.03,103.26,55.57
2024-01-22 12:00:00,7,175.95,496.97,119.1,41.19
2024-01-22 13:00:00,7,170.67,450.51,117.9,55.15
2024-01-22 14:00:00,7,192.7,440.78,89.7,41.22
2024-01-22 15:00:00,7,176.36,419.09,111.54,43.97
2024-01-22 16:00:00,7,183.59,448.11,88.17,37.74
2024-01-22 17:00:00,7,181.65,479.57,101.06,41.72
2024-01-22 18:00:00,7,124.98,472.32,108.55,42.06
2024-01-22 19:00:00,7,169.17,554.68,89.86,26.87
2024-01-22 20:00:00,7,153.7,455.95,110.6,36.97
2024-01-22 21:00:00,7,158.1,373.0,94.79,30.8
2024-01-22 22:00:00,7,195.0,538.11,94.46,38.36
2024-01-22 23:00:00,7,166.6,388.4,111.41,35.82
2024-01-23 00:00:00,7,203.09,423.91,92.75,51.78
2024-01-23 01:00:00,7,151.89,468.32,92.88,52.65
2024-01-23 02:00:00,7,157.71,476.68,117.9,49.49
2024-01-23 03:00:00,7,187.41,379.52,106.77,34.75
2024-01-23 04:00:00,7,170.5,416.69,87.56,45.05
2024-01-23 05:00:00,7,181.02,378.44,116.96,34.86
2024-01-23 06:00:00,7,174.51,488.92,101.16,45.04
2024-01-23 07:00:00,7,173.93,518.31,88.5,51.62
2024-01-23 08:00:00,7,171.09,391.73,74.29,54.21
2024-01-23 09:00:00,7,178.23,507.67,116.78,49.37
2024-01-23 10:00:00,7,184.89,503.65,93.94,55.35
2024-01-23 11:00:00,7,199.48,419.46,88.38,46.24
2024-01-23 12:00:00,7,170.09,349.19,111.34,41.32
2024-01-23 13:00:00,7,166.3,396.26,112.66,49.84
2024-01-23 14:00:00,7,163.55,420.53,91.86,49.39
2024-01-23 15:00:00,7,194.31,532.1,112.66,36.76
2024-01-23 16:00:00,7,181.55,444.47,126.57,43.87
2024-01-23 17:00:00,7,140.47,397.52,117.35,37.91
2024-01-23 18:00:00,7,139.68,458.04,115.29,23.41
2024-01-23 19:00:00,7,157.31,382.38,104.34,44.08
2024-01-23 20:00:00,7,174.31,477.68,95.09,29.81
2024-01-23 21:00:00,7,170.63,399.83,100.45,43.92
2024-01-23 22:00:00,7,179.89,408.07,107.33,28.88
2024-01-23 23:00:00,7,169.74,472.22,86.66,36.46
2024-01-24 00:00:00,7,195.29,545.17,93.59,39.64
2024-01-24 01:00:00,7,186.22,569.44,86.07,54.15
2024-01-24 02:00:00,7,176.0,400.19,107.74,40.3
2024-01-24 03:00:00,7,193.44,424.08,106.45,36.37
2024-01-24 04:00:00,7,149.91,482.94,97.65,48.94
2024-01-24 05:00:00,7,174.84,517.54,116.52,44.36
2024-01-24 06:00:00,7,178.45,342.67,93.12,52.92
2024-01-24 07:00:00,7,185.66,460.76,97.49,37.68
2024-01-24 08:00:00,7,148.86,430.3,115.71,47.65
2024-01-24 09:00:00,7,171.3,354.39,117.1,66.15
2024-01-24 10:00:00,7,181.09,384.58,94.75,42.77
2024-01-24 11:00:00,7,181.57,424.25,106.98,45.62
2024-01-24 12:00:00,7,191.96,456.37,93.47,29.33
2024-01-24 13:00:00,7,184.5,505.43,100.02,35.34
2024-01-24 14:00:00,7,170.82,470.38,103.59,45.64
2024-01-24 15:00:00,7,181.79,500.9,108.22,38.39
2024-01-24 16:00:00,7,167.51,452.08,104.68,45.84
2024-01-24 17:00:00,7,172.69,413.37,103.82,43.95
2024-01-24 18:00:00,7,182.8,440.63,86.69,29.21
2024-01-24 19:00:00,7,169.67,486.9,105.27,48.91
2024-01-24 20:00:00,7,176.38,504.89,107.63,30.24
2024-01-24 21:00:00,7,186.3,443.4,109.84,34.73
2024-01-24 22:00:00,7,183.0,403.0,92.71,43.71
2024-01-24 23:00:00,7,191.93,470.13,114.04,55.67
2024-01-25 00:00:00,7,209.95,478.37,86.68,34.85
2024-01-25 01:00:00,7,185.13,518.77,98.63,45.3
2024-01-25 02:00:00,7,167.51,419.14,101.31,46.09
2024-01-25 03:00:00,7,183.46,420.34,89.49,50.92
2024-01-25 04:00:00,7,183.26,495.58,102.22,55.82
2024-01-25 05:00:00,7,185.84,434.79,108.97,42.78
2024-01-25 06:00:00,7,199.83,432.67,83.28,54.78
2024-01-25 07:00:00,7,149.65,522.02,101.2,57.35
2024-01-25 08:00:00,7,199.72,383.9,83.85,60.86
2024-01-25 09:00:00,7,204.55,563.35,131.12,49.62
2024-01-25 10:00:00,7,183.73,422.62,107.46,46.1
2024-01-25 11:00:00,7,183.38,499.56,105.64,40.07
2024-01-25 12:00:00,7,169.47,447.57,106.2,31.02
2024-01-25 13:00:00,7,172.6,466.75,110.12,40.17
2024-01-25 14:00:00,7,182.77,437.98,114.1,42.72
2024-01-25 15:00:00,7,181.14,496.13,81.46,40.24
2024-01-25 16:00:00,7,182.03,432.45,117.19,45.7
2024-01-25 17:00:00,7,180.25,420.3,116.08,28.17
2024-01-25 18:00:00,7,184.43,545.48,99.44,38.75
2024-01-25 19:00:00,7,182.77,451.92,98.89,57.14
2024-01-25 20:00:00,7,154.55,415.21,61.59,49.04
2024-01-25 21:00:00,7,184.27,372.92,85.48,46.33
2024-01-25 22:00:00,7,201.05,549.72,108.32,45.06
2024-01-25 23:00:00,7,172.08,423.53,117.63,39.43
2024-01-26 00:00:00,7,196.9,561.53,112.46,28.55
2024-01-26 01:00:00,7,159.61,475.0,103.1,47.9
2024-01-26 02:00:00,7,174.31,462.28,129.05,24.21
2024-01-26 03:00:00,7,165.3,464.32,118.07,42.67
2024-01-26 04:00:00,7,197.6,572.22,100.92,45.85
2024-01-26 05:00:00,7,202.02,341.09,133.67,42.42
2024-01-26 06:00:00,7,174.72,467.53,92.47,64.52
2024-01-26 07:00:00,7,194.62,442.25,87.63,61.5
2024-01-26 08:00:00,7,201.88,444.69,100.57,54.55
2024-01-26 09:00:00,7,174.88,463.24,95.84,37.63
2024-01-26 10:00:00,7,176.82,440.8,100.18,60.92
2024-01-26 11:00:00,7,185.61,463.93,114.11,49.26
2024-01-26 12:00:00,7,160.01,452.04,102.85,35.37
2024-01-26 13:00:00,7,174.24,383.54,102.4,42.78
2024-01-26 14:00:00,7,205.53,471.8,102.52,49.83
2024-01-26 15:00:00,7,163.28,488.75,72.02,36.13
2024-01-26 16:00:00,7,184.13,422.22,81.59,41.86
2024-01-26 17:00:00,7,178.63,548.45,95.53,43.04
2024-01-26 18:00:00,7,167.7,520.4,89.66,31.03
2024-01-26 19:00:00,7,173.87,494.69,97.46,38.11
2024-01-26 20:00:00,7,198.29,494.35,118.37,32.07
2024-01-26 21:00:00,7,179.88,452.74,100.22,48.46
2024-01-26 22:00:00,7,182.96,511.7,85.12,34.15
2024-01-26 23:00:00,7,197.72,534.97,92.51,44.95
2024-01-27 00:00:00,7,168.72,495.7,124.83,31.6
2024-01-27 01:00:00,7,157.57,424.12,123.37,34.54
2024-01-27 02:00:00,7,202.63,452.7,112.29,34.85
2024-01-27 03:00:00,7,177.55,485.52,85.71,42.97
2024-01-27 04:00:00,7,189.95,499.86,109.74,47.39
2024-01-27 05:00:00,7,164.17,452.11,111.01,49.24
2024-01-27 06:00:00,7,182.4,426.52,106.6,31.39
2024-01-27 07:00:00,7,158.9,539.35,99.0,44.76
2024-01-27 08:00:00,7,176.88,399.58,101.31,39.57
2024-01-27 09:00:00,7,165.2,405.98,97.34,49.89
2024-01-27 10:00:00,7,160.96,385.11,90.35,42.53
2024-01-27 11:00:00,7,169.28,404.52,121.27,43.38
2024-01-27 12:00:00,7,137.16,518.77,114.4,37.02
2024-01-27 13:00:00,7,154.23,519.75,98.91,56.99
2024-01-27 14:00:00,7,184.1,447.89,106.22,31.0
2024-01-27 15:00:00,7,176.63,477.22,106.07,37.8
2024-01-27 16:00:00,7,153.76,450.13,130.2,41.59
2024-01-27 17:00:00,7,179.01,387.8,111.38,38.27
2024-01-27 18:00:00,7,156.45,566.73,110.8,33.86
2024-01-27 19:00:00,7,181.75,522.56,100.86,25.16
2024-01-27 20:00:00,7,168.86,469.29,95.21,34.87
2024-01-27 21:00:00,7,166.04,406.22,118.58,33.1
2024-01-27 22:00:00,7,170.35,439.97,110.0,55.89
2024-01-27 23:00:00,7,212.82,416.15,92.05,61.53
2024-01-28 00:00:00,7,161.33,458.4,109.0,42.85
2024-01-28 01:00:00,7,177.62,470.33,114.61,32.26
2024-01-28 02:00:00,7,187.09,436.87,78.37,50.98
2024-01-28 03:00:00,7,160.24,379.04,93.78,37.16
2024-01-28 04:00:00,7,150.77,567.81,110.45,41.26
2024-01-28 05:00:00,7,166.71,468.65,81.93,40.9
2024-01-28 06:00:00,7,188.24,480.25,84.03,42.08
2024-01-28 07:00:00,7,170.79,434.0,102.77,43.2
2024-01-28 08:00:00,7,172.24,373.87,112.07,34.84
2024-01-28 09:00:00,7,189.75,451.03,112.18,39.5
2024-01-28 10:00:00,7,162.08,437.81,124.72,53.35
2024-01-28 11:00:00,7,172.66,491.31,105.09,43.77
2024-01-28 12:00:00,7,149.44,500.85,98.58,44.33
2024-01-28 13:00:00,7,177.55,492.67,86.03,23.75
2024-01-28 14:00:00,7,175.39,503.66,96.93,49.74
2024-01-28 15:00:00,7,183.69,545.85,110.07,35.4
2024-01-28 16:00:00,7,152.64,471.15,110.17,50.12
2024-01-28 17:00:00,7,167.36,508.09,103.72,41.68
2024-01-28 18:00:00,7,150.14,476.21,107.17,35.56
2024-01-28 19:00:00,7,166.51,350.63,116.46,26.29
2024-01-28 20:00:00,7,194.02,442.57,101.63,58.95
2024-01-28 21:00:00,7,166.11,405.6,118.39,47.91
2024-01-28 22:00:00,7,150.27,463.93,92.62,49.03
2024-01-28 23:00:00,7,161.8,410.98,101.58,57.78
2024-01-29 00:00:00,7,147.91,485.08,97.22,45.16
2024-01-29 01:00:00,7,153.65,505.56,114.04,55.42
2024-01-29 02:00:00,7,185.35,517.97,92.0,40.76
2024-01-29 03:00:00,7,152.62,540.41,101.35,51.6
2024-01-29 04:00:00,7,180.8,367.89,82.45,40.59
2024-01-29 05:00:00,7,176.58,393.23,113.67,41.95
2024-01-29 06:00:00,7,167.91,609.99,121.99,47.09
2024-01-29 07:00:00,7,179.76,509.18,117.65,35.53
2024-01-29 08:00:00,7,161.11,467.66,116.12,48.65
2024-01-29 09:00:00,7,188.64,457.08,115.98,42.78
2024-01-29 10:00:00,7,163.78,451.79,113.6,28.08
2024-01-29 11:00:00,7,167.97,352.53,111.8,40.21
2024-01-29 12:00:00,7,165.32,412.73,111.83,40.38
2024-01-29 13:00:00,7,183.36,446.63,94.24,49.67
2024-01-29 14:00:00,7,180.35,414.2,99.26,44.18
2024-01-29 15:00:00,7,129.87,420.44,102.04,53.32
2024-01-29 16:00:00,7,174.69,585.02,96.45,45.05
2024-01-29 17:00:00,7,142.9,437.17,80.65,35.73
2024-01-29 18:00:00,7,164.9,464.88,84.72,39.79
2024-01-29 19:00:00,7,168.68,463.12,103.28,37.46
2024-01-29 20:00:00,7,165.14,481.63,112.09,44.78
2024-01-29 21:00:00,7,179.05,426.1,101.28,41.66
2024-01-29 22:00:00,7,183.12,517.25,136.62,36.5
2024-01-29 23:00:00,7,160.32,475.79,90.91,42.58
2024-01-30 00:00:00,7,160.53,385.7,108.89,47.15
2024-01-30 01:00:00,7,173.49,448.41,120.33,35.6
2024-01-30 02:00:00,7,150.47,445.74,118.21,47.44
2024-01-30 03:00:00,7,167.89,443.95,113.66,32.14
2024-01-30 04:00:00,7,197.11,482.62,119.36,55.16
2024-01-30 05:00:00,7,152.45,489.5,106.88,50.61
2024-01-30 06:00:00,7,170.92,483.4,127.23,59.97
2024-01-30 07:00:00,7,166.85,473.97,122.35,36.8
2024-01-30 08:00:00,7,207.46,460.37,95.14,55.4
2024-01-30 09:00:00,7,166.93,342.46,109.45,53.26
2024-01-30 10:00:00,7,167.22,495.62,85.28,43.25
2024-01-30 11:00:00,7,157.82,479.69,123.23,40.89
2024-01-30 12:00:00,7,173.43,401.58,106.11,34.16
2024-01-30 13:00:00,7,176.76,467.23,119.5,31.2
2024-01-30 14:00:00,7,157.83,485.8,100.4,35.47
2024-01-30 15:00:00,7,186.73,512.65,77.77,30.61
2024-01-30 16:00:00,7,174.95,477.47,133.91,54.09
2024-01-30 17:00:00,7,183.8,467.27,102.03,27.76
2024-01-30 18:00:00,7,165.11,499.99,87.68,41.53
2024-01-30 19:00:00,7,174.21,434.29,114.82,44.04
2024-01-30 20:00:00,7,167.33,472.31,126.33,43.68
2024-01-30 21:00:00,7,194.12,418.55,98.61,44.9
2024-01-30 22:00:00,7,173.61,510.07,100.53,49.73
2024-01-30 23:00:00,7,172.64,367.99,105.5,38.76
2024-01-01 00:00:00,8,165.73,463.78,106.2,37.55
2024-01-01 01:00:00,8,190.68,397.43,95.2,51.56
2024-01-01 02:00:00,8,203.49,463.74,103.67,40.77
2024-01-01 03:00:00,8,154.21,439.47,87.13,38.55
2024-01-01 04:00:00,8,142.0,405.56,95.17,39.17
2024-01-01 05:00:00,8,181.7,372.8,107.58,40.32
2024-01-01 06:00:00,8,189.39,484.73,121.45,34.45
2024-01-01 07:00:00,8,202.72,475.62,117.03,39.26
2024-01-01 08:00:00,8,183.95,480.89,110.78,43.72
2024-01-01 09:00:00,8,193.44,415.52,103.26,45.56
2024-01-01 10:00:00,8,196.83,460.31,100.76,51.4
2024-01-01 11:00:00,8,193.14,381.5,83.41,42.9
2024-01-01 12:00:00,8,183.52,400.35,90.05,36.34
2024-01-01 13:00:00,8,149.97,451.1,89.67,31.23
2024-01-01 14:00:00,8,168.55,461.92,105.64,41.05
2024-01-01 15:00:00,8,172.6,365.8,109.51,37.11
2024-01-01 16:00:00,8,166.06,394.17,106.5,36.9
2024-01-01 17:00:00,8,166.7,428.82,111.61,39.4
2024-01-01 18:00:00,8,190.92,495.58,98.05,41.37
2024-01-01 19:00:00,8,155.81,406.22,85.36,39.46
2024-01-01 20:00:00,8,179.68,454.68,96.97,36.2
2024-01-01 21:00:00,8,172.85,460.45,89.27,31.58
2024-01-01 22:00:00,8,155.68,436.07,106.65,33.72
2024-01-01 23:00:00,8,153.09,462.93,95.05,46.25
2024-01-02 00:00:00,8,144.4,382.26,98.98,36.75
2024-01-02 01:00:00,8,178.31,417.83,109.36,30.08
2024-01-02 02:00:00,8,170.72,524.11,92.69,51.04
2024-01-02 03:00:00,8,159.79,528.29,113.98,34.68
2024-01-02 04:00:00,8,144.35,495.34,86.44,43.06
2024-01-02 05:00:00,8,179.63,508.64,106.79,47.04
2024-01-02 06:00:00,8,170.54,360.97,102.07,43.2
2024-01-02 07:00:00,8,162.26,405.16,113.1,23.05
2024-01-02 08:00:00,8,158.17,437.06,86.12,45.93
2024-01-02 09:00:00,8,168.68,574.29,83.74,53.01
2024-01-02 10:00:00,8,178.8,435.86,110.77,48.03
2024-01-02 11:00:00,8,165.95,488.57,96.21,23.79
2024-01-02 12:00:00,8,152.17,469.28,99.07,57.36
2024-01-02 13:00:00,8,168.52,467.38,91.4,28.69
2024-01-02 14:00:00,8,184.52,447.49,109.74,29.96
2024-01-02 15:00:00,8,168.66,387.45,101.68,44.37
2024-01-02 16:00:00,8,168.61,311.17,100.49,41.24
2024-01-02 17:00:00,8,162.34,512.01,83.1,37.93
2024-01-02 18:00:00,8,153.7,416.04,103.25,32.57
2024-01-02 19:00:00,8,153.3,352.99,85.25,48.03
2024-01-02 20:00:00,8,142.4,469.69,89.6,37.26
2024-01-02 21:00:00,8,185.95,469.2,81.51,25.4
2024-01-02 22:00:00,8,175.68,487.45,96.78,48.63
2024-01-02 23:00:00,8,170.65,505.74,112.3,41.17
2024-01-03 00:00:00,8,174.65,403.77,102.92,49.18
2024-01-03 01:00:00,8,176.1,406.76,95.6,45.58
2024-01-03 02:00:00,8,160.55,435.58,103.0,61.0
2024-01-03 03:00:00,8,167.37,493.79,103.55,39.79
2024-01-03 04:00:00,8,165.59,346.59,103.57,42.9
2024-01-03 05:00:00,8,211.12,459.55,105.22,48.89
2024-01-03 06:00:00,8,188.63,500.25,90.57,40.72
2024-01-03 07:00:00,8,175.62,498.06,104.36,49.56
2024-01-03 08:00:00,8,193.47,488.56,81.5,18.96
2024-01-03 09:00:00,8,191.08,505.98,109.27,41.71
2024-01-03 10:00:00,8,150.76,312.94,88.31,40.84
2024-01-03 11:00:00,8,167.58,532.43,115.22,39.83
2024-01-03 12:00:00,8,169.93,466.86,70.54,33.09
2024-01-03 13:00:00,8,178.66,516.8,119.69,46.72
2024-01-03 14:00:00,8,165.28,389.36,78.81,34.6
2024-01-03 15:00:00,8,166.56,359.49,83.51,39.67
2024-01-03 16:00:00,8,160.59,537.79,101.2,37.28
2024-01-03 17:00:00,8,183.17,400.49,104.78,41.32
2024-01-03 18:00:00,8,145.31,431.48,93.74,48.74
2024-01-03 19:00:00,8,160.8,473.91,108.1,38.85
2024-01-03 20:00:00,8,139.65,486.61,87.92,44.38
2024-01-03 21:00:00,8,152.45,502.51,93.21,39.22
2024-01-03 22:00:00,8,173.48,459.96,95.01,34.59
2024-01-03 23:00:00,8,174.49,396.16,92.87,38.25
2024-01-04 00:00:00,8,165.43,485.86,76.73,37.88
2024-01-04 01:00:00,8,187.98,487.44,100.65,45.54
2024-01-04 02:00:00,8,192.19,360.02,100.28,42.54
2024-01-04 03:00:00,8,171.25,523.94,115.36,35.88
2024-01-04 04:00:00,8,176.57,327.18,87.19,40.98
2024-01-04 05:00:00,8,166.22,505.31,95.32,30.74
2024-01-04 06:00:00,8,182.67,421.15,117.76,41.68
2024-01-04 07:00:00,8,154.98,488.7,106.63,43.08
2024-01-04 08:00:00,8,199.98,478.54,109.43,57.39
2024-01-04 09:00:00,8,189.57,450.42,107.79,53.19
2024-01-04 10:00:00,8,153.51,474.45,107.22,33.32
2024-01-04 11:00:00,8,159.0,446.59,123.02,42.58
2024-01-04 12:00:00,8,176.56,486.23,101.28,41.95
2024-01-04 13:00:00,8,164.27,559.75,87.14,37.54
2024-01-04 14:00:00,8,176.93,380.94,106.42,37.33
2024-01-04 15:00:00,8,162.61,287.05,91.19,35.19
2024-01-04 16:00:00,8,190.68,426.59,96.24,52.71
2024-01-04 17:00:00,8,167.4,422.83,101.76,33.91
2024-01-04 18:00:00,8,203.85,428.11,87.22,39.93
2024-01-04 19:00:00,8,176.41,400.49,91.09,16.84
2024-01-04 20:00:00,8,147.13,491.63,103.34,44.23
2024-01-04 21:00:00,8,199.66,378.3,91.4,47.62
2024-01-04 22:00:00,8,185.32,471.44,110.47,30.17
2024-01-04 23:00:00,8,175.16,481.64,87.45,35.26
2024-01-05 00:00:00,8,179.97,466.16,88.18,43.82
2024-01-05 01:00:00,8,152.94,475.55,124.05,41.11
2024-01-05 02:00:00,8,144.34,499.61,83.13,45.44
2024-01-05 03:00:00,8,171.66,455.0,101.97,39.98
2024-01-05 04:00:00,8,193.66,435.28,125.21,57.83
2024-01-05 05:00:00,8,179.07,477.63,102.73,37.66
2024-01-05 06:00:00,8,199.07,483.49,119.5,64.92
2024-01-05 07:00:00,8,193.09,498.0,110.98,53.11
2024-01-05 08:00:00,8,173.09,366.3,102.69,49.5
2024-01-05 09:00:00,8,190.23,443.03,100.71,33.89
2024-01-05 10:00:00,8,194.74,397.87,75.99,49.03
2024-01-05 11:00:00,8,169.74,479.28,97.08,45.83
2024-01-05 12:00:00,8,166.94,486.87,102.99,23.05
2024-01-05 13:00:00,8,171.53,435.54,102.21,28.05
2024-01-05 14:00:00,8,132.13,411.85,128.56,41.56
2024-01-05 15:00:00,8,172.3,478.2,101.46,36.98
2024-01-05 16:00:00,8,178.49,440.85,105.21,33.4
2024-01-05 17:00:00,8,169.47,519.31,111.4,46.0
2024-01-05 18:00:00,8,172.4,536.71,103.73,30.03
2024-01-05 19:00:00,8,166.62,497.81,96.23,33.6
2024-01-05 20:00:00,8,137.32,459.33,96.59,32.35
2024-01-05 21:00:00,8,193.24,540.25,93.8,42.18
2024-01-05 22:00:00,8,163.1,460.83,104.06,24.78
2024-01-05 23:00:00,8,160.04,425.2,97.33,35.38
2024-01-06 00:00:00,8,190.75,416.07,107.75,26.26
2024-01-06 01:00:00,8,185.78,415.42,88.72,38.42
2024-01-06 02:00:00,8,175.81,451.35,103.45,47.52
2024-01-06 03:00:00,8,183.95,475.68,121.11,48.28
2024-01-06 04:00:00,8,155.28,381.31,100.05,36.89
2024-01-06 05:00:00,8,171.85,430.4,125.41,47.38
2024-01-06 06:00:00,8,192.79,463.92,105.16,41.68
2024-01-06 07:00:00,8,162.81,485.58,102.39,54.07
2024-01-06 08:00:00,8,157.65,451.46,104.19,41.72
2024-01-06 09:00:00,8,173.49,464.64,98.52,18.27
2024-01-06 10:00:00,8,173.22,389.13,77.67,48.9
2024-01-06 11:00:00,8,180.76,404.91,111.62,37.24
2024-01-06 12:00:00,8,149.3,447.1,126.75,37.96
2024-01-06 13:00:00,8,130.78,475.18,105.22,42.11
2024-01-06 14:00:00,8,182.63,460.36,105.24,27.16
2024-01-06 15:00:00,8,151.65,405.19,95.84,38.66
2024-01-06 16:00:00,8,158.34,435.63,111.61,41.9
2024-01-06 17:00:00,8,134.2,523.63,96.8,40.22
2024-01-06 18:00:00,8,182.67,474.66,100.41,32.34
2024-01-06 19:00:00,8,172.58,439.07,78.31,45.29
2024-01-06 20:00:00,8,172.28,395.77,91.16,29.52
2024-01-06 21:00:00,8,172.65,412.03,102.51,33.0
2024-01-06 22:00:00,8,137.46,449.01,109.67,37.58
2024-01-06 23:00:00,8,154.47,463.33,110.73,41.79
2024-01-07 00:00:00,8,163.33,478.74,81.04,37.55
2024-01-07 01:00:00,8,159.61,470.54,83.04,50.88
2024-01-07 02:00:00,8,167.56,432.98,108.75,44.06
2024-01-07 03:00:00,8,176.03,426.49,93.25,42.91
2024-01-07 04:00:00,8,188.02,556.15,113.62,44.88
2024-01-07 05:00:00,8,150.65,424.97,83.32,48.99
2024-01-07 06:00:00,8,173.04,387.94,101.98,45.12
2024-01-07 07:00:00,8,183.85,370.32,102.66,28.45
2024-01-07 08:00:00,8,158.77,434.94,108.6,51.58
2024-01-07 09:00:00,8,169.38,499.77,89.8,43.26
2024-01-07 10:00:00,8,178.74,422.59,77.84,47.21
2024-01-07 11:00:00,8,171.12,525.57,103.03,37.67
2024-01-07 12:00:00,8,180.39,449.81,106.56,25.42
2024-01-07 13:00:00,8,170.83,505.43,111.61,20.99
2024-01-07 14:00:00,8,163.95,410.41,94.33,31.04
2024-01-07 15:00:00,8,150.29,410.57,107.46,42.23
2024-01-07 16:00:00,8,171.32,452.17,103.46,48.06
2024-01-07 17:00:00,8,168.79,471.65,113.3,39.72
2024-01-07 18:00:00,8,152.13,438.14,96.5,28.67
2024-01-07 19:00:00,8,176.1,462.05,76.31,30.94
2024-01-07 20:00:00,8,186.79,477.3,96.76,48.57
2024-01-07 21:00:00,8,158.05,376.32,99.13,27.46
2024-01-07 22:00:00,8,157.65,431.46,104.96,55.66
2024-01-07 23:00:00,8,157.82,423.21,80.82,54.56
2024-01-08 00:00:00,8,144.74,426.43,96.39,57.42
2024-01-08 01:00:00,8,201.32,471.5,111.47,44.03
2024-01-08 02:00:00,8,164.87,426.18,100.41,38.92
2024-01-08 03:00:00,8,159.29,351.04,98.59,45.18
2024-01-08 04:00:00,8,155.7,440.83,125.88,50.11
2024-01-08 05:00:00,8,167.2,399.32,90.1,37.81
2024-01-08 06:00:00,8,162.64,478.24,118.12,34.28
2024-01-08 07:00:00,8,194.86,493.76,115.45,40.78
2024-01-08 08:00:00,8,153.85,342.94,100.04,36.53
2024-01-08 09:00:00,8,148.99,413.2,101.9,52.32
2024-01-08 10:00:00,8,180.03,469.52,101.23,36.69
2024-01-08 11:00:00,8,169.33,379.8,103.16,41.72
2024-01-08 12:00:00,8,166.8,489.7,92.97,48.12
2024-01-08 13:00:00,8,177.88,502.39,94.21,49.74
2024-01-08 14:00:00,8,170.75,440.49,94.37,40.36
2024-01-08 15:00:00,8,167.34,408.97,94.14,41.16
2024-01-08 16:00:00,8,146.28,330.89,93.81,29.36
2024-01-08 17:00:00,8,142.01,488.39,70.12,45.54
2024-01-08 18:00:00,8,156.56,548.3,98.36,47.38
2024-01-08 19:00:00,8,150.85,537.96,90.88,22.16
2024-01-08 20:00:00,8,171.66,437.73,74.95,51.82
2024-01-08 21:00:00,8,140.8,392.87,93.81,32.39
2024-01-08 22:00:00,8,161.9,490.98,94.06,43.48
2024-01-08 23:00:00,8,166.78,442.99,114.85,40.03
2024-01-09 00:00:00,8,169.57,474.32,93.64,39.69
2024-01-09 01:00:00,8,177.0,466.24,109.05,39.28
2024-01-09 02:00:00,8,166.73,456.37,118.43,33.66
2024-01-09 03:00:00,8,162.18,504.24,94.68,46.53
2024-01-09 04:00:00,8,191.63,506.59,102.2,40.46
2024-01-09 05:00:00,8,168.22,426.68,124.02,32.49
2024-01-09 06:00:00,8,194.67,406.56,105.95,34.81
2024-01-09 07:00:00,8,168.15,326.87,107.6,32.63
2024-01-09 08:00:00,8,172.53,435.29,97.84,38.53
2024-01-09 09:00:00,8,170.19,397.08,110.62,46.22
2024-01-09 10:00:00,8,175.18,472.84,101.19,35.93
2024-01-09 11:00:00,8,164.59,433.99,78.75,48.83
2024-01-09 12:00:00,8,171.63,438.69,95.87,39.21
2024-01-09 13:00:00,8,192.59,490.4,85.06,37.06
2024-01-09 14:00:00,8,184.57,468.74,100.04,38.81
2024-01-09 15:00:00,8,184.05,442.16,86.94,49.33
2024-01-09 16:00:00,8,147.25,532.74,103.37,26.5
2024-01-09 17:00:00,8,149.4,484.55,97.82,50.66
2024-01-09 18:00:00,8,170.47,426.17,82.05,44.93
2024-01-09 19:00:00,8,178.95,428.53,91.31,37.1
2024-01-09 20:00:00,8,159.71,487.39,105.1,47.14
2024-01-09 21:00:00,8,157.49,458.3,111.97,35.45
2024-01-09 22:00:00,8,189.79,392.06,87.74,40.98
2024-01-09 23:00:00,8,179.79,494.58,86.1,35.02
2024-01-10 00:00:00,8,186.2,513.67,123.82,47.98
2024-01-10 01:00:00,8,164.26,510.61,100.83,35.24
2024-01-10 02:00:00,8,163.8,529.58,102.78,41.26
2024-01-10 03:00:00,8,186.67,556.79,93.34,47.78
2024-01-10 04:00:00,8,168.79,540.14,105.38,51.24
2024-01-10 05:00:00,8,163.82,470.28,123.86,36.44
2024-01-10 06:00:00,8,159.34,442.65,106.26,49.26
2024-01-10 07:00:00,8,165.33,360.68,115.98,35.14
2024-01-10 08:00:00,8,186.03,453.32,103.12,25.4
2024-01-10 09:00:00,8,149.42,478.51,89.86,36.25
2024-01-10 10:00:00,8,181.21,453.87,93.39,48.42
2024-01-10 11:00:00,8,160.22,355.6,87.4,40.85
2024-01-10 12:00:00,8,166.99,435.7,102.81,35.85
2024-01-10 13:00:00,8,167.18,481.99,114.23,39.85
2024-01-10 14:00:00,8,165.33,396.87,100.63,38.86
2024-01-10 15:00:00,8,163.7,456.42,94.32,43.08
2024-01-10 16:00:00,8,160.85,469.37,88.01,24.55
2024-01-10 17:00:00,8,158.62,503.73,101.59,36.45
2024-01-10 18:00:00,8,187.17,533.66,82.17,38.18
2024-01-10 19:00:00,8,167.66,428.2,83.53,26.25
2024-01-10 20:00:00,8,165.67,456.86,108.49,26.43
2024-01-10 21:00:00,8,158.29,458.91,94.69,35.11
2024-01-10 22:00:00,8,162.49,481.47,95.07,38.74
2024-01-10 23:00:00,8,159.68,476.54,97.35,39.5
2024-01-11 00:00:00,8,181.77,522.14,108.97,35.68
2024-01-11 01:00:00,8,159.53,333.22,102.96,36.13
2024-01-11 02:00:00,8,137.64,472.79,92.67,38.48
2024-01-11 03:00:00,8,173.18,476.91,93.73,44.71
2024-01-11 04:00:00,8,168.54,440.89,100.41,52.83
2024-01-11 05:00:00,8,164.2,338.74,106.74,25.13
2024-01-11 06:00:00,8,186.99,450.09,102.74,48.21
2024-01-11 07:00:00,8,131.66,417.19,101.56,42.17
2024-01-11 08:00:00,8,196.65,537.51,103.33,47.02
2024-01-11 09:00:00,8,188.27,471.25,101.86,51.88
2024-01-11 10:00:00,8,162.16,411.5,92.22,35.57
2024-01-11 11:00:00,8,164.12,347.29,114.37,48.58
2024-01-11 12:00:00,8,177.82,480.0,94.33,30.04
2024-01-11 13:00:00,8,177.45,484.55,100.96,40.43
2024-01-11 14:00:00,8,159.07,437.78,73.7,36.72
2024-01-11 15:00:00,8,143.56,478.54,95.45,38.43
2024-01-11 16:00:00,8,199.6,429.99,84.25,29.59
2024-01-11 17:00:00,8,181.76,501.17,85.41,40.81
2024-01-11 18:00:00,8,169.55,497.31,126.53,49.99
2024-01-11 19:00:00,8,169.94,364.51,100.3,29.42
2024-01-11 20:00:00,8,176.99,377.12,112.44,39.11
2024-01-11 21:00:00,8,179.28,550.63,108.42,44.97
2024-01-11 22:00:00,8,137.07,495.75,110.59,36.28
2024-01-11 23:00:00,8,164.08,385.65,96.99,50.39
2024-01-12 00:00:00,8,163.28,370.87,119.64,36.7
2024-01-12 01:00:00,8,168.51,461.44,111.21,40.01
2024-01-12 02:00:00,8,183.35,393.99,102.18,33.65
2024-01-12 03:00:00,8,145.18,436.3,105.49,43.32
2024-01-12 04:00:00,8,152.33,450.39,101.12,42.8
2024-01-12 05:00:00,8,162.74,448.51,103.71,48.21
2024-01-12 06:00:00,8,175.51,510.07,102.65,38.03
2024-01-12 07:00:00,8,185.68,545.73,107.7,37.56
2024-01-12 08:00:00,8,197.49,428.59,123.86,46.51
2024-01-12 09:00:00,8,167.96,395.2,87.69,53.59
2024-01-12 10:00:00,8,184.26,471.31,115.52,46.76
2024-01-12 11:00:00,8,181.71,533.34,96.49,55.88
2024-01-12 12:00:00,8,178.38,429.81,115.56,44.66
2024-01-12 13:00:00,8,169.03,492.34,95.36,43.59
2024-01-12 14:00:00,8,162.62,406.4,103.68,44.16
2024-01-12 15:00:00,8,151.91,449.13,96.13,50.08
2024-01-12 16:00:00,8,150.43,388.9,76.6,47.58
2024-01-12 17:00:00,8,172.54,447.82,118.35,28.51
2024-01-12 18:00:00,8,166.35,441.29,85.75,43.64
2024-01-12 19:00:00,8,160.98,477.99,98.29,39.42
2024-01-12 20:00:00,8,177.65,537.37,84.82,36.01
2024-01-12 21:00:00,8,165.02,428.41,81.85,23.73
2024-01-12 22:00:00,8,154.84,347.69,96.19,26.23
2024-01-12 23:00:00,8,165.36,439.19,92.21,36.45
2024-01-13 00:00:00,8,182.61,465.29,86.01,28.34
2024-01-13 01:00:00,8,155.45,461.15,100.52,38.17
2024-01-13 02:00:00,8,174.85,443.73,83.71,47.45
2024-01-13 03:00:00,8,171.46,527.43,103.82,37.6
2024-01-13 04:00:00,8,161.25,459.65,101.23,43.45
2024-01-13 05:00:00,8,168.63,447.78,73.01,34.43
2024-01-13 06:00:00,8,149.36,413.9,96.84,45.59
2024-01-13 07:00:00,8,174.73,364.86,108.75,47.18
2024-01-13 08:00:00,8,152.1,469.4,89.88,31.28
2024-01-13 09:00:00,8,188.54,464.69,108.5,36.22
2024-01-13 10:00:00,8,170.28,398.18,106.92,31.44
2024-01-13 11:00:00,8,162.29,448.71,88.62,45.07
2024-01-13 12:00:00,8,187.76,442.91,100.03,41.5
2024-01-13 13:00:00,8,153.77,417.86,109.4,39.0
2024-01-13 14:00:00,8,157.35,408.61,88.05,37.64
2024-01-13 15:00:00,8,140.34,468.51,95.56,40.66
2024-01-13 16:00:00,8,187.42,436.17,111.52,40.35
2024-01-13 17:00:00,8,195.65,417.43,86.88,33.27
2024-01-13 18:00:00,8,141.82,403.66,102.74,32.04
2024-01-13 19:00:00,8,154.92,440.71,84.2,36.8
2024-01-13 20:00:00,8,168.63,494.26,95.63,36.04
2024-01-13 21:00:00,8,160.24,458.49,103.47,54.7
2024-01-13 22:00:00,8,168.2,436.7,69.53,35.57
2024-01-13 23:00:00,8,167.62,464.98,92.92,41.74
2024-01-14 00:00:00,8,176.35,519.08,105.38,43.94
2024-01-14 01:00:00,8,156.39,475.72,103.69,52.27
2024-01-14 02:00:00,8,174.59,464.82,95.34,35.12
2024-01-14 03:00:00,8,155.39,484.54,88.91,53.12
2024-01-14 04:00:00,8,166.53,444.79,110.39,41.58
2024-01-14 05:00:00,8,146.76,462.37,99.17,63.28
2024-01-14 06:00:00,8,167.05,428.48,109.78,46.1
2024-01-14 07:00:00,8,164.4,374.77,107.68,33.14
2024-01-14 08:00:00,8,187.07,470.09,97.35,41.18
2024-01-14 09:00:00,8,171.4,469.8,115.3,53.09
2024-01-14 10:00:00,8,173.53,437.15,94.47,42.33
2024-01-14 11:00:00,8,170.61,503.26,115.38,40.47
2024-01-14 12:00:00,8,137.92,413.73,116.19,45.98
2024-01-14 13:00:00,8,139.14,359.94,112.13,36.61
2024-01-14 14:00:00,8,163.85,413.47,96.49,36.97
2024-01-14 15:00:00,8,172.27,370.24,128.92,30.42
2024-01-14 16:00:00,8,164.02,464.65,99.42,51.55
2024-01-14 17:00:00,8,154.19,409.3,100.2,27.4
2024-01-14 18:00:00,8,163.53,496.9,96.91,38.54
2024-01-14 19:00:00,8,162.32,495.95,83.58,41.15
2024-01-14 20:00:00,8,179.38,400.87,113.27,37.47
2024-01-14 21:00:00,8,179.01,407.24,91.12,27.92
2024-01-14 22:00:00,8,160.29,475.66,109.82,30.61
2024-01-14 23:00:00,8,168.64,498.88,113.45,43.62
2024-01-15 00:00:00,8,174.36,348.54,107.49,33.87
2024-01-15 01:00:00,8,177.38,465.18,92.56,24.21
2024-01-15 02:00:00,8,196.71,340.7,97.54,44.8
2024-01-15 03:00:00,8,171.87,424.6,69.85,35.25
2024-01-15 04:00:00,8,190.48,508.0,101.36,47.87
2024-01-15 05:00:00,8,155.5,605.07,112.8,41.44
2024-01-15 06:00:00,8,163.51,441.11,100.3,41.16
2024-01-15 07:00:00,8,140.72,390.09,95.92,43.49
2024-01-15 08:00:00,8,175.07,426.84,99.16,33.57
2024-01-15 09:00:00,8,182.11,455.63,117.03,35.63
2024-01-15 10:00:00,8,132.96,417.83,101.02,39.57
2024-01-15 11:00:00,8,173.8,404.25,123.47,31.71
2024-01-15 12:00:00,8,179.33,428.62,93.26,45.94
2024-01-15 13:00:00,8,177.69,469.38,102.03,36.92
2024-01-15 14:00:00,8,150.56,440.12,93.42,26.96
2024-01-15 15:00:00,8,179.77,403.53,123.2,33.54
2024-01-15 16:00:00,8,167.72,413.74,99.76,38.39
2024-01-15 17:00:00,8,176.23,426.38,123.07,33.67
2024-01-15 18:00:00,8,165.27,396.7,92.08,40.41
2024-01-15 19:00:00,8,173.05,411.57,115.79,41.92
2024-01-15 20:00:00,8,184.38,480.08,99.01,56.98
2024-01-15 21:00:00,8,164.96,436.42,108.19,47.35
2024-01-15 22:00:00,8,172.98,360.12,83.89,25.45
2024-01-15 23:00:00,8,188.33,501.16,103.62,36.49
2024-01-16 00:00:00,8,168.16,471.22,87.22,38.02
2024-01-16 01:00:00,8,153.9,381.1,104.07,45.6
2024-01-16 02:00:00,8,181.92,433.22,83.27,34.13
2024-01-16 03:00:00,8,194.03,412.3,101.16,38.0
2024-01-16 04:00:00,8,192.3,486.96,116.05,32.72
2024-01-16 05:00:00,8,183.9,434.3,109.71,38.21
2024-01-16 06:00:00,8,137.66,449.5,88.22,38.61
2024-01-16 07:00:00,8,163.44,443.52,80.06,40.54
2024-01-16 08:00:00,8,163.92,378.03,108.8,33.19
2024-01-16 09:00:00,8,172.98,523.27,121.46,50.23
2024-01-16 10:00:00,8,197.25,485.12,89.99,45.49
2024-01-16 11:00:00,8,154.58,413.21,126.37,29.25
2024-01-16 12:00:00,8,204.14,459.86,100.1,40.38
2024-01-16 13:00:00,8,163.61,498.59,75.66,26.75
2024-01-16 14:00:00,8,157.06,451.49,79.76,49.52
2024-01-16 15:00:00,8,180.86,526.67,107.39,51.1
2024-01-16 16:00:00,8,181.58,594.93,99.15,37.13
2024-01-16 17:00:00,8,177.12,440.91,115.24,30.39
2024-01-16 18:00:00,8,155.52,417.76,82.65,31.81
2024-01-16 19:00:00,8,174.88,397.31,98.71,33.61
2024-01-16 20:00:00,8,151.92,335.79,97.66,36.71
2024-01-16 21:00:00,8,155.98,511.09,96.32,49.13
2024-01-16 22:00:00,8,167.24,430.82,94.04,46.4
2024-01-16 23:00:00,8,156.98,493.6,95.0,47.24
2024-01-17 00:00:00,8,186.12,504.54,102.29,41.55
2024-01-17 01:00:00,8,162.19,396.36,104.62,31.63
2024-01-17 02:00:00,8,168.34,404.67,104.74,35.45
2024-01-17 03:00:00,8,158.96,540.4,116.91,42.79
2024-01-17 04:00:00,8,188.49,449.23,88.21,33.07
2024-01-17 05:00:00,8,162.98,419.73,81.12,45.53
2024-01-17 06:00:00,8,190.48,400.39,115.5,49.68
2024-01-17 07:00:00,8,189.26,445.93,91.64,47.48
2024-01-17 08:00:00,8,166.02,528.92,98.17,46.86
2024-01-17 09:00:00,8,172.75,486.91,94.88,27.22
2024-01-17 10:00:00,8,164.5,460.85,94.0,52.45
2024-01-17 11:00:00,8,179.22,531.17,83.28,28.29
2024-01-17 12:00:00,8,167.23,520.66,93.27,38.94
2024-01-17 13:00:00,8,163.07,466.27,107.27,44.4
2024-01-17 14:00:00,8,169.37,588.87,98.63,41.57
2024-01-17 15:00:00,8,144.08,435.56,104.17,27.73
2024-01-17 16:00:00,8,166.43,503.03,91.56,28.7
2024-01-17 17:00:00,8,177.12,427.43,108.22,39.6
2024-01-17 18:00:00,8,169.27,492.77,91.01,41.3
2024-01-17 19:00:00,8,181.69,434.73,71.72,28.33
2024-01-17 20:00:00,8,161.86,470.88,101.41,40.75
2024-01-17 21:00:00,8,161.1,568.76,107.35,25.81
2024-01-17 22:00:00,8,151.75,496.74,91.9,43.72
2024-01-17 23:00:00,8,163.25,473.48,113.93,32.26
2024-01-18 00:00:00,8,199.96,411.05,89.86,40.83
2024-01-18 01:00:00,8,175.13,460.46,109.08,40.25
2024-01-18 02:00:00,8,162.8,400.77,122.82,51.05
2024-01-18 03:00:00,8,157.05,497.09,102.74,44.25
2024-01-18 04:00:00,8,148.56,496.3,100.03,37.93
2024-01-18 05:00:00,8,160.49,444.0,101.79,45.98
2024-01-18 06:00:00,8,184.68,537.18,122.91,60.49
2024-01-18 07:00:00,8,166.6,529.98,107.95,49.05
2024-01-18 08:00:00,8,158.26,460.33,128.76,42.3
2024-01-18 09:00:00,8,159.45,480.85,105.68,35.56
2024-01-18 10:00:00,8,181.51,421.96,93.75,36.69
2024-01-18 11:00:00,8,169.72,437.21,93.88,46.45
2024-01-18 12:00:00,8,160.67,395.74,100.92,33.02
2024-01-18 13:00:00,8,164.73,425.24,74.66,39.42
2024-01-18 14:00:00,8,202.09,443.4,92.92,50.29
2024-01-18 15:00:00,8,186.53,364.21,92.57,39.27
2024-01-18 16:00:00,8,189.83,476.71,100.48,28.86
2024-01-18 17:00:00,8,140.73,498.89,120.81,54.87
2024-01-18 18:00:00,8,164.89,446.78,97.84,51.42
2024-01-18 19:00:00,8,157.51,311.07,73.97,41.33
2024-01-18 20:00:00,8,175.82,434.8,86.5,47.89
2024-01-18 21:00:00,8,184.11,377.69,101.23,35.9
2024-01-18 22:00:00,8,173.62,417.89,99.8,44.53
2024-01-18 23:00:00,8,156.18,522.72,119.09,35.98
2024-01-19 00:00:00,8,160.16,327.23,111.81,29.22
2024-01-19 01:00:00,8,180.35,409.73,112.22,61.89
2024-01-19 02:00:00,8,182.58,493.57,99.04,30.31
2024-01-19 03:00:00,8,174.43,416.85,115.62,44.7
2024-01-19 04:00:00,8,174.74,413.46,91.91,45.08
2024-01-19 05:00:00,8,173.83,555.71,114.81,47.24
2024-01-19 06:00:00,8,177.25,472.28,99.75,42.45
2024-01-19 07:00:00,8,183.92,500.26,85.52,42.43
2024-01-19 08:00:00,8,182.32,477.75,109.96,43.89
2024-01-19 09:00:00,8,172.65,460.46,119.23,46.17
2024-01-19 10:00:00,8,170.93,515.51,96.75,41.66
2024-01-19 11:00:00,8,169.63,547.17,119.89,40.4
2024-01-19 12:00:00,8,158.35,365.16,80.11,29.5
2024-01-19 13:00:00,8,157.38,447.62,84.89,55.67
2024-01-19 14:00:00,8,176.92,446.49,96.9,43.0
2024-01-19 15:00:00,8,157.25,426.38,93.56,39.74
2024-01-19 16:00:00,8,179.91,497.12,89.49,32.53
2024-01-19 17:00:00,8,166.5,460.25,98.9,29.17
2024-01-19 18:00:00,8,179.59,544.41,90.77,44.12
2024-01-19 19:00:00,8,176.93,502.84,92.93,35.99
2024-01-19 20:00:00,8,180.35,516.49,100.95,42.6
2024-01-19 21:00:00,8,160.84,387.5,89.96,27.13
2024-01-19 22:00:00,8,174.87,407.97,97.39,51.17
2024-01-19 23:00:00,8,180.58,412.85,91.57,46.68
2024-01-20 00:00:00,8,146.67,516.99,85.56,39.52
2024-01-20 01:00:00,8,196.73,402.11,110.21,44.73
2024-01-20 02:00:00,8,206.0,404.31,122.37,47.66
2024-01-20 03:00:00,8,186.65,395.67,115.2,31.49
2024-01-20 04:00:00,8,184.98,591.8,106.79,56.33
2024-01-20 05:00:00,8,181.99,445.89,95.3,46.98
2024-01-20 06:00:00,8,168.28,479.93,99.7,37.49
2024-01-20 07:00:00,8,171.4,395.47,115.88,34.21
2024-01-20 08:00:00,8,187.38,501.22,75.12,50.75
2024-01-20 09:00:00,8,157.55,362.73,97.89,44.0
2024-01-20 10:00:00,8,155.61,402.24,110.57,45.57
2024-01-20 11:00:00,8,164.93,414.02,87.16,41.17
2024-01-20 12:00:00,8,180.12,461.23,105.31,32.07
2024-01-20 13:00:00,8,156.28,409.35,103.97,43.51
2024-01-20 14:00:00,8,165.26,525.64,81.05,37.08
2024-01-20 15:00:00,8,166.44,473.47,99.11,37.88
2024-01-20 16:00:00,8,152.25,412.75,90.09,56.78
2024-01-20 17:00:00,8,130.31,497.66,102.32,44.3
2024-01-20 18:00:00,8,151.62,427.31,105.29,44.66
2024-01-20 19:00:00,8,171.23,417.46,102.11,59.26
2024-01-20 20:00:00,8,174.94,492.82,98.46,40.68
2024-01-20 21:00:00,8,175.54,324.19,101.55,39.02
2024-01-20 22:00:00,8,177.91,485.78,84.42,33.19
2024-01-20 23:00:00,8,159.91,413.39,99.03,35.74
2024-01-21 00:00:00,8,157.44,414.09,90.52,23.63
2024-01-21 01:00:00,8,176.63,549.84,113.45,47.34
2024-01-21 02:00:00,8,168.47,424.85,109.96,31.44
2024-01-21 03:00:00,8,186.04,500.57,110.54,49.59
2024-01-21 04:00:00,8,178.55,466.88,123.54,42.43
2024-01-21 05:00:00,8,192.52,472.41,99.07,44.11
2024-01-21 06:00:00,8,166.12,440.52,96.52,42.83
2024-01-21 07:00:00,8,189.25,437.79,98.79,54.27
2024-01-21 08:00:00,8,203.6,529.94,83.35,52.55
2024-01-21 09:00:00,8,173.11,499.28,83.83,42.06
2024-01-21 10:00:00,8,179.24,426.44,109.2,34.41
2024-01-21 11:00:00,8,156.85,398.13,84.04,48.42
2024-01-21 12:00:00,8,183.72,420.66,87.15,32.3
2024-01-21 13:00:00,8,186.5,498.96,98.17,26.84
2024-01-21 14:00:00,8,161.18,508.2,93.68,42.7
2024-01-21 15:00:00,8,176.93,476.08,108.79,47.9
2024-01-21 16:00:00,8,171.83,365.93,98.31,34.3
2024-01-21 17:00:00,8,173.2,485.34,87.6,40.55
2024-01-21 18:00:00,8,179.48,513.01,108.95,33.82
2024-01-21 19:00:00,8,175.14,456.04,106.11,43.11
2024-01-21 20:00:00,8,165.47,547.56,80.48,46.42
2024-01-21 21:00:00,8,180.68,381.34,101.11,35.93
2024-01-21 22:00:00,8,185.52,483.26,90.01,30.37
2024-01-21 23:00:00,8,161.0,397.88,90.41,27.63
2024-01-22 00:00:00,8,170.15,503.63,122.83,47.65
2024-01-22 01:00:00,8,144.16,481.9,102.46,31.77
2024-01-22 02:00:00,8,180.52,542.64,99.04,44.68
2024-01-22 03:00:00,8,190.83,477.53,103.33,48.58
2024-01-22 04:00:00,8,168.88,432.37,113.37,38.72
2024-01-22 05:00:00,8,175.09,428.27,94.57,41.73
2024-01-22 06:00:00,8,169.84,440.54,96.74,51.25
2024-01-22 07:00:00,8,167.26,427.28,111.03,36.54
2024-01-22 08:00:00,8,176.29,520.8,84.39,35.42
2024-01-22 09:00:00,8,160.42,516.72,114.3,40.4
2024-01-22 10:00:00,8,168.11,376.1,82.22,52.0
2024-01-22 11:00:00,8,157.25,452.89,97.97,53.97
2024-01-22 12:00:00,8,179.1,453.33,80.8,39.38
2024-01-22 13:00:00,8,173.02,409.94,86.6,33.64
2024-01-22 14:00:00,8,162.14,470.81,114.4,47.27
2024-01-22 15:00:00,8,168.62,521.83,110.71,24.57
2024-01-22 16:00:00,8,164.23,492.61,111.53,39.58
2024-01-22 17:00:00,8,184.61,515.3,79.72,36.92
2024-01-22 18:00:00,8,160.49,410.89,84.44,47.63
2024-01-22 19:00:00,8,176.9,449.12,101.4,48.55
2024-01-22 20:00:00,8,156.89,408.91,106.25,29.96
2024-01-22 21:00:00,8,180.39,460.14,88.36,39.41
2024-01-22 22:00:00,8,184.39,465.31,91.66,34.06
2024-01-22 23:00:00,8,185.83,497.87,85.69,37.03
2024-01-23 00:00:00,8,192.46,516.51,120.27,45.16
2024-01-23 01:00:00,8,175.38,485.74,95.2,38.25
2024-01-23 02:00:00,8,190.43,408.24,102.05,43.24
2024-01-23 03:00:00,8,196.9,384.01,103.31,50.03
2024-01-23 04:00:00,8,155.77,479.03,116.17,55.02
2024-01-23 05:00:00,8,163.93,528.85,91.53,45.41
2024-01-23 06:00:00,8,150.52,451.92,117.33,44.13
2024-01-23 07:00:00,8,189.15,375.94,87.57,34.13
2024-01-23 08:00:00,8,149.92,558.05,116.9,55.59
2024-01-23 09:00:00,8,145.33,477.01,81.51,46.3
2024-01-23 10:00:00,8,155.05,460.32,100.41,42.78
2024-01-23 11:00:00,8,144.62,391.97,120.65,41.64
2024-01-23 12:00:00,8,174.3,450.99,108.63,43.09
2024-01-23 13:00:00,8,152.97,484.09,104.5,45.63
2024-01-23 14:00:00,8,143.07,474.08,85.97,45.91
2024-01-23 15:00:00,8,167.42,413.72,89.15,51.07
2024-01-23 16:00:00,8,167.84,444.7,113.87,39.54
2024-01-23 17:00:00,8,138.95,416.17,103.0,51.45
2024-01-23 18:00:00,8,156.36,531.22,107.96,45.72
2024-01-23 19:00:00,8,166.15,492.47,98.17,36.79
2024-01-23 20:00:00,8,162.17,421.1,94.16,24.1
2024-01-23 21:00:00,8,163.06,389.05,107.35,38.75
2024-01-23 22:00:00,8,186.54,462.7,101.82,51.27
2024-01-23 23:00:00,8,201.92,424.51,97.34,33.13
2024-01-24 00:00:00,8,165.43,429.05,83.04,40.84
2024-01-24 01:00:00,8,150.93,393.62,112.51,42.29
2024-01-24 02:00:00,8,168.12,400.6,107.01,49.29
2024-01-24 03:00:00,8,175.24,460.51,94.95,39.16
2024-01-24 04:00:00,8,171.97,439.3,117.07,35.75
2024-01-24 05:00:00,8,182.32,579.15,106.03,47.68
2024-01-24 06:00:00,8,206.69,483.18,106.37,37.17
2024-01-24 07:00:00,8,147.12,394.91,113.79,28.24
2024-01-24 08:00:00,8,165.09,375.22,110.88,57.64
2024-01-24 09:00:00,8,195.64,472.4,105.86,49.79
2024-01-24 10:00:00,8,163.77,431.63,99.39,56.89
2024-01-24 11:00:00,8,182.91,518.19,124.99,48.01
2024-01-24 12:00:00,8,179.73,464.41,91.28,45.67
2024-01-24 13:00:00,8,188.14,349.28,108.44,42.38
2024-01-24 14:00:00,8,197.66,397.19,97.66,37.17
2024-01-24 15:00:00,8,173.1,413.95,103.56,42.19
2024-01-24 16:00:00,8,141.13,469.9,112.53,33.11
2024-01-24 17:00:00,8,156.67,394.11,93.5,28.64
2024-01-24 18:00:00,8,200.29,454.89,104.47,34.49
2024-01-24 19:00:00,8,145.85,379.8,100.5,47.71
2024-01-24 20:00:00,8,175.1,447.89,89.8,27.62
2024-01-24 21:00:00,8,129.96,466.74,113.3,28.22
2024-01-24 22:00:00,8,148.2,522.48,107.29,43.45
2024-01-24 23:00:00,8,182.84,461.8,94.13,36.04
2024-01-25 00:00:00,8,170.72,408.93,113.55,44.1
2024-01-25 01:00:00,8,165.25,526.35,90.87,48.95
2024-01-25 02:00:00,8,159.34,442.42,101.32,45.4
2024-01-25 03:00:00,8,142.05,491.36,97.09,37.19
2024-01-25 04:00:00,8,183.28,421.82,111.88,53.14
2024-01-25 05:00:00,8,168.78,457.66,97.26,49.07
2024-01-25 06:00:00,8,150.12,412.71,112.37,43.39
2024-01-25 07:00:00,8,173.53,469.35,110.28,42.9
2024-01-25 08:00:00,8,181.58,493.37,98.23,45.8
2024-01-25 09:00:00,8,169.26,427.31,124.47,39.78
2024-01-25 10:00:00,8,173.43,423.85,92.64,28.49
2024-01-25 11:00:00,8,171.53,468.97,83.87,47.01
2024-01-25 12:00:00,8,159.47,408.51,110.55,45.76
2024-01-25 13:00:00,8,170.22,372.74,73.35,20.81
2024-01-25 14:00:00,8,179.81,466.51,116.76,42.8
2024-01-25 15:00:00,8,183.73,442.62,99.29,52.25
2024-01-25 16:00:00,8,179.56,441.07,80.28,28.47
2024-01-25 17:00:00,8,157.05,473.59,85.78,36.69
2024-01-25 18:00:00,8,176.81,480.54,77.37,35.7
2024-01-25 19:00:00,8,174.33,439.15,101.92,50.69
2024-01-25 20:00:00,8,156.82,390.88,81.49,46.63
2024-01-25 21:00:00,8,161.02,415.81,104.14,30.96
2024-01-25 22:00:00,8,178.97,478.22,94.98,41.44
2024-01-25 23:00:00,8,190.26,456.29,93.64,58.0
2024-01-26 00:00:00,8,142.73,422.41,106.35,35.13
2024-01-26 01:00:00,8,195.8,411.34,108.51,40.86
2024-01-26 02:00:00,8,189.31,482.88,115.56,45.82
2024-01-26 03:00:00,8,175.31,441.1,94.62,37.37
2024-01-26 04:00:00,8,169.13,490.79,102.41,57.02
2024-01-26 05:00:00,8,178.99,497.48,95.37,39.25
2024-01-26 06:00:00,8,163.47,437.38,105.15,31.95
2024-01-26 07:00:00,8,170.38,501.03,93.64,38.83
2024-01-26 08:00:00,8,150.43,459.76,97.63,48.05
2024-01-26 09:00:00,8,145.91,465.82,97.22,35.85
2024-01-26 10:00:00,8,207.01,341.14,105.23,44.12
2024-01-26 11:00:00,8,171.91,401.92,100.99,45.5
2024-01-26 12:00:00,8,173.26,403.88,106.31,30.41
2024-01-26 13:00:00,8,168.93,433.31,98.1,34.84
2024-01-26 14:00:00,8,156.13,454.45,91.65,41.49
2024-01-26 15:00:00,8,163.4,455.89,100.37,43.73
2024-01-26 16:00:00,8,168.96,462.01,86.46,33.22
2024-01-26 17:00:00,8,164.3,412.69,104.18,38.5
2024-01-26 18:00:00,8,155.78,482.09,93.72,34.88
2024-01-26 19:00:00,8,174.54,538.65,99.76,43.16
2024-01-26 20:00:00,8,170.43,429.73,100.24,41.77
2024-01-26 21:00:00,8,174.01,414.54,117.46,35.04
2024-01-26 22:00:00,8,179.36,414.07,103.3,42.54
2024-01-26 23:00:00,8,166.82,453.71,100.29,36.06
2024-01-27 00:00:00,8,167.62,423.62,91.78,43.87
2024-01-27 01:00:00,8,193.41,363.57,110.68,44.76
2024-01-27 02:00:00,8,157.37,378.11,98.4,60.83
2024-01-27 03:00:00,8,143.91,503.82,83.81,39.58
2024-01-27 04:00:00,8,181.19,517.5,100.41,41.63
2024-01-27 05:00:00,8,163.54,533.87,105.39,37.84
2024-01-27 06:00:00,8,156.85,464.6,93.25,34.83
2024-01-27 07:00:00,8,186.48,403.03,101.64,39.38
2024-01-27 08:00:00,8,170.58,430.65,101.91,48.15
2024-01-27 09:00:00,8,153.15,376.98,101.62,48.26
2024-01-27 10:00:00,8,200.99,374.42,116.64,44.06
2024-01-27 11:00:00,8,146.55,463.84,85.06,38.56
2024-01-27 12:00:00,8,168.86,477.4,124.82,36.19
2024-01-27 13:00:00,8,140.78,548.3,99.0,31.99
2024-01-27 14:00:00,8,172.78,444.48,105.71,34.18
2024-01-27 15:00:00,8,158.34,379.48,99.6,27.59
2024-01-27 16:00:00,8,179.99,441.42,76.66,48.55
2024-01-27 17:00:00,8,167.01,433.01,84.47,52.12
2024-01-27 18:00:00,8,187.64,422.37,90.82,21.53
2024-01-27 19:00:00,8,160.77,464.64,109.32,39.61
2024-01-27 20:00:00,8,143.27,386.25,80.8,39.78
2024-01-27 21:00:00,8,171.65,454.66,87.68,39.74
2024-01-27 22:00:00,8,164.85,481.58,100.67,33.89
2024-01-27 23:00:00,8,141.84,521.1,105.13,47.66
2024-01-28 00:00:00,8,154.19,465.85,105.54,43.49
2024-01-28 01:00:00,8,159.78,503.63,89.03,49.31
2024-01-28 02:00:00,8,195.24,429.26,82.31,35.72
2024-01-28 03:00:00,8,183.01,436.93,108.83,31.12
2024-01-28 04:00:00,8,167.5,520.84,120.14,46.29
2024-01-28 05:00:00,8,180.21,383.81,98.89,35.29
2024-01-28 06:00:00,8,142.28,432.82,89.3,51.7
2024-01-28 07:00:00,8,164.51,510.06,97.86,25.89
2024-01-28 08:00:00,8,178.85,442.11,107.55,38.99
2024-01-28 09:00:00,8,174.8,437.87,99.47,37.32
2024-01-28 10:00:00,8,163.5,438.28,118.73,38.99
2024-01-28 11:00:00,8,170.37,456.87,112.16,43.06
2024-01-28 12:00:00,8,175.3,505.02,102.41,43.38
2024-01-28 13:00:00,8,169.26,496.07,75.71,44.57
2024-01-28 14:00:00,8,181.72,449.25,90.28,44.78
2024-01-28 15:00:00,8,172.88,503.22,91.41,36.67
2024-01-28 16:00:00,8,175.32,464.84,88.53,54.62
2024-01-28 17:00:00,8,193.24,490.66,99.59,48.49
2024-01-28 18:00:00,8,179.71,395.24,99.74,34.65
2024-01-28 19:00:00,8,193.65,535.07,76.99,36.17
2024-01-28 20:00:00,8,157.4,458.7,107.33,34.89
2024-01-28 21:00:00,8,143.93,309.26,98.25,40.99
2024-01-28 22:00:00,8,166.55,532.48,103.01,30.82
2024-01-28 23:00:00,8,165.98,449.65,108.43,33.02
2024-01-29 00:00:00,8,192.29,430.2,90.88,22.66
2024-01-29 01:00:00,8,153.83,420.36,116.21,37.73
2024-01-29 02:00:00,8,170.48,473.87,99.96,50.28
2024-01-29 03:00:00,8,178.43,407.43,120.63,41.07
2024-01-29 04:00:00,8,174.29,423.64,91.94,42.0
2024-01-29 05:00:00,8,170.47,425.15,120.5,45.32
2024-01-29 06:00:00,8,178.61,438.42,92.22,35.08
2024-01-29 07:00:00,8,189.42,427.05,133.96,43.28
2024-01-29 08:00:00,8,196.04,495.84,91.24,49.97
2024-01-29 09:00:00,8,172.79,465.99,115.1,44.77
2024-01-29 10:00:00,8,159.32,471.52,97.28,49.58
2024-01-29 11:00:00,8,194.2,481.79,109.62,51.17
2024-01-29 12:00:00,8,153.85,445.47,99.68,45.53
2024-01-29 13:00:00,8,196.53,397.87,86.17,33.63
2024-01-29 14:00:00,8,189.04,539.84,64.78,35.89
2024-01-29 15:00:00,8,190.62,494.89,128.45,53.66
2024-01-29 16:00:00,8,177.96,529.02,98.46,40.12
2024-01-29 17:00:00,8,135.27,499.52,61.6,38.74
2024-01-29 18:00:00,8,151.43,423.93,100.84,30.23
2024-01-29 19:00:00,8,171.93,328.7,105.64,36.54
2024-01-29 20:00:00,8,157.34,385.51,88.91,43.37
2024-01-29 21:00:00,8,163.28,480.2,89.47,38.17
2024-01-29 22:00:00,8,177.96,443.54,98.43,34.48
2024-01-29 23:00:00,8,166.82,428.2,113.97,37.08
2024-01-30 00:00:00,8,151.71,324.15,101.39,49.81
2024-01-30 01:00:00,8,184.37,450.29,118.69,46.35
2024-01-30 02:00:00,8,179.48,397.05,115.39,45.99
2024-01-30 03:00:00,8,168.52,415.72,99.52,45.86
2024-01-30 04:00:00,8,183.55,495.7,83.74,33.21
2024-01-30 05:00:00,8,174.51,401.1,100.33,45.27
2024-01-30 06:00:00,8,193.35,406.02,109.56,51.8
2024-01-30 07:00:00,8,175.36,462.44,103.8,40.96
2024-01-30 08:00:00,8,192.83,496.83,110.46,50.67
2024-01-30 09:00:00,8,143.91,431.96,112.76,46.7
2024-01-30 10:00:00,8,178.63,525.77,108.11,48.36
2024-01-30 11:00:00,8,164.92,386.38,97.61,41.36
2024-01-30 12:00:00,8,157.16,376.75,106.48,47.34
2024-01-30 13:00:00,8,186.95,371.66,126.49,27.56
2024-01-30 14:00:00,8,182.14,365.24,80.62,38.94
2024-01-30 15:00:00,8,137.66,465.05,103.96,43.81
2024-01-30 16:00:00,8,178.42,398.2,119.78,39.97
2024-01-30 17:00:00,8,176.28,376.06,83.04,46.13
2024-01-30 18:00:00,8,156.22,466.35,109.31,35.91
2024-01-30 19:00:00,8,154.62,488.89,111.03,32.85
2024-01-30 20:00:00,8,143.48,500.65,79.68,24.33
2024-01-30 21:00:00,8,162.94,492.26,106.69,35.85
2024-01-30 22:00:00,8,165.99,402.31,95.39,42.85
2024-01-30 23:00:00,8,181.47,463.34,98.67,45.55
2024-01-01 00:00:00,9,186.33,425.48,92.94,23.78
2024-01-01 01:00:00,9,152.12,464.15,120.64,41.25
2024-01-01 02:00:00,9,166.73,488.37,91.19,45.03
2024-01-01 03:00:00,9,160.07,398.07,104.93,41.22
2024-01-01 04:00:00,9,176.59,468.58,113.74,44.16
2024-01-01 05:00:00,9,171.63,307.62,110.24,23.33
2024-01-01 06:00:00,9,181.24,345.52,113.46,31.61
2024-01-01 07:00:00,9,200.11,480.72,118.56,51.96
2024-01-01 08:00:00,9,176.27,427.13,103.81,37.37
2024-01-01 09:00:00,9,159.94,403.02,93.37,58.62
2024-01-01 10:00:00,9,176.21,445.82,100.62,27.6
2024-01-01 11:00:00,9,199.64,426.5,93.56,51.55
2024-01-01 12:00:00,9,177.88,393.57,130.03,31.9
2024-01-01 13:00:00,9,181.82,357.51,89.49,43.91
2024-01-01 14:00:00,9,139.77,338.93,101.99,33.14
2024-01-01 15:00:00,9,171.38,485.16,75.54,36.08
2024-01-01 16:00:00,9,160.24,421.68,96.33,39.77
2024-01-01 17:00:00,9,153.23,496.9,90.57,28.98
2024-01-01 18:00:00,9,163.84,420.73,103.0,41.16
2024-01-01 19:00:00,9,166.07,463.56,103.44,32.0
2024-01-01 20:00:00,9,154.44,437.8,113.05,36.15
2024-01-01 21:00:00,9,168.15,447.49,112.5,12.12
2024-01-01 22:00:00,9,162.88,450.75,94.84,32.77
2024-01-01 23:00:00,9,177.86,422.25,84.13,47.39
2024-01-02 00:00:00,9,170.91,380.49,86.43,43.23
2024-01-02 01:00:00,9,174.1,489.54,101.92,45.67
2024-01-02 02:00:00,9,184.64,535.15,100.76,39.16
2024-01-02 03:00:00,9,178.35,539.34,102.68,53.87
2024-01-02 04:00:00,9,169.7,419.78,92.83,42.3
2024-01-02 05:00:00,9,136.13,410.32,118.81,34.37
2024-01-02 06:00:00,9,178.56,420.13,81.03,47.62
2024-01-02 07:00:00,9,155.26,440.56,92.41,48.11
2024-01-02 08:00:00,9,168.4,446.95,85.78,45.26
2024-01-02 09:00:00,9,175.36,395.19,96.6,35.83
2024-01-02 10:00:00,9,190.4,368.43,114.93,41.14
2024-01-02 11:00:00,9,197.96,450.69,94.23,50.07
2024-01-02 12:00:00,9,152.21,255.68,98.52,41.35
2024-01-02 13:00:00,9,145.01,440.96,105.07,23.6
2024-01-02 14:00:00,9,171.0,394.45,91.34,30.24
2024-01-02 15:00:00,9,169.03,487.4,100.06,29.22
2024-01-02 16:00:00,9,145.04,501.44,97.87,28.06
2024-01-02 17:00:00,9,164.03,502.42,79.58,15.98
2024-01-02 18:00:00,9,173.93,425.41,88.16,50.61
2024-01-02 19:00:00,9,144.28,382.72,98.92,26.7
2024-01-02 20:00:00,9,148.42,400.41,111.3,27.63
2024-01-02 21:00:00,9,154.6,460.68,111.76,18.23
2024-01-02 22:00:00,9,162.25,356.41,122.98,43.22
2024-01-02 23:00:00,9,177.72,522.03,102.75,35.64
2024-01-03 00:00:00,9,161.89,429.26,91.82,34.16
2024-01-03 01:00:00,9,168.88,475.11,97.15,35.39
2024-01-03 02:00:00,9,205.26,352.06,97.22,43.8
2024-01-03 03:00:00,9,153.76,399.09,94.01,35.16
2024-01-03 04:00:00,9,159.17,346.42,104.79,22.54
2024-01-03 05:00:00,9,181.14,505.5,105.69,28.89
2024-01-03 06:00:00,9,186.28,441.51,84.92,28.54
2024-01-03 07:00:00,9,176.85,481.09,114.27,42.49
2024-01-03 08:00:00,9,199.24,453.24,75.88,47.87
2024-01-03 09:00:00,9,174.49,474.74,96.43,52.05
2024-01-03 10:00:00,9,136.54,430.4,113.67,24.51
2024-01-03 11:00:00,9,169.56,436.94,105.89,43.36
2024-01-03 12:00:00,9,157.91,442.23,92.55,31.86
2024-01-03 13:00:00,9,188.95,468.43,122.06,61.8
2024-01-03 14:00:00,9,181.4,469.14,89.97,47.71
2024-01-03 15:00:00,9,139.21,597.6,69.01,49.85
2024-01-03 16:00:00,9,186.58,535.83,100.5,41.57
2024-01-03 17:00:00,9,179.59,347.81,71.15,37.62
2024-01-03 18:00:00,9,158.92,436.44,83.38,30.71
2024-01-03 19:00:00,9,163.03,422.28,102.41,29.1
2024-01-03 20:00:00,9,187.26,514.05,88.6,27.66
2024-01-03 21:00:00,9,132.99,427.95,102.64,40.44
2024-01-03 22:00:00,9,172.95,470.89,80.62,49.25
2024-01-03 23:00:00,9,184.22,319.64,107.6,33.33
2024-01-04 00:00:00,9,165.76,365.09,75.19,30.93
2024-01-04 01:00:00,9,178.52,561.48,115.15,25.1
2024-01-04 02:00:00,9,170.38,451.43,92.51,40.83
2024-01-04 03:00:00,9,156.56,395.16,119.26,49.99
2024-01-04 04:00:00,9,156.63,462.98,88.86,50.9
2024-01-04 05:00:00,9,181.69,392.97,125.16,52.06
2024-01-04 06:00:00,9,159.86,434.83,87.73,43.81
2024-01-04 07:00:00,9,145.29,371.29,76.74,40.88
2024-01-04 08:00:00,9,171.79,407.01,100.36,50.93
2024-01-04 09:00:00,9,160.97,426.74,115.39,29.69
2024-01-04 10:00:00,9,149.19,509.5,109.0,34.88
2024-01-04 11:00:00,9,169.15,473.15,113.12,52.83
2024-01-04 12:00:00,9,179.69,481.84,107.75,27.87
2024-01-04 13:00:00,9,166.75,445.03,85.75,36.13
2024-01-04 14:00:00,9,148.35,490.34,105.68,41.18
2024-01-04 15:00:00,9,172.92,397.69,96.29,35.8
2024-01-04 16:00:00,9,181.45,404.85,85.36,44.58
2024-01-04 17:00:00,9,200.32,466.42,96.64,47.55
2024-01-04 18:00:00,9,187.67,429.06,93.47,38.37
2024-01-04 19:00:00,9,147.94,443.55,112.74,46.37
2024-01-04 20:00:00,9,178.57,435.7,87.9,26.54
2024-01-04 21:00:00,9,169.26,513.08,87.77,33.71
2024-01-04 22:00:00,9,146.95,516.53,86.61,56.58
2024-01-04 23:00:00,9,171.04,412.46,121.12,53.29
2024-01-05 00:00:00,9,198.43,351.73,88.83,26.12
2024-01-05 01:00:00,9,187.44,409.38,114.86,37.87
2024-01-05 02:00:00,9,152.21,400.04,85.27,39.88
2024-01-05 03:00:00,9,169.55,494.45,105.92,42.94
2024-01-05 04:00:00,9,177.8,499.74,103.22,50.86
2024-01-05 05:00:00,9,141.95,394.16,116.16,56.06
2024-01-05 06:00:00,9,142.61,409.27,114.37,40.53
2024-01-05 07:00:00,9,172.62,369.86,101.17,49.84
2024-01-05 08:00:00,9,172.53,457.09,92.81,45.43
2024-01-05 09:00:00,9,139.4,446.89,120.48,39.14
2024-01-05 10:00:00,9,175.02,491.51,90.41,23.96
2024-01-05 11:00:00,9,185.67,474.95,68.45,46.82
2024-01-05 12:00:00,9,163.65,480.31,73.0,42.45
2024-01-05 13:00:00,9,167.4,362.77,75.4,39.81
2024-01-05 14:00:00,9,175.0,411.72,103.46,27.18
2024-01-05 15:00:00,9,172.23,496.56,123.91,52.09
2024-01-05 16:00:00,9,137.45,415.39,68.04,35.93
2024-01-05 17:00:00,9,149.57,356.01,84.11,24.4
2024-01-05 18:00:00,9,157.76,488.04,95.36,22.9
2024-01-05 19:00:00,9,150.29,412.99,114.43,40.18
2024-01-05 20:00:00,9,188.48,502.25,84.34,40.74
2024-01-05 21:00:00,9,175.41,444.08,102.77,31.06
2024-01-05 22:00:00,9,147.64,430.66,92.45,39.72
2024-01-05 23:00:00,9,162.94,520.38,130.37,42.22
2024-01-06 00:00:00,9,185.6,376.53,99.08,38.42
2024-01-06 01:00:00,9,157.46,525.78,102.61,31.89
2024-01-06 02:00:00,9,182.56,414.02,99.8,47.05
2024-01-06 03:00:00,9,191.83,458.13,93.92,46.59
2024-01-06 04:00:00,9,189.59,459.12,112.17,44.73
2024-01-06 05:00:00,9,173.04,426.93,85.01,32.86
2024-01-06 06:00:00,9,190.56,408.86,74.14,28.65
2024-01-06 07:00:00,9,161.6,430.04,98.14,40.76
2024-01-06 08:00:00,9,210.26,394.76,110.42,47.87
2024-01-06 09:00:00,9,173.24,555.76,91.76,48.35
2024-01-06 10:00:00,9,187.37,422.6,101.13,43.77
2024-01-06 11:00:00,9,162.09,510.85,82.08,34.07
2024-01-06 12:00:00,9,175.33,502.93,111.04,30.22
2024-01-06 13:00:00,9,175.27,466.11,104.91,36.28
2024-01-06 14:00:00,9,150.58,438.34,95.96,35.64
2024-01-06 15:00:00,9,149.48,455.59,97.28,44.69
2024-01-06 16:00:00,9,161.28,475.64,76.46,30.44
2024-01-06 17:00:00,9,182.29,449.75,76.74,30.86
2024-01-06 18:00:00,9,134.4,359.21,92.61,52.04
2024-01-06 19:00:00,9,158.4,345.66,100.99,47.77
2024-01-06 20:00:00,9,185.92,526.47,101.95,26.94
2024-01-06 21:00:00,9,145.03,302.15,90.35,47.83
2024-01-06 22:00:00,9,186.11,456.32,105.41,25.96
2024-01-06 23:00:00,9,148.07,433.68,114.92,32.66
2024-01-07 00:00:00,9,152.28,455.93,96.05,34.42
2024-01-07 01:00:00,9,165.58,386.13,102.01,37.3
2024-01-07 02:00:00,9,199.19,467.73,96.0,44.08
2024-01-07 03:00:00,9,158.91,460.5,97.68,40.25
2024-01-07 04:00:00,9,141.6,599.58,102.01,45.14
2024-01-07 05:00:00,9,147.28,457.15,122.28,36.61
2024-01-07 06:00:00,9,185.37,523.34,112.12,43.45
2024-01-07 07:00:00,9,148.05,368.8,110.84,40.78
2024-01-07 08:00:00,9,189.13,505.14,93.89,27.75
2024-01-07 09:00:00,9,170.46,461.6,87.63,43.52
2024-01-07 10:00:00,9,168.18,463.33,103.77,39.54
2024-01-07 11:00:00,9,172.82,463.36,114.17,31.78
2024-01-07 12:00:00,9,154.17,539.77,119.64,33.51
2024-01-07 13:00:00,9,168.67,460.26,64.49,32.95
2024-01-07 14:00:00,9,146.28,403.16,127.55,33.58
2024-01-07 15:00:00,9,187.03,411.67,100.51,50.35
2024-01-07 16:00:00,9,147.88,488.93,106.44,52.75
2024-01-07 17:00:00,9,171.45,468.58,71.65,10.64
2024-01-07 18:00:00,9,147.36,361.17,91.12,38.44
2024-01-07 19:00:00,9,155.63,472.22,105.02,42.59
2024-01-07 20:00:00,9,158.52,385.89,79.31,32.73
2024-01-07 21:00:00,9,213.6,468.86,57.47,43.14
2024-01-07 22:00:00,9,165.47,402.0,100.07,50.06
2024-01-07 23:00:00,9,153.05,431.15,95.78,24.52
2024-01-08 00:00:00,9,159.97,417.65,115.97,38.36
2024-01-08 01:00:00,9,143.49,530.38,95.9,54.96
2024-01-08 02:00:00,9,166.05,470.5,97.57,27.96
2024-01-08 03:00:00,9,199.45,517.74,108.41,38.32
2024-01-08 04:00:00,9,175.27,606.86,113.26,35.91
2024-01-08 05:00:00,9,184.8,452.64,90.87,49.23
2024-01-08 06:00:00,9,155.39,531.68,112.5,50.54
2024-01-08 07:00:00,9,166.79,412.15,93.31,41.51
2024-01-08 08:00:00,9,173.12,517.88,100.01,40.08
2024-01-08 09:00:00,9,157.52,405.52,108.06,24.4
2024-01-08 10:00:00,9,175.21,447.7,109.71,51.05
2024-01-08 11:00:00,9,177.99,477.1,102.12,34.91
2024-01-08 12:00:00,9,176.04,484.86,83.13,35.97
2024-01-08 13:00:00,9,163.97,377.39,72.07,44.86
2024-01-08 14:00:00,9,183.46,398.67,93.25,37.42
2024-01-08 15:00:00,9,160.89,478.25,107.73,43.79
2024-01-08 16:00:00,9,158.93,424.65,100.46,39.84
2024-01-08 17:00:00,9,187.76,368.5,97.46,36.07
2024-01-08 18:00:00,9,146.19,440.35,94.11,36.9
2024-01-08 19:00:00,9,136.59,437.85,98.33,24.56
2024-01-08 20:00:00,9,150.48,454.2,81.66,33.31
2024-01-08 21:00:00,9,171.38,473.79,105.24,44.49
2024-01-08 22:00:00,9,186.59,470.96,106.72,27.9
2024-01-08 23:00:00,9,155.68,404.75,91.8,30.22
2024-01-09 00:00:00,9,196.74,424.91,102.89,29.57
2024-01-09 01:00:00,9,168.42,498.31,75.63,39.31
2024-01-09 02:00:00,9,166.82,419.23,101.05,50.88
2024-01-09 03:00:00,9,155.49,427.89,97.59,44.07
2024-01-09 04:00:00,9,201.56,368.19,116.19,20.9
2024-01-09 05:00:00,9,167.65,448.54,97.51,45.73
2024-01-09 06:00:00,9,148.52,468.93,111.51,36.36
2024-01-09 07:00:00,9,210.1,342.93,95.01,44.52
2024-01-09 08:00:00,9,176.21,391.74,70.03,38.5
2024-01-09 09:00:00,9,182.32,372.19,96.39,31.85
2024-01-09 10:00:00,9,196.07,491.47,101.26,38.08
2024-01-09 11:00:00,9,177.98,344.23,99.94,34.15
2024-01-09 12:00:00,9,183.07,442.93,99.36,39.87
2024-01-09 13:00:00,9,167.31,485.37,89.83,28.73
2024-01-09 14:00:00,9,177.64,455.89,91.49,25.94
2024-01-09 15:00:00,9,164.52,421.21,80.42,41.43
2024-01-09 16:00:00,9,164.27,463.4,68.61,44.23
2024-01-09 17:00:00,9,166.25,500.56,92.92,39.34
2024-01-09 18:00:00,9,157.74,438.36,84.5,28.57
2024-01-09 19:00:00,9,172.51,322.84,108.36,27.88
2024-01-09 20:00:00,9,172.77,506.87,66.19,28.68
2024-01-09 21:00:00,9,178.41,466.79,98.87,42.81
2024-01-09 22:00:00,9,176.11,443.91,123.32,28.54
2024-01-09 23:00:00,9,198.98,338.99,94.04,44.1
2024-01-10 00:00:00,9,184.33,431.02,97.17,42.73
2024-01-10 01:00:00,9,164.61,400.48,103.53,48.72
2024-01-10 02:00:00,9,176.08,382.72,105.27,47.93
2024-01-10 03:00:00,9,192.31,441.92,94.0,44.03
2024-01-10 04:00:00,9,154.34,420.72,86.67,27.05
2024-01-10 05:00:00,9,202.88,424.6,108.6,45.4
2024-01-10 06:00:00,9,157.59,490.33,75.36,41.2
2024-01-10 07:00:00,9,184.75,463.96,110.94,36.86
2024-01-10 08:00:00,9,169.91,422.92,94.7,51.62
2024-01-10 09:00:00,9,168.49,415.56,99.36,38.01
2024-01-10 10:00:00,9,147.5,424.03,91.86,34.11
2024-01-10 11:00:00,9,182.75,434.55,116.61,47.73
2024-01-10 12:00:00,9,146.23,478.89,100.44,33.69
2024-01-10 13:00:00,9,142.94,389.87,92.24,31.4
2024-01-10 14:00:00,9,184.58,524.82,91.15,25.92
2024-01-10 15:00:00,9,194.21,476.8,93.15,27.96
2024-01-10 16:00:00,9,153.74,296.07,125.81,28.23
2024-01-10 17:00:00,9,180.63,448.93,77.16,39.69
2024-01-10 18:00:00,9,177.17,500.66,108.3,25.36
2024-01-10 19:00:00,9,162.81,465.39,101.7,18.18
2024-01-10 20:00:00,9,186.34,422.23,114.65,37.24
2024-01-10 21:00:00,9,162.42,441.77,103.27,29.58
2024-01-10 22:00:00,9,174.12,455.38,95.75,35.56
2024-01-10 23:00:00,9,146.02,488.18,109.71,47.56
2024-01-11 00:00:00,9,147.49,370.43,100.19,37.82
2024-01-11 01:00:00,9,187.0,415.16,107.81,51.08
2024-01-11 02:00:00,9,177.67,537.59,117.3,38.11
2024-01-11 03:00:00,9,167.0,451.11,100.53,48.06
2024-01-11 04:00:00,9,200.85,532.69,94.27,35.05
2024-01-11 05:00:00,9,200.98,612.07,91.72,41.03
2024-01-11 06:00:00,9,177.35,423.51,106.07,32.1
2024-01-11 07:00:00,9,146.41,385.15,88.67,33.03
2024-01-11 08:00:00,9,167.98,435.39,95.25,37.85
2024-01-11 09:00:00,9,155.77,508.94,86.73,27.79
2024-01-11 10:00:00,9,170.16,515.91,105.32,40.08
2024-01-11 11:00:00,9,152.74,571.23,88.19,35.35
2024-01-11 12:00:00,9,147.73,445.2,80.45,39.24
2024-01-11 13:00:00,9,129.6,472.9,81.96,25.03
2024-01-11 14:00:00,9,168.42,407.09,88.27,41.79
2024-01-11 15:00:00,9,127.67,309.08,88.83,49.82
2024-01-11 16:00:00,9,159.39,442.45,97.88,47.51
2024-01-11 17:00:00,9,175.61,381.71,92.2,50.83
2024-01-11 18:00:00,9,152.45,479.1,99.02,34.57
2024-01-11 19:00:00,9,146.65,342.24,100.17,31.25
2024-01-11 20:00:00,9,163.5,404.49,104.24,38.84
2024-01-11 21:00:00,9,151.59,459.6,70.24,33.01
2024-01-11 22:00:00,9,168.72,465.9,81.03,20.59
2024-01-11 23:00:00,9,149.62,443.85,103.65,43.54
2024-01-12 00:00:00,9,165.5,548.51,99.95,35.17
2024-01-12 01:00:00,9,162.34,533.12,110.7,25.24
2024-01-12 02:00:00,9,168.51,411.58,78.6,34.29
2024-01-12 03:00:00,9,195.94,536.63,93.14,37.49
2024-01-12 04:00:00,9,173.05,545.4,95.94,39.9
2024-01-12 05:00:00,9,178.31,443.38,102.27,40.31
2024-01-12 06:00:00,9,160.03,452.66,100.67,52.08
2024-01-12 07:00:00,9,173.73,447.35,106.21,28.91
2024-01-12 08:00:00,9,165.33,414.81,98.31,38.48
2024-01-12 09:00:00,9,169.81,419.72,117.19,31.69
2024-01-12 10:00:00,9,179.26,520.27,120.72,49.61
2024-01-12 11:00:00,9,159.84,471.71,83.42,33.1
2024-01-12 12:00:00,9,160.72,417.14,97.79,34.22
2024-01-12 13:00:00,9,158.51,396.19,106.82,45.54
2024-01-12 14:00:00,9,157.47,404.57,103.32,47.2
2024-01-12 15:00:00,9,167.9,436.19,89.77,47.86
2024-01-12 16:00:00,9,158.68,494.14,97.92,20.34
2024-01-12 17:00:00,9,188.68,397.64,73.69,38.5
2024-01-12 18:00:00,9,207.81,493.12,93.95,36.55
2024-01-12 19:00:00,9,155.06,454.99,75.29,33.86
2024-01-12 20:00:00,9,169.39,452.35,101.22,35.18
2024-01-12 21:00:00,9,181.97,500.73,80.55,46.24
2024-01-12 22:00:00,9,161.38,491.45,97.82,44.72
2024-01-12 23:00:00,9,150.24,370.23,100.58,44.21
2024-01-13 00:00:00,9,195.49,388.39,98.19,39.0
2024-01-13 01:00:00,9,179.15,435.53,89.75,57.69
2024-01-13 02:00:00,9,173.89,468.01,95.96,35.22
2024-01-13 03:00:00,9,192.93,523.35,114.7,25.3
2024-01-13 04:00:00,9,182.34,453.33,94.27,37.5
2024-01-13 05:00:00,9,169.32,542.52,100.38,40.6
2024-01-13 06:00:00,9,154.31,411.86,92.95,51.51
2024-01-13 07:00:00,9,162.07,420.94,113.39,35.66
2024-01-13 08:00:00,9,189.41,433.22,100.81,44.06
2024-01-13 09:00:00,9,180.42,404.99,89.38,26.5
2024-01-13 10:00:00,9,165.66,511.6,98.79,48.09
2024-01-13 11:00:00,9,196.73,297.71,94.84,38.57
2024-01-13 12:00:00,9,164.64,419.88,115.33,34.77
2024-01-13 13:00:00,9,182.5,508.72,95.84,54.93
2024-01-13 14:00:00,9,169.28,428.76,77.7,44.99
2024-01-13 15:00:00,9,196.54,503.28,101.57,26.05
2024-01-13 16:00:00,9,176.86,563.83,117.86,33.65
2024-01-13 17:00:00,9,165.06,448.66,109.89,58.06
2024-01-13 18:00:00,9,161.29,507.62,79.84,51.38
2024-01-13 19:00:00,9,164.05,575.54,90.81,42.32
2024-01-13 20:00:00,9,152.8,466.42,94.2,18.57
2024-01-13 21:00:00,9,142.84,442.47,94.84,46.64
2024-01-13 22:00:00,9,170.73,494.66,100.66,30.19
2024-01-13 23:00:00,9,157.74,510.67,91.94,47.91
2024-01-14 00:00:00,9,158.48,445.1,85.28,30.93
2024-01-14 01:00:00,9,166.53,421.73,110.37,42.22
2024-01-14 02:00:00,9,169.55,541.87,84.07,33.14
2024-01-14 03:00:00,9,169.44,434.64,88.88,36.17
2024-01-14 04:00:00,9,198.09,514.56,85.09,45.2
2024-01-14 05:00:00,9,180.88,464.36,108.07,28.65
2024-01-14 06:00:00,9,204.51,549.31,101.59,60.79
2024-01-14 07:00:00,9,162.95,404.04,111.6,31.18
2024-01-14 08:00:00,9,182.55,403.63,89.58,30.4
2024-01-14 09:00:00,9,163.08,495.68,83.01,44.75
2024-01-14 10:00:00,9,159.57,387.38,92.92,49.92
2024-01-14 11:00:00,9,202.9,454.31,95.6,35.17
2024-01-14 12:00:00,9,154.7,531.2,99.92,27.9
2024-01-14 13:00:00,9,130.1,349.6,74.52,28.42
2024-01-14 14:00:00,9,154.18,467.52,101.93,26.76
2024-01-14 15:00:00,9,132.39,510.82,83.44,37.76
2024-01-14 16:00:00,9,149.12,443.2,86.17,34.0
2024-01-14 17:00:00,9,150.33,394.01,109.59,38.0
2024-01-14 18:00:00,9,164.78,429.96,65.78,37.37
2024-01-14 19:00:00,9,130.95,398.81,98.5,41.46
2024-01-14 20:00:00,9,184.07,448.36,98.75,31.05
2024-01-14 21:00:00,9,134.55,430.07,84.42,28.67
2024-01-14 22:00:00,9,163.62,417.86,89.88,37.06
2024-01-14 23:00:00,9,161.15,471.71,112.32,35.95
2024-01-15 00:00:00,9,180.63,532.87,122.76,39.4
2024-01-15 01:00:00,9,173.7,465.76,111.84,31.8
2024-01-15 02:00:00,9,188.02,521.6,123.26,44.28
2024-01-15 03:00:00,9,163.44,534.97,90.32,29.09
2024-01-15 04:00:00,9,162.24,417.97,79.23,35.98
2024-01-15 05:00:00,9,176.82,465.01,99.41,49.9
2024-01-15 06:00:00,9,186.95,427.15,110.68,30.38
2024-01-15 07:00:00,9,183.53,369.69,75.95,49.22
2024-01-15 08:00:00,9,175.04,469.1,87.74,27.57
2024-01-15 09:00:00,9,173.11,392.24,88.71,25.56
2024-01-15 10:00:00,9,168.11,474.98,103.34,25.73
2024-01-15 11:00:00,9,174.65,363.57,100.94,38.99
2024-01-15 12:00:00,9,200.32,456.48,87.11,43.53
2024-01-15 13:00:00,9,162.48,361.21,98.77,47.64
2024-01-15 14:00:00,9,159.77,482.26,80.8,46.23
2024-01-15 15:00:00,9,157.9,423.74,89.53,42.57
2024-01-15 16:00:00,9,170.94,418.03,78.14,27.38
2024-01-15 17:00:00,9,129.77,505.42,92.35,27.01
2024-01-15 18:00:00,9,162.0,426.76,83.78,41.04
2024-01-15 19:00:00,9,178.64,450.32,103.29,46.64
2024-01-15 20:00:00,9,156.04,433.83,94.26,25.65
2024-01-15 21:00:00,9,168.12,472.61,92.13,46.31
2024-01-15 22:00:00,9,200.03,502.28,118.72,19.03
2024-01-15 23:00:00,9,171.82,491.76,101.42,39.81
2024-01-16 00:00:00,9,130.76,421.88,92.41,36.3
2024-01-16 01:00:00,9,145.03,513.57,90.38,36.21
2024-01-16 02:00:00,9,164.62,398.99,83.32,38.97
2024-01-16 03:00:00,9,156.24,409.04,98.47,31.91
2024-01-16 04:00:00,9,171.48,442.87,103.8,43.67
2024-01-16 05:00:00,9,165.31,506.89,75.17,40.63
2024-01-16 06:00:00,9,189.18,386.72,82.44,48.32
2024-01-16 07:00:00,9,152.34,498.46,93.38,53.9
2024-01-16 08:00:00,9,166.42,446.83,85.5,40.9
2024-01-16 09:00:00,9,172.86,425.79,99.89,32.22
2024-01-16 10:00:00,9,174.25,508.26,101.07,28.82
2024-01-16 11:00:00,9,170.37,404.43,96.39,52.72
2024-01-16 12:00:00,9,127.96,571.2,104.36,50.83
2024-01-16 13:00:00,9,167.78,436.84,88.81,44.13
2024-01-16 14:00:00,9,163.25,453.83,95.1,36.22
2024-01-16 15:00:00,9,179.14,528.78,82.02,42.16
2024-01-16 16:00:00,9,176.37,454.15,98.31,45.93
2024-01-16 17:00:00,9,168.22,508.8,95.29,28.94
2024-01-16 18:00:00,9,169.3,338.24,78.6,34.46
2024-01-16 19:00:00,9,186.31,420.29,92.28,24.7
2024-01-16 20:00:00,9,183.32,466.13,94.11,33.48
2024-01-16 21:00:00,9,169.56,503.75,98.74,48.48
2024-01-16 22:00:00,9,200.62,487.46,99.84,45.06
2024-01-16 23:00:00,9,156.2,483.1,87.04,37.6
2024-01-17 00:00:00,9,147.91,504.76,107.14,13.82
2024-01-17 01:00:00,9,167.8,473.75,104.79,32.29
2024-01-17 02:00:00,9,162.62,332.43,89.27,39.59
2024-01-17 03:00:00,9,129.2,527.56,84.45,37.45
2024-01-17 04:00:00,9,159.18,404.36,91.36,40.08
2024-01-17 05:00:00,9,175.69,467.11,80.94,42.21
2024-01-17 06:00:00,9,169.26,460.02,102.91,35.57
2024-01-17 07:00:00,9,157.46,452.67,115.51,40.03
2024-01-17 08:00:00,9,170.49,389.8,118.31,38.5
2024-01-17 09:00:00,9,171.33,344.15,85.14,33.22
2024-01-17 10:00:00,9,180.34,394.32,108.95,54.73
2024-01-17 11:00:00,9,157.54,492.8,99.08,33.84
2024-01-17 12:00:00,9,181.42,368.72,66.01,17.64
2024-01-17 13:00:00,9,148.67,398.67,92.1,51.9
2024-01-17 14:00:00,9,157.51,468.38,89.92,28.36
2024-01-17 15:00:00,9,192.73,389.34,110.85,42.89
2024-01-17 16:00:00,9,147.94,415.14,83.26,28.69
2024-01-17 17:00:00,9,153.58,448.74,101.63,39.25
2024-01-17 18:00:00,9,143.81,459.53,92.81,33.78
2024-01-17 19:00:00,9,150.84,387.49,75.48,42.99
2024-01-17 20:00:00,9,166.86,452.25,87.41,32.75
2024-01-17 21:00:00,9,176.58,466.72,115.02,29.39
2024-01-17 22:00:00,9,165.4,376.63,93.44,37.93
2024-01-17 23:00:00,9,161.14,458.08,108.22,33.11
2024-01-18 00:00:00,9,146.98,408.33,108.28,20.46
2024-01-18 01:00:00,9,156.14,454.7,92.14,32.76
2024-01-18 02:00:00,9,143.54,487.93,81.99,63.6
2024-01-18 03:00:00,9,181.31,439.76,84.33,23.51
2024-01-18 04:00:00,9,182.92,499.35,118.7,41.89
2024-01-18 05:00:00,9,169.44,493.0,102.08,37.99
2024-01-18 06:00:00,9,177.39,499.45,77.63,56.14
2024-01-18 07:00:00,9,184.36,471.97,110.96,30.46
2024-01-18 08:00:00,9,171.45,509.52,76.53,40.68
2024-01-18 09:00:00,9,192.0,470.21,88.57,45.28
2024-01-18 10:00:00,9,152.04,358.25,99.76,37.15
2024-01-18 11:00:00,9,162.3,405.01,130.79,31.32
2024-01-18 12:00:00,9,159.59,435.74,107.83,37.01
2024-01-18 13:00:00,9,176.96,441.69,90.14,33.74
2024-01-18 14:00:00,9,142.36,465.11,96.07,32.99
2024-01-18 15:00:00,9,188.65,401.3,107.05,43.16
2024-01-18 16:00:00,9,173.75,553.58,113.12,38.1
2024-01-18 17:00:00,9,192.79,438.75,91.08,39.09
2024-01-18 18:00:00,9,163.54,443.78,91.36,37.07
2024-01-18 19:00:00,9,155.35,407.92,83.5,42.64
2024-01-18 20:00:00,9,175.3,390.17,103.26,45.92
2024-01-18 21:00:00,9,181.85,438.23,108.44,32.59
2024-01-18 22:00:00,9,154.07,447.2,70.46,42.81
2024-01-18 23:00:00,9,133.91,441.71,91.26,25.17
2024-01-19 00:00:00,9,137.48,536.99,81.4,17.65
2024-01-19 01:00:00,9,172.23,441.13,99.94,53.83
2024-01-19 02:00:00,9,193.77,444.04,82.58,35.81
2024-01-19 03:00:00,9,148.15,493.55,82.13,41.51
2024-01-19 04:00:00,9,165.37,440.52,114.43,29.16
2024-01-19 05:00:00,9,164.43,479.36,97.94,29.06
2024-01-19 06:00:00,9,201.46,380.81,99.42,34.01
2024-01-19 07:00:00,9,206.86,381.14,105.72,45.68
2024-01-19 08:00:00,9,176.71,456.42,112.44,35.32
2024-01-19 09:00:00,9,183.94,436.76,93.87,36.41
2024-01-19 10:00:00,9,182.86,404.81,93.54,32.24
2024-01-19 11:00:00,9,147.14,454.59,92.87,48.1
2024-01-19 12:00:00,9,178.57,458.55,111.28,44.74
2024-01-19 13:00:00,9,149.83,407.91,95.54,32.22
2024-01-19 14:00:00,9,162.91,417.56,91.91,41.64
2024-01-19 15:00:00,9,183.63,456.83,100.17,32.95
2024-01-19 16:00:00,9,165.92,389.21,118.45,31.67
2024-01-19 17:00:00,9,182.25,411.54,95.27,33.87
2024-01-19 18:00:00,9,185.35,473.17,90.69,39.78
2024-01-19 19:00:00,9,135.71,443.01,119.6,26.56
2024-01-19 20:00:00,9,129.16,418.72,111.92,38.96
2024-01-19 21:00:00,9,183.99,396.09,110.51,56.76
2024-01-19 22:00:00,9,185.27,390.73,89.18,37.29
2024-01-19 23:00:00,9,170.6,439.28,88.62,36.74
2024-01-20 00:00:00,9,173.58,557.1,73.32,36.47
2024-01-20 01:00:00,9,182.51,478.67,110.54,42.13
2024-01-20 02:00:00,9,182.93,376.39,99.7,24.72
2024-01-20 03:00:00,9,164.37,487.69,75.88,54.09
2024-01-20 04:00:00,9,185.36,408.63,115.45,48.32
2024-01-20 05:00:00,9,164.46,449.84,95.71,34.51
2024-01-20 06:00:00,9,174.17,418.26,97.41,40.48
2024-01-20 07:00:00,9,173.35,559.83,80.4,35.26
2024-01-20 08:00:00,9,155.81,388.27,106.21,42.4
2024-01-20 09:00:00,9,157.23,466.34,105.86,39.86
2024-01-20 10:00:00,9,205.06,411.52,98.08,40.69
2024-01-20 11:00:00,9,153.46,488.06,92.53,29.05
2024-01-20 12:00:00,9,173.22,463.12,131.4,33.02
2024-01-20 13:00:00,9,175.86,514.48,80.76,46.37
2024-01-20 14:00:00,9,164.82,484.66,86.31,31.07
2024-01-20 15:00:00,9,176.01,407.46,104.3,12.13
2024-01-20 16:00:00,9,169.96,602.81,81.4,33.3
2024-01-20 17:00:00,9,150.14,474.44,80.14,55.24
2024-01-20 18:00:00,9,172.94,414.33,108.93,41.57
2024-01-20 19:00:00,9,155.44,455.45,102.18,29.23
2024-01-20 20:00:00,9,192.93,478.83,100.91,34.16
2024-01-20 21:00:00,9,172.06,477.24,97.45,40.98
2024-01-20 22:00:00,9,154.31,472.61,86.69,20.46
2024-01-20 23:00:00,9,172.0,498.86,93.14,28.99
2024-01-21 00:00:00,9,152.15,494.3,96.17,40.66
2024-01-21 01:00:00,9,172.17,402.0,109.0,51.82
2024-01-21 02:00:00,9,165.03,563.06,104.25,34.89
2024-01-21 03:00:00,9,155.87,556.14,87.24,52.92
2024-01-21 04:00:00,9,156.14,493.25,110.08,33.25
2024-01-21 05:00:00,9,209.73,452.2,78.25,10.71
2024-01-21 06:00:00,9,171.69,453.23,96.03,46.66
2024-01-21 07:00:00,9,163.07,432.54,85.23,44.79
2024-01-21 08:00:00,9,159.95,439.25,88.64,46.19
2024-01-21 09:00:00,9,176.99,330.69,124.41,45.37
2024-01-21 10:00:00,9,158.31,531.72,79.55,40.37
2024-01-21 11:00:00,9,150.16,511.85,87.31,35.73
2024-01-21 12:00:00,9,166.67,356.24,103.85,35.29
2024-01-21 13:00:00,9,165.77,494.71,90.31,32.43
2024-01-21 14:00:00,9,158.91,445.28,97.73,32.23
2024-01-21 15:00:00,9,150.57,434.28,113.69,19.36
2024-01-21 16:00:00,9,158.24,471.34,103.13,24.06
2024-01-21 17:00:00,9,156.66,349.76,88.2,32.89
2024-01-21 18:00:00,9,154.3,443.59,92.46,14.75
2024-01-21 19:00:00,9,168.8,448.62,101.21,16.88
2024-01-21 20:00:00,9,200.84,448.97,102.87,31.7
2024-01-21 21:00:00,9,186.75,370.89,95.35,33.97
2024-01-21 22:00:00,9,197.31,469.95,100.4,32.98
2024-01-21 23:00:00,9,157.19,503.92,101.13,15.77
2024-01-22 00:00:00,9,194.46,469.3,96.0,50.68
2024-01-22 01:00:00,9,171.68,435.54,90.1,25.51
2024-01-22 02:00:00,9,184.75,594.58,108.37,31.6
2024-01-22 03:00:00,9,176.77,399.16,103.12,28.37
2024-01-22 04:00:00,9,164.21,491.76,72.71,51.08
2024-01-22 05:00:00,9,181.81,463.3,89.35,43.76
2024-01-22 06:00:00,9,178.09,559.37,93.94,36.09
2024-01-22 07:00:00,9,141.32,471.08,97.48,35.38
2024-01-22 08:00:00,9,167.78,482.41,115.48,41.36
2024-01-22 09:00:00,9,183.52,476.76,141.02,28.5
2024-01-22 10:00:00,9,173.22,391.29,66.69,42.01
2024-01-22 11:00:00,9,175.62,400.84,101.94,33.22
2024-01-22 12:00:00,9,154.97,432.25,98.11,41.71
2024-01-22 13:00:00,9,170.59,498.36,94.08,40.64
2024-01-22 14:00:00,9,164.13,458.35,102.77,30.55
2024-01-22 15:00:00,9,161.77,433.86,97.03,17.26
2024-01-22 16:00:00,9,153.55,519.05,89.9,32.46
2024-01-22 17:00:00,9,179.19,336.76,94.68,21.72
2024-01-22 18:00:00,9,169.82,373.9,101.45,34.88
2024-01-22 19:00:00,9,168.28,308.86,100.31,32.08
2024-01-22 20:00:00,9,197.98,510.15,97.06,29.5
2024-01-22 21:00:00,9,172.79,439.83,87.48,23.83
2024-01-22 22:00:00,9,185.24,498.12,132.41,46.0
2024-01-22 23:00:00,9,170.87,440.5,101.11,32.49
2024-01-23 00:00:00,9,161.45,502.71,107.13,57.63
2024-01-23 01:00:00,9,150.74,441.1,91.37,38.28
2024-01-23 02:00:00,9,172.63,470.94,101.17,41.75
2024-01-23 03:00:00,9,125.97,463.62,101.69,39.66
2024-01-23 04:00:00,9,174.23,468.12,74.91,42.76
2024-01-23 05:00:00,9,175.23,541.5,90.77,49.58
2024-01-23 06:00:00,9,166.66,362.08,90.63,49.79
2024-01-23 07:00:00,9,168.6,446.39,92.28,24.77
2024-01-23 08:00:00,9,149.44,460.54,85.87,47.23
2024-01-23 09:00:00,9,191.87,451.94,99.89,43.64
2024-01-23 10:00:00,9,163.21,427.12,116.9,39.01
2024-01-23 11:00:00,9,152.16,418.97,99.68,52.84
2024-01-23 12:00:00,9,176.07,530.2,81.82,52.42
2024-01-23 13:00:00,9,168.23,442.59,83.0,44.28
2024-01-23 14:00:00,9,159.87,577.96,90.79,30.98
2024-01-23 15:00:00,9,157.53,473.74,76.65,24.73
2024-01-23 16:00:00,9,164.51,428.89,98.57,41.15
2024-01-23 17:00:00,9,186.21,474.29,111.92,46.1
2024-01-23 18:00:00,9,171.84,450.11,86.7,16.59
2024-01-23 19:00:00,9,163.74,517.11,95.3,43.73
2024-01-23 20:00:00,9,178.48,381.25,89.02,32.39
2024-01-23 21:00:00,9,165.53,347.37,86.88,19.38
2024-01-23 22:00:00,9,172.24,465.28,98.17,39.78
2024-01-23 23:00:00,9,168.88,491.76,87.79,44.32
2024-01-24 00:00:00,9,176.8,462.71,86.68,34.15
2024-01-24 01:00:00,9,160.75,484.46,76.89,28.8
2024-01-24 02:00:00,9,150.16,477.21,99.54,53.56
2024-01-24 03:00:00,9,184.08,369.01,113.22,33.52
2024-01-24 04:00:00,9,194.29,465.06,109.01,49.86
2024-01-24 05:00:00,9,152.33,521.53,119.53,26.97
2024-01-24 06:00:00,9,173.12,459.52,91.42,43.81
2024-01-24 07:00:00,9,162.79,379.03,111.18,43.46
2024-01-24 08:00:00,9,184.18,431.69,85.44,47.38
2024-01-24 09:00:00,9,173.34,479.53,108.56,52.28
2024-01-24 10:00:00,9,222.86,546.11,120.11,31.64
2024-01-24 11:00:00,9,163.07,341.85,104.47,42.5
2024-01-24 12:00:00,9,192.22,466.8,118.84,25.34
2024-01-24 13:00:00,9,193.03,395.85,88.63,24.46
2024-01-24 14:00:00,9,174.39,473.25,93.95,30.68
2024-01-24 15:00:00,9,165.68,476.97,83.16,38.63
2024-01-24 16:00:00,9,166.15,431.96,95.06,49.16
2024-01-24 17:00:00,9,164.47,478.57,97.82,50.44
2024-01-24 18:00:00,9,182.65,506.04,94.54,31.12
2024-01-24 19:00:00,9,150.1,435.38,88.13,36.96
2024-01-24 20:00:00,9,161.98,372.06,88.21,42.79
2024-01-24 21:00:00,9,160.49,522.42,99.57,41.72
2024-01-24 22:00:00,9,137.61,490.66,93.63,34.23
2024-01-24 23:00:00,9,180.4,477.01,81.43,37.09
2024-01-25 00:00:00,9,184.5,409.72,72.5,36.25
2024-01-25 01:00:00,9,157.66,501.44,90.22,36.17
2024-01-25 02:00:00,9,185.47,559.5,80.7,35.74
2024-01-25 03:00:00,9,143.55,442.74,88.44,38.28
2024-01-25 04:00:00,9,170.19,454.93,94.29,36.28
2024-01-25 05:00:00,9,168.04,392.31,98.2,30.24
2024-01-25 06:00:00,9,171.63,411.17,91.53,47.69
2024-01-25 07:00:00,9,171.44,391.8,128.63,44.58
2024-01-25 08:00:00,9,168.55,456.9,83.38,56.09
2024-01-25 09:00:00,9,163.01,430.84,115.07,42.53
2024-01-25 10:00:00,9,166.93,468.93,96.58,35.08
2024-01-25 11:00:00,9,190.16,399.59,89.42,32.54
2024-01-25 12:00:00,9,157.78,438.11,104.85,37.61
2024-01-25 13:00:00,9,203.13,394.7,90.53,41.22
2024-01-25 14:00:00,9,155.36,455.88,85.19,33.58
2024-01-25 15:00:00,9,168.99,356.53,118.38,22.32
2024-01-25 16:00:00,9,173.9,452.83,66.03,28.19
2024-01-25 17:00:00,9,159.56,429.18,91.12,34.46
2024-01-25 18:00:00,9,186.7,454.02,96.68,40.63
2024-01-25 19:00:00,9,173.18,354.67,112.64,21.41
2024-01-25 20:00:00,9,161.27,480.12,89.42,36.9
2024-01-25 21:00:00,9,187.4,428.87,129.73,37.0
2024-01-25 22:00:00,9,149.17,457.48,105.59,31.78
2024-01-25 23:00:00,9,157.22,344.97,65.6,31.33
2024-01-26 00:00:00,9,176.36,379.78,78.27,30.81
2024-01-26 01:00:00,9,181.02,426.81,101.06,39.2
2024-01-26 02:00:00,9,173.95,523.32,83.81,48.48
2024-01-26 03:00:00,9,167.25,477.93,106.46,49.72
2024-01-26 04:00:00,9,165.71,456.85,93.89,30.04
2024-01-26 05:00:00,9,188.51,399.96,84.53,38.48
2024-01-26 06:00:00,9,174.11,390.19,87.64,21.16
2024-01-26 07:00:00,9,155.9,465.11,111.19,41.05
2024-01-26 08:00:00,9,154.67,487.81,73.46,44.99
2024-01-26 09:00:00,9,193.95,460.66,112.93,52.96
2024-01-26 10:00:00,9,157.0,541.45,112.69,23.2
2024-01-26 11:00:00,9,172.42,410.95,93.66,28.53
2024-01-26 12:00:00,9,189.19,456.93,78.92,38.45
2024-01-26 13:00:00,9,175.25,354.57,103.66,22.38
2024-01-26 14:00:00,9,153.37,457.15,89.37,37.2
2024-01-26 15:00:00,9,148.55,524.79,75.35,40.49
2024-01-26 16:00:00,9,195.04,388.1,119.46,23.48
2024-01-26 17:00:00,9,147.36,489.99,82.79,35.45
2024-01-26 18:00:00,9,155.2,522.38,75.03,23.68
2024-01-26 19:00:00,9,170.37,406.89,98.02,46.24
2024-01-26 20:00:00,9,161.04,469.94,93.72,36.4
2024-01-26 21:00:00,9,174.42,530.78,114.43,29.52
2024-01-26 22:00:00,9,141.81,458.2,90.75,24.95
2024-01-26 23:00:00,9,163.0,489.1,91.61,39.8
2024-01-27 00:00:00,9,178.23,350.96,101.57,48.99
2024-01-27 01:00:00,9,179.06,480.37,100.58,31.28
2024-01-27 02:00:00,9,159.38,476.76,101.7,34.89
2024-01-27 03:00:00,9,152.69,377.38,102.86,32.79
2024-01-27 04:00:00,9,173.28,397.48,101.94,53.3
2024-01-27 05:00:00,9,148.74,482.87,94.68,23.53
2024-01-27 06:00:00,9,191.1,433.78,111.04,51.36
2024-01-27 07:00:00,9,172.66,510.42,95.41,36.83
2024-01-27 08:00:00,9,158.46,466.66,110.27,39.18
2024-01-27 09:00:00,9,152.16,452.39,117.39,36.37
2024-01-27 10:00:00,9,158.4,439.45,89.88,40.78
2024-01-27 11:00:00,9,142.56,463.86,129.28,31.64
2024-01-27 12:00:00,9,175.25,490.76,87.92,46.39
2024-01-27 13:00:00,9,153.36,475.39,87.24,45.96
2024-01-27 14:00:00,9,172.21,422.75,102.73,27.17
2024-01-27 15:00:00,9,173.83,512.32,100.83,40.87
2024-01-27 16:00:00,9,180.33,480.28,95.54,31.51
2024-01-27 17:00:00,9,168.4,465.2,104.96,34.75
2024-01-27 18:00:00,9,182.51,449.18,97.49,47.44
2024-01-27 19:00:00,9,186.86,471.43,121.2,28.45
2024-01-27 20:00:00,9,168.81,345.23,93.91,42.65
2024-01-27 21:00:00,9,170.26,458.17,83.95,39.05
2024-01-27 22:00:00,9,156.63,534.68,88.52,34.02
2024-01-27 23:00:00,9,150.35,458.36,102.56,39.61
2024-01-28 00:00:00,9,188.07,451.73,103.53,39.36
2024-01-28 01:00:00,9,177.84,415.65,100.67,27.92
2024-01-28 02:00:00,9,179.88,475.43,87.64,33.44
2024-01-28 03:00:00,9,159.71,438.74,113.76,30.25
2024-01-28 04:00:00,9,196.23,520.83,125.02,37.4
2024-01-28 05:00:00,9,166.38,403.25,100.48,51.77
2024-01-28 06:00:00,9,157.15,425.66,123.78,45.24
2024-01-28 07:00:00,9,160.76,417.5,111.38,27.66
2024-01-28 08:00:00,9,195.37,549.33,128.69,37.43
2024-01-28 09:00:00,9,151.24,439.03,105.48,41.35
2024-01-28 10:00:00,9,156.48,418.97,100.48,45.16
2024-01-28 11:00:00,9,215.15,334.56,108.95,32.33
2024-01-28 12:00:00,9,182.52,397.76,91.56,26.46
2024-01-28 13:00:00,9,154.49,475.06,101.73,35.94
2024-01-28 14:00:00,9,148.1,474.12,113.03,40.64
2024-01-28 15:00:00,9,137.86,409.75,105.75,37.12
2024-01-28 16:00:00,9,166.18,412.29,94.2,26.92
2024-01-28 17:00:00,9,176.15,545.2,96.91,49.53
2024-01-28 18:00:00,9,188.92,590.48,104.07,33.34
2024-01-28 19:00:00,9,133.48,506.68,103.74,35.99
2024-01-28 20:00:00,9,143.03,529.19,104.37,28.86
2024-01-28 21:00:00,9,163.13,541.18,99.5,44.68
2024-01-28 22:00:00,9,211.07,565.84,84.97,40.67
2024-01-28 23:00:00,9,180.84,430.05,87.76,39.16
2024-01-29 00:00:00,9,173.27,399.56,103.21,27.21
2024-01-29 01:00:00,9,148.04,547.44,108.8,47.47
2024-01-29 02:00:00,9,134.2,396.39,107.84,45.27
2024-01-29 03:00:00,9,169.96,393.52,90.53,48.13
2024-01-29 04:00:00,9,168.18,395.24,97.83,40.12
2024-01-29 05:00:00,9,165.74,442.97,84.81,39.45
2024-01-29 06:00:00,9,164.01,342.55,82.09,38.62
2024-01-29 07:00:00,9,157.92,372.35,101.16,59.88
2024-01-29 08:00:00,9,153.89,416.04,117.48,35.09
2024-01-29 09:00:00,9,191.94,384.44,100.62,29.03
2024-01-29 10:00:00,9,154.27,506.34,123.55,35.46
2024-01-29 11:00:00,9,163.48,448.34,95.84,33.35
2024-01-29 12:00:00,9,166.57,478.51,97.61,48.14
2024-01-29 13:00:00,9,177.92,471.79,83.52,24.66
2024-01-29 14:00:00,9,151.84,434.48,91.18,30.83
2024-01-29 15:00:00,9,181.0,498.69,79.59,36.73
2024-01-29 16:00:00,9,155.17,469.13,74.48,45.61
2024-01-29 17:00:00,9,161.67,427.03,79.03,40.49
2024-01-29 18:00:00,9,190.94,352.85,95.31,48.25
2024-01-29 19:00:00,9,148.53,472.55,84.71,37.31
2024-01-29 20:00:00,9,176.34,376.18,88.1,32.84
2024-01-29 21:00:00,9,181.43,465.71,100.42,42.51
2024-01-29 22:00:00,9,170.75,449.98,75.54,23.83
2024-01-29 23:00:00,9,164.51,372.63,97.48,21.58
2024-01-30 00:00:00,9,201.8,461.22,108.24,45.68
2024-01-30 01:00:00,9,167.75,458.36,110.15,39.81
2024-01-30 02:00:00,9,172.02,459.28,105.43,47.07
2024-01-30 03:00:00,9,163.85,457.3,98.64,31.92
2024-01-30 04:00:00,9,172.26,414.41,91.68,50.95
2024-01-30 05:00:00,9,185.79,482.19,99.03,45.92
2024-01-30 06:00:00,9,165.72,412.9,121.73,39.93
2024-01-30 07:00:00,9,135.78,391.8,103.65,41.9
2024-01-30 08:00:00,9,178.16,486.4,98.41,42.81
2024-01-30 09:00:00,9,151.77,500.12,106.66,31.89
2024-01-30 10:00:00,9,180.78,481.59,99.35,35.36
2024-01-30 11:00:00,9,167.96,436.74,100.92,40.85
2024-01-30 12:00:00,9,182.55,341.99,93.99,33.51
2024-01-30 13:00:00,9,150.99,526.81,91.02,23.67
2024-01-30 14:00:00,9,156.99,339.64,108.67,38.26
2024-01-30 15:00:00,9,159.55,476.87,69.69,42.34
2024-01-30 16:00:00,9,140.48,559.08,100.83,43.88
2024-01-30 17:00:00,9,182.39,452.41,88.1,38.92
2024-01-30 18:00:00,9,137.75,460.0,69.4,41.3
2024-01-30 19:00:00,9,182.16,464.88,81.61,42.88
2024-01-30 20:00:00,9,171.51,455.35,94.13,35.29
2024-01-30 21:00:00,9,161.84,572.6,96.4,16.69
2024-01-30 22:00:00,9,171.32,399.96,105.34,45.77
2024-01-30 23:00:00,9,171.6,393.87,106.95,28.67
2024-01-01 00:00:00,10,150.44,564.79,111.0,44.22
2024-01-01 01:00:00,10,207.46,435.73,126.89,42.11
2024-01-01 02:00:00,10,176.14,473.27,88.83,37.3
2024-01-01 03:00:00,10,153.53,593.46,108.03,36.95
2024-01-01 04:00:00,10,159.62,450.58,107.14,41.8
2024-01-01 05:00:00,10,170.62,475.1,96.5,25.29
2024-01-01 06:00:00,10,179.24,386.09,87.87,34.4
2024-01-01 07:00:00,10,175.01,553.0,104.09,30.06
2024-01-01 08:00:00,10,155.78,413.08,126.92,40.44
2024-01-01 09:00:00,10,174.83,463.89,103.23,48.96
2024-01-01 10:00:00,10,159.66,461.79,89.37,43.23
2024-01-01 11:00:00,10,184.93,452.97,96.54,34.24
2024-01-01 12:00:00,10,168.62,425.05,83.44,31.83
2024-01-01 13:00:00,10,155.06,459.57,97.19,30.66
2024-01-01 14:00:00,10,177.04,538.06,104.81,52.96
2024-01-01 15:00:00,10,171.62,564.8,86.93,36.19
2024-01-01 16:00:00,10,157.7,435.99,54.31,36.81
2024-01-01 17:00:00,10,176.28,421.36,98.31,17.19
2024-01-01 18:00:00,10,174.6,402.48,88.45,24.87
2024-01-01 19:00:00,10,183.68,585.19,85.43,34.47
2024-01-01 20:00:00,10,176.27,451.87,85.62,30.98
2024-01-01 21:00:00,10,162.26,503.88,100.64,36.73
2024-01-01 22:00:00,10,139.74,482.64,91.12,37.24
2024-01-01 23:00:00,10,169.89,562.35,108.63,41.98
2024-01-02 00:00:00,10,173.1,434.8,109.68,22.11
2024-01-02 01:00:00,10,169.32,390.67,95.12,29.27
2024-01-02 02:00:00,10,122.04,546.39,92.71,38.41
2024-01-02 03:00:00,10,180.5,497.06,101.46,34.45
2024-01-02 04:00:00,10,156.04,474.18,98.51,37.74
2024-01-02 05:00:00,10,181.38,530.85,78.66,41.55
2024-01-02 06:00:00,10,197.4,477.56,124.74,34.51
2024-01-02 07:00:00,10,166.67,532.66,109.59,42.24
2024-01-02 08:00:00,10,177.21,463.22,94.52,44.88
2024-01-02 09:00:00,10,170.37,496.99,75.83,40.4
2024-01-02 10:00:00,10,177.48,476.74,96.98,45.26
2024-01-02 11:00:00,10,170.14,431.52,91.14,20.35
2024-01-02 12:00:00,10,159.63,437.01,96.98,32.84
2024-01-02 13:00:00,10,152.78,426.43,69.83,44.42
2024-01-02 14:00:00,10,191.17,460.11,90.32,29.01
2024-01-02 15:00:00,10,172.49,421.8,90.46,27.26
2024-01-02 16:00:00,10,178.16,467.92,92.73,34.08
2024-01-02 17:00:00,10,171.1,465.84,91.88,34.7
2024-01-02 18:00:00,10,180.03,455.46,95.39,30.27
2024-01-02 19:00:00,10,150.8,456.47,113.92,50.25
2024-01-02 20:00:00,10,166.44,415.56,88.68,37.54
2024-01-02 21:00:00,10,173.54,430.88,84.19,28.07
2024-01-02 22:00:00,10,186.5,358.95,74.58,24.2
2024-01-02 23:00:00,10,208.86,440.7,90.55,40.35
2024-01-03 00:00:00,10,174.13,396.23,80.17,29.99
2024-01-03 01:00:00,10,158.15,453.73,110.55,56.51
2024-01-03 02:00:00,10,150.5,411.91,98.03,42.82
2024-01-03 03:00:00,10,155.68,342.71,111.64,44.54
2024-01-03 04:00:00,10,158.2,568.03,118.72,42.42
2024-01-03 05:00:00,10,125.16,438.54,89.79,50.01
2024-01-03 06:00:00,10,160.15,526.35,96.38,20.71
2024-01-03 07:00:00,10,181.87,423.1,117.34,30.58
2024-01-03 08:00:00,10,171.52,539.06,102.71,48.98
2024-01-03 09:00:00,10,165.81,389.68,106.4,52.4
2024-01-03 10:00:00,10,143.81,458.44,112.19,28.91
2024-01-03 11:00:00,10,184.98,391.44,109.76,23.31
2024-01-03 12:00:00,10,175.76,583.63,102.88,39.14
2024-01-03 13:00:00,10,166.76,433.94,114.47,41.02
2024-01-03 14:00:00,10,131.71,489.52,95.38,37.47
2024-01-03 15:00:00,10,157.92,469.16,102.13,35.12
2024-01-03 16:00:00,10,171.94,443.81,92.92,19.66
2024-01-03 17:00:00,10,164.39,471.89,107.64,31.71
2024-01-03 18:00:00,10,167.75,515.76,85.95,32.85
2024-01-03 19:00:00,10,175.58,479.75,73.74,30.26
2024-01-03 20:00:00,10,167.57,453.63,103.35,19.1
2024-01-03 21:00:00,10,175.8,472.75,82.82,40.51
2024-01-03 22:00:00,10,153.02,546.3,82.2,43.48
2024-01-03 23:00:00,10,147.79,425.18,112.82,30.32
2024-01-04 00:00:00,10,175.22,350.87,109.86,36.18
2024-01-04 01:00:00,10,179.21,391.22,94.22,34.36
2024-01-04 02:00:00,10,177.37,395.83,61.05,35.17
2024-01-04 03:00:00,10,171.92,403.81,106.55,43.98
2024-01-04 04:00:00,10,165.26,406.09,108.64,44.66
2024-01-04 05:00:00,10,173.94,449.4,107.12,49.62
2024-01-04 06:00:00,10,176.68,463.67,106.64,49.55
2024-01-04 07:00:00,10,177.52,463.0,98.36,39.2
2024-01-04 08:00:00,10,211.2,412.18,95.19,64.1
2024-01-04 09:00:00,10,155.43,501.79,85.99,52.82
2024-01-04 10:00:00,10,219.81,477.16,90.49,33.74
2024-01-04 11:00:00,10,148.81,531.14,102.55,39.57
2024-01-04 12:00:00,10,173.78,491.98,101.98,21.14
2024-01-04 13:00:00,10,148.23,428.7,106.87,37.19
2024-01-04 14:00:00,10,171.04,514.45,78.6,50.23
2024-01-04 15:00:00,10,181.01,459.91,74.81,58.87
2024-01-04 16:00:00,10,165.65,486.83,90.38,34.13
2024-01-04 17:00:00,10,180.09,482.48,82.05,37.64
2024-01-04 18:00:00,10,158.1,438.24,97.07,39.8
2024-01-04 19:00:00,10,132.71,450.24,78.41,51.39
2024-01-04 20:00:00,10,174.96,438.28,109.94,26.92
2024-01-04 21:00:00,10,166.1,401.05,85.31,57.82
2024-01-04 22:00:00,10,158.72,334.18,116.21,33.59
2024-01-04 23:00:00,10,160.53,410.71,103.54,27.18
2024-01-05 00:00:00,10,174.11,458.14,84.51,35.1
2024-01-05 01:00:00,10,155.75,505.24,124.78,31.75
2024-01-05 02:00:00,10,175.12,490.83,102.57,42.74
2024-01-05 03:00:00,10,188.49,435.25,101.94,26.05
2024-01-05 04:00:00,10,202.63,414.8,99.52,41.52
2024-01-05 05:00:00,10,192.65,441.24,106.49,46.19
2024-01-05 06:00:00,10,173.27,399.79,107.33,53.13
2024-01-05 07:00:00,10,174.67,340.11,89.79,46.33
2024-01-05 08:00:00,10,164.06,369.6,97.66,52.22
2024-01-05 09:00:00,10,162.56,521.69,101.31,34.8
2024-01-05 10:00:00,10,182.91,546.28,106.55,42.53
2024-01-05 11:00:00,10,163.69,487.91,106.03,19.88
2024-01-05 12:00:00,10,173.48,444.7,99.8,36.79
2024-01-05 13:00:00,10,151.87,374.18,90.06,40.2
2024-01-05 14:00:00,10,187.72,437.82,88.69,40.23
2024-01-05 15:00:00,10,160.56,477.59,80.68,22.46
2024-01-05 16:00:00,10,182.19,488.5,102.57,31.88
2024-01-05 17:00:00,10,153.81,480.83,87.12,32.74
2024-01-05 18:00:00,10,152.88,507.94,92.33,31.15
2024-01-05 19:00:00,10,185.66,546.36,97.82,40.9
2024-01-05 20:00:00,10,155.33,423.98,95.19,33.33
2024-01-05 21:00:00,10,141.04,592.19,95.55,36.45
2024-01-05 22:00:00,10,149.94,340.7,84.89,32.15
2024-01-05 23:00:00,10,180.39,406.3,100.33,45.86
2024-01-06 00:00:00,10,179.66,458.19,93.82,47.26
2024-01-06 01:00:00,10,156.56,477.2,97.43,35.94
2024-01-06 02:00:00,10,159.34,439.75,113.76,63.07
2024-01-06 03:00:00,10,180.41,423.96,106.2,33.45
2024-01-06 04:00:00,10,190.96,565.42,93.18,48.76
2024-01-06 05:00:00,10,169.56,422.24,98.77,32.69
2024-01-06 06:00:00,10,179.43,397.48,120.8,47.2
2024-01-06 07:00:00,10,184.33,538.98,96.78,46.45
2024-01-06 08:00:00,10,204.08,494.7,100.84,31.88
2024-01-06 09:00:00,10,151.74,507.06,108.19,38.77
2024-01-06 10:00:00,10,158.76,459.47,101.94,54.85
2024-01-06 11:00:00,10,160.58,376.62,93.84,31.71
2024-01-06 12:00:00,10,180.71,452.16,88.42,41.1
2024-01-06 13:00:00,10,163.01,367.87,96.84,39.77
2024-01-06 14:00:00,10,171.13,458.9,104.49,35.88
2024-01-06 15:00:00,10,167.53,479.76,112.18,21.14
2024-01-06 16:00:00,10,165.17,501.33,76.76,42.07
2024-01-06 17:00:00,10,166.52,440.01,116.95,34.94
2024-01-06 18:00:00,10,180.88,483.83,91.12,43.97
2024-01-06 19:00:00,10,149.63,397.61,106.44,36.78
2024-01-06 20:00:00,10,162.81,495.65,85.89,35.68
2024-01-06 21:00:00,10,146.57,480.86,75.42,38.73
2024-01-06 22:00:00,10,169.79,404.42,79.77,27.98
2024-01-06 23:00:00,10,163.9,474.67,92.81,49.99
2024-01-07 00:00:00,10,184.5,504.68,104.31,34.6
2024-01-07 01:00:00,10,168.44,452.62,98.91,35.48
2024-01-07 02:00:00,10,162.28,406.26,96.1,50.04
2024-01-07 03:00:00,10,165.99,459.15,113.88,41.93
2024-01-07 04:00:00,10,197.35,479.2,100.36,38.36
2024-01-07 05:00:00,10,146.03,407.27,104.14,44.1
2024-01-07 06:00:00,10,160.9,398.09,139.75,45.97
2024-01-07 07:00:00,10,171.2,477.89,100.54,39.65
2024-01-07 08:00:00,10,160.36,493.35,91.61,48.05
2024-01-07 09:00:00,10,177.55,562.18,105.89,29.24
2024-01-07 10:00:00,10,168.35,484.02,108.44,41.43
2024-01-07 11:00:00,10,172.53,385.34,102.29,45.2
2024-01-07 12:00:00,10,169.59,554.32,99.71,42.94
2024-01-07 13:00:00,10,165.35,502.08,115.55,18.23
2024-01-07 14:00:00,10,146.0,341.46,113.26,35.18
2024-01-07 15:00:00,10,168.38,391.78,94.15,25.47
2024-01-07 16:00:00,10,137.5,419.46,87.07,45.89
2024-01-07 17:00:00,10,154.31,488.63,100.22,31.57
2024-01-07 18:00:00,10,172.41,320.41,86.6,44.56
2024-01-07 19:00:00,10,183.49,438.62,105.94,24.67
2024-01-07 20:00:00,10,201.97,485.95,100.46,38.41
2024-01-07 21:00:00,10,158.9,297.53,129.1,35.68
2024-01-07 22:00:00,10,152.68,485.26,114.71,59.35
2024-01-07 23:00:00,10,175.15,492.26,83.43,46.81
2024-01-08 00:00:00,10,197.05,403.5,91.23,47.05
2024-01-08 01:00:00,10,192.54,388.26,74.51,55.47
2024-01-08 02:00:00,10,153.01,404.18,72.43,41.61
2024-01-08 03:00:00,10,167.66,310.24,101.29,39.03
2024-01-08 04:00:00,10,183.67,433.29,85.38,38.55
2024-01-08 05:00:00,10,185.05,462.11,121.22,43.38
2024-01-08 06:00:00,10,180.02,387.03,115.26,17.58
2024-01-08 07:00:00,10,163.6,501.43,97.23,40.66
2024-01-08 08:00:00,10,179.47,455.7,96.22,42.23
2024-01-08 09:00:00,10,184.43,463.45,118.49,38.56
2024-01-08 10:00:00,10,154.63,428.23,120.74,26.44
2024-01-08 11:00:00,10,189.37,487.34,86.82,37.26
2024-01-08 12:00:00,10,183.29,515.17,84.43,24.92
2024-01-08 13:00:00,10,155.33,425.67,93.19,51.79
2024-01-08 14:00:00,10,180.74,486.0,101.65,34.09
2024-01-08 15:00:00,10,178.36,485.96,89.18,18.37
2024-01-08 16:00:00,10,178.48,466.97,100.81,33.41
2024-01-08 17:00:00,10,189.54,532.47,119.3,42.33
2024-01-08 18:00:00,10,164.57,406.78,77.11,36.21
2024-01-08 19:00:00,10,170.04,422.81,89.25,27.2
2024-01-08 20:00:00,10,123.78,404.54,77.75,29.47
2024-01-08 21:00:00,10,183.11,483.5,85.13,33.22
2024-01-08 22:00:00,10,182.22,432.0,92.54,32.56
2024-01-08 23:00:00,10,188.22,410.61,87.84,26.43
2024-01-09 00:00:00,10,153.06,534.64,104.26,37.17
2024-01-09 01:00:00,10,183.59,543.06,100.41,27.36
2024-01-09 02:00:00,10,185.21,432.06,102.99,47.17
2024-01-09 03:00:00,10,159.66,378.41,96.01,48.81
2024-01-09 04:00:00,10,186.89,547.71,97.65,31.95
2024-01-09 05:00:00,10,177.89,475.23,96.24,34.64
2024-01-09 06:00:00,10,144.12,472.72,97.62,37.2
2024-01-09 07:00:00,10,179.8,456.12,105.89,40.37
2024-01-09 08:00:00,10,158.31,408.52,76.22,42.48
2024-01-09 09:00:00,10,143.59,428.27,103.47,43.73
2024-01-09 10:00:00,10,174.98,484.65,88.34,42.91
2024-01-09 11:00:00,10,167.49,425.13,94.27,51.51
2024-01-09 12:00:00,10,189.74,470.36,78.16,38.24
2024-01-09 13:00:00,10,169.81,447.66,92.46,26.07
2024-01-09 14:00:00,10,178.44,391.02,99.72,22.79
2024-01-09 15:00:00,10,173.59,530.32,101.35,49.29
2024-01-09 16:00:00,10,181.14,476.18,80.26,39.4
2024-01-09 17:00:00,10,150.95,462.12,99.97,36.57
2024-01-09 18:00:00,10,167.85,473.74,109.03,38.49
2024-01-09 19:00:00,10,162.63,351.16,88.65,36.18
2024-01-09 20:00:00,10,175.39,419.37,95.15,38.76
2024-01-09 21:00:00,10,169.63,365.82,69.68,32.5
2024-01-09 22:00:00,10,156.61,452.75,84.99,45.06
2024-01-09 23:00:00,10,161.66,463.99,100.35,32.57
2024-01-10 00:00:00,10,193.58,455.12,109.72,30.19
2024-01-10 01:00:00,10,141.96,510.1,91.0,24.38
2024-01-10 02:00:00,10,180.36,371.0,132.71,37.25
2024-01-10 03:00:00,10,189.32,408.1,103.8,50.46
2024-01-10 04:00:00,10,179.41,471.99,84.37,36.51
2024-01-10 05:00:00,10,201.53,464.43,116.78,29.11
2024-01-10 06:00:00,10,185.45,382.01,85.03,43.12
2024-01-10 07:00:00,10,176.66,513.15,104.75,35.19
2024-01-10 08:00:00,10,163.02,530.97,88.68,53.28
2024-01-10 09:00:00,10,176.17,472.1,82.84,48.84
2024-01-10 10:00:00,10,179.92,370.39,111.3,28.61
2024-01-10 11:00:00,10,168.57,456.86,95.26,37.06
2024-01-10 12:00:00,10,156.09,465.52,119.38,31.42
2024-01-10 13:00:00,10,148.09,432.76,84.2,27.26
2024-01-10 14:00:00,10,169.14,516.63,76.68,35.77
2024-01-10 15:00:00,10,142.41,439.56,89.6,42.46
2024-01-10 16:00:00,10,157.75,555.1,131.39,34.46
2024-01-10 17:00:00,10,126.72,485.76,105.3,30.53
2024-01-10 18:00:00,10,177.8,459.16,101.68,16.29
2024-01-10 19:00:00,10,182.93,492.93,102.2,29.27
2024-01-10 20:00:00,10,166.38,525.13,89.06,39.75
2024-01-10 21:00:00,10,194.33,492.59,129.84,24.4
2024-01-10 22:00:00,10,187.36,442.28,101.98,46.96
2024-01-10 23:00:00,10,174.48,412.48,101.53,32.08
2024-01-11 00:00:00,10,165.96,389.11,110.09,39.36
2024-01-11 01:00:00,10,163.04,320.99,82.55,35.18
2024-01-11 02:00:00,10,178.06,458.34,88.21,29.4
2024-01-11 03:00:00,10,167.65,429.6,96.78,43.54
2024-01-11 04:00:00,10,178.93,432.88,112.77,35.34
2024-01-11 05:00:00,10,180.39,504.39,84.36,33.67
2024-01-11 06:00:00,10,167.14,444.88,99.89,20.87
2024-01-11 07:00:00,10,187.81,549.66,98.02,51.53
2024-01-11 08:00:00,10,166.75,420.39,80.59,40.39
2024-01-11 09:00:00,10,170.19,399.13,93.48,49.11
2024-01-11 10:00:00,10,153.92,383.53,106.04,44.42
2024-01-11 11:00:00,10,164.27,486.28,79.91,47.76
2024-01-11 12:00:00,10,201.57,507.9,115.44,33.02
2024-01-11 13:00:00,10,152.85,415.9,102.83,25.49
2024-01-11 14:00:00,10,173.1,390.65,100.58,42.61
2024-01-11 15:00:00,10,158.49,525.57,95.72,36.71
2024-01-11 16:00:00,10,130.44,369.36,81.44,31.24
2024-01-11 17:00:00,10,173.6,497.62,86.69,41.05
2024-01-11 18:00:00,10,156.02,414.9,99.28,37.31
2024-01-11 19:00:00,10,169.84,465.59,86.67,40.18
2024-01-11 20:00:00,10,180.65,501.41,97.51,26.59
2024-01-11 21:00:00,10,169.29,470.5,84.34,43.79
2024-01-11 22:00:00,10,171.38,430.81,101.9,36.2
2024-01-11 23:00:00,10,153.36,519.91,103.56,46.03
2024-01-12 00:00:00,10,178.82,462.84,77.33,45.83
2024-01-12 01:00:00,10,165.54,640.93,99.36,44.25
2024-01-12 02:00:00,10,137.91,360.14,80.16,38.31
2024-01-12 03:00:00,10,182.83,359.99,76.52,45.79
2024-01-12 04:00:00,10,188.1,502.29,92.89,49.62
2024-01-12 05:00:00,10,193.85,448.98,135.71,45.71
2024-01-12 06:00:00,10,204.77,492.15,110.46,42.43
2024-01-12 07:00:00,10,182.76,393.25,118.09,46.59
2024-01-12 08:00:00,10,178.39,453.16,107.97,35.94
2024-01-12 09:00:00,10,186.97,473.75,102.44,52.52
2024-01-12 10:00:00,10,155.33,420.83,110.47,25.18
2024-01-12 11:00:00,10,142.31,460.63,90.49,38.8
2024-01-12 12:00:00,10,160.26,376.6,103.64,34.34
2024-01-12 13:00:00,10,186.98,467.59,111.72,31.6
2024-01-12 14:00:00,10,155.88,521.76,105.01,38.79
2024-01-12 15:00:00,10,172.92,380.95,111.2,26.21
2024-01-12 16:00:00,10,174.13,377.32,97.43,53.13
2024-01-12 17:00:00,10,168.67,507.01,116.06,23.54
2024-01-12 18:00:00,10,144.71,376.0,92.13,26.79
2024-01-12 19:00:00,10,170.21,488.76,121.4,26.1
2024-01-12 20:00:00,10,158.53,448.03,102.33,36.8
2024-01-12 21:00:00,10,192.31,423.79,90.8,44.1
2024-01-12 22:00:00,10,184.06,522.86,81.45,40.64
2024-01-12 23:00:00,10,160.91,495.46,86.83,49.27
2024-01-13 00:00:00,10,195.42,462.35,85.71,30.82
2024-01-13 01:00:00,10,173.9,336.04,97.4,44.02
2024-01-13 02:00:00,10,143.04,486.45,83.26,36.7
2024-01-13 03:00:00,10,168.63,393.91,116.07,41.77
2024-01-13 04:00:00,10,195.97,438.77,101.72,49.6
2024-01-13 05:00:00,10,157.79,451.02,101.52,26.49
2024-01-13 06:00:00,10,169.67,549.87,86.12,57.38
2024-01-13 07:00:00,10,149.32,437.4,90.99,39.42
2024-01-13 08:00:00,10,151.51,376.0,72.49,26.9
2024-01-13 09:00:00,10,156.78,526.65,120.15,34.07
2024-01-13 10:00:00,10,150.0,487.16,81.46,40.09
2024-01-13 11:00:00,10,158.82,488.38,81.69,32.72
2024-01-13 12:00:00,10,194.99,525.51,115.46,20.62
2024-01-13 13:00:00,10,166.4,537.0,101.82,37.77
2024-01-13 14:00:00,10,178.55,399.65,97.75,30.2
2024-01-13 15:00:00,10,182.73,372.94,99.88,41.06
2024-01-13 16:00:00,10,147.77,489.16,107.1,26.21
2024-01-13 17:00:00,10,151.81,431.13,96.09,53.75
2024-01-13 18:00:00,10,176.74,435.76,75.38,39.03
2024-01-13 19:00:00,10,154.9,386.23,104.03,36.49
2024-01-13 20:00:00,10,176.11,475.65,100.44,40.35
2024-01-13 21:00:00,10,191.91,466.63,110.31,20.39
2024-01-13 22:00:00,10,143.43,438.11,80.57,32.08
2024-01-13 23:00:00,10,161.37,374.42,87.82,51.87
2024-01-14 00:00:00,10,164.63,510.92,102.66,35.06
2024-01-14 01:00:00,10,160.26,461.88,86.67,37.99
2024-01-14 02:00:00,10,159.71,507.65,69.73,35.34
2024-01-14 03:00:00,10,162.15,339.98,102.33,52.1
2024-01-14 04:00:00,10,170.1,453.31,111.56,38.29
2024-01-14 05:00:00,10,173.22,413.18,99.02,30.17
2024-01-14 06:00:00,10,185.68,452.63,107.61,62.3
2024-01-14 07:00:00,10,170.24,499.92,105.69,29.14
2024-01-14 08:00:00,10,187.86,469.67,100.47,39.52
2024-01-14 09:00:00,10,160.58,450.81,101.56,32.82
2024-01-14 10:00:00,10,150.41,449.91,116.16,33.37
2024-01-14 11:00:00,10,163.74,367.02,86.42,29.65
2024-01-14 12:00:00,10,174.99,400.37,107.43,33.22
2024-01-14 13:00:00,10,180.45,505.55,82.15,45.19
2024-01-14 14:00:00,10,189.13,419.82,86.27,20.34
2024-01-14 15:00:00,10,170.17,505.2,110.61,46.16
2024-01-14 16:00:00,10,176.94,488.32,79.97,44.24
2024-01-14 17:00:00,10,186.3,490.78,91.81,39.1
2024-01-14 18:00:00,10,152.52,462.13,124.35,35.79
2024-01-14 19:00:00,10,161.55,422.06,107.7,37.15
2024-01-14 20:00:00,10,208.57,437.24,85.9,47.04
2024-01-14 21:00:00,10,179.04,479.08,88.52,21.02
2024-01-14 22:00:00,10,174.24,335.17,94.1,42.32
2024-01-14 23:00:00,10,180.97,511.95,113.41,30.72
2024-01-15 00:00:00,10,146.8,421.61,85.18,44.64
2024-01-15 01:00:00,10,158.38,444.01,85.2,33.39
2024-01-15 02:00:00,10,153.37,445.18,108.18,45.15
2024-01-15 03:00:00,10,176.42,447.78,78.78,26.91
2024-01-15 04:00:00,10,164.55,381.7,88.91,26.19
2024-01-15 05:00:00,10,172.13,458.56,99.57,39.69
2024-01-15 06:00:00,10,165.86,481.79,100.31,52.74
2024-01-15 07:00:00,10,145.14,343.81,83.52,45.12
2024-01-15 08:00:00,10,184.21,382.37,104.77,44.76
2024-01-15 09:00:00,10,142.24,496.67,106.8,47.05
2024-01-15 10:00:00,10,157.83,486.33,90.93,35.92
2024-01-15 11:00:00,10,147.89,464.12,119.34,43.62
2024-01-15 12:00:00,10,153.95,412.1,102.0,32.89
2024-01-15 13:00:00,10,170.13,484.35,84.36,34.34
2024-01-15 14:00:00,10,185.6,383.39,116.56,34.65
2024-01-15 15:00:00,10,141.15,438.44,89.05,31.06
2024-01-15 16:00:00,10,156.41,376.88,97.38,34.59
2024-01-15 17:00:00,10,137.42,436.38,88.74,32.71
2024-01-15 18:00:00,10,155.25,390.9,102.57,28.82
2024-01-15 19:00:00,10,165.97,484.33,88.8,33.67
2024-01-15 20:00:00,10,177.16,467.77,89.86,36.44
2024-01-15 21:00:00,10,132.41,415.8,93.61,26.42
2024-01-15 22:00:00,10,174.87,503.21,89.94,39.73
2024-01-15 23:00:00,10,151.72,396.99,110.4,32.83
2024-01-16 00:00:00,10,148.67,445.89,81.97,39.4
2024-01-16 01:00:00,10,169.57,416.39,98.05,32.95
2024-01-16 02:00:00,10,179.07,488.03,100.36,48.02
2024-01-16 03:00:00,10,168.28,483.48,98.3,47.85
2024-01-16 04:00:00,10,153.2,518.36,112.48,31.56
2024-01-16 05:00:00,10,169.05,454.97,81.78,45.03
2024-01-16 06:00:00,10,159.37,296.1,107.86,52.83
2024-01-16 07:00:00,10,180.1,428.12,85.02,32.71
2024-01-16 08:00:00,10,187.19,532.12,93.96,33.07
2024-01-16 09:00:00,10,185.71,432.88,82.96,46.0
2024-01-16 10:00:00,10,168.93,349.05,95.07,28.31
2024-01-16 11:00:00,10,186.11,471.99,91.26,32.01
2024-01-16 12:00:00,10,151.73,475.12,118.28,29.26
2024-01-16 13:00:00,10,194.91,408.97,99.99,43.21
2024-01-16 14:00:00,10,150.15,433.35,101.75,30.45
2024-01-16 15:00:00,10,133.79,401.35,81.73,33.24
2024-01-16 16:00:00,10,186.54,472.44,104.42,28.88
2024-01-16 17:00:00,10,153.71,447.8,115.38,44.44
2024-01-16 18:00:00,10,166.57,383.83,105.65,27.55
2024-01-16 19:00:00,10,148.68,444.34,78.39,23.07
2024-01-16 20:00:00,10,202.19,406.84,89.32,23.04
2024-01-16 21:00:00,10,194.17,521.96,96.98,41.42
2024-01-16 22:00:00,10,190.48,492.93,89.0,42.64
2024-01-16 23:00:00,10,168.35,440.57,128.73,47.4
2024-01-17 00:00:00,10,183.11,451.97,91.69,27.2
2024-01-17 01:00:00,10,167.68,501.48,97.97,36.58
2024-01-17 02:00:00,10,186.83,440.17,91.71,59.53
2024-01-17 03:00:00,10,163.42,489.49,102.76,37.33
2024-01-17 04:00:00,10,195.18,527.53,117.67,35.63
2024-01-17 05:00:00,10,163.41,424.99,102.08,40.46
2024-01-17 06:00:00,10,165.29,536.75,97.99,45.17
2024-01-17 07:00:00,10,163.32,521.44,87.17,44.93
2024-01-17 08:00:00,10,173.35,463.32,115.5,35.2
2024-01-17 09:00:00,10,163.77,426.67,98.06,34.97
2024-01-17 10:00:00,10,176.88,461.58,96.9,36.76
2024-01-17 11:00:00,10,160.98,435.74,69.18,32.41
2024-01-17 12:00:00,10,180.13,406.32,96.14,27.42
2024-01-17 13:00:00,10,190.76,474.77,91.93,52.08
2024-01-17 14:00:00,10,167.45,392.76,73.34,32.84
2024-01-17 15:00:00,10,200.39,427.93,108.03,32.69
2024-01-17 16:00:00,10,182.81,428.14,88.43,32.47
2024-01-17 17:00:00,10,198.36,373.51,118.61,34.17
2024-01-17 18:00:00,10,163.78,479.14,112.48,38.37
2024-01-17 19:00:00,10,138.8,432.91,85.81,30.95
2024-01-17 20:00:00,10,154.07,513.0,112.31,44.67
2024-01-17 21:00:00,10,156.15,432.83,115.81,40.61
2024-01-17 22:00:00,10,151.3,424.99,89.23,34.64
2024-01-17 23:00:00,10,132.54,399.69,84.01,31.39
2024-01-18 00:00:00,10,183.8,449.78,70.71,46.81
2024-01-18 01:00:00,10,139.36,450.85,103.29,37.16
2024-01-18 02:00:00,10,183.8,488.0,87.03,28.85
2024-01-18 03:00:00,10,204.12,453.36,105.01,48.4
2024-01-18 04:00:00,10,158.14,559.74,93.22,34.26
2024-01-18 05:00:00,10,176.71,474.47,90.86,47.9
2024-01-18 06:00:00,10,164.49,399.18,93.7,19.72
2024-01-18 07:00:00,10,183.6,394.65,84.34,37.55
2024-01-18 08:00:00,10,151.61,478.28,93.29,50.03
2024-01-18 09:00:00,10,167.79,396.65,90.62,39.9
2024-01-18 10:00:00,10,186.81,480.32,99.06,44.24
2024-01-18 11:00:00,10,167.75,495.31,99.82,30.97
2024-01-18 12:00:00,10,142.21,495.79,84.31,40.65
2024-01-18 13:00:00,10,186.42,401.55,110.77,36.99
2024-01-18 14:00:00,10,145.92,494.39,94.24,38.27
2024-01-18 15:00:00,10,166.85,462.47,114.46,52.67
2024-01-18 16:00:00,10,174.27,413.38,98.16,46.05
2024-01-18 17:00:00,10,166.72,436.51,95.71,41.46
2024-01-18 18:00:00,10,204.51,469.36,88.58,41.46
2024-01-18 19:00:00,10,176.34,409.68,102.55,27.24
2024-01-18 20:00:00,10,161.97,460.91,95.56,31.2
2024-01-18 21:00:00,10,175.06,521.15,106.38,22.8
2024-01-18 22:00:00,10,169.53,496.61,116.36,25.62
2024-01-18 23:00:00,10,167.66,451.25,87.85,29.55
2024-01-19 00:00:00,10,171.56,459.97,105.43,37.49
2024-01-19 01:00:00,10,161.71,420.4,105.85,28.27
2024-01-19 02:00:00,10,172.58,422.6,104.98,38.91
2024-01-19 03:00:00,10,161.94,369.54,94.43,38.57
2024-01-19 04:00:00,10,140.61,463.46,95.16,30.85
2024-01-19 05:00:00,10,188.51,486.3,93.31,53.39
2024-01-19 06:00:00,10,161.87,447.04,93.17,29.67
2024-01-19 07:00:00,10,172.85,404.8,90.1,49.98
2024-01-19 08:00:00,10,158.42,453.79,99.03,21.49
2024-01-19 09:00:00,10,158.41,519.97,90.36,38.67
2024-01-19 10:00:00,10,152.95,496.16,104.7,29.23
2024-01-19 11:00:00,10,183.38,446.97,99.23,33.04
2024-01-19 12:00:00,10,186.39,554.72,99.86,52.87
2024-01-19 13:00:00,10,167.37,587.97,93.53,34.06
2024-01-19 14:00:00,10,157.83,421.15,97.1,27.0
2024-01-19 15:00:00,10,139.08,432.77,92.52,39.69
2024-01-19 16:00:00,10,177.61,481.37,104.92,32.17
2024-01-19 17:00:00,10,154.24,397.14,89.29,36.1
2024-01-19 18:00:00,10,147.23,489.11,99.45,27.09
2024-01-19 19:00:00,10,165.3,450.14,78.46,27.61
2024-01-19 20:00:00,10,159.9,464.56,104.07,28.56
2024-01-19 21:00:00,10,141.82,415.55,88.6,42.29
2024-01-19 22:00:00,10,144.6,405.08,84.8,34.34
2024-01-19 23:00:00,10,172.24,343.22,82.68,28.2
2024-01-20 00:00:00,10,157.46,525.32,82.47,39.09
2024-01-20 01:00:00,10,176.51,497.71,92.48,39.18
2024-01-20 02:00:00,10,171.54,484.42,118.03,44.03
2024-01-20 03:00:00,10,186.28,468.06,91.79,35.83
2024-01-20 04:00:00,10,157.29,329.94,72.63,39.69
2024-01-20 05:00:00,10,174.28,411.39,105.22,44.16
2024-01-20 06:00:00,10,180.74,437.36,86.77,32.3
2024-01-20 07:00:00,10,160.82,394.14,110.85,48.04
2024-01-20 08:00:00,10,188.01,361.85,95.06,40.47
2024-01-20 09:00:00,10,143.74,398.79,96.42,30.66
2024-01-20 10:00:00,10,156.18,451.81,114.25,29.97
2024-01-20 11:00:00,10,141.81,451.1,106.26,37.68
2024-01-20 12:00:00,10,156.2,495.16,82.11,33.14
2024-01-20 13:00:00,10,164.54,554.76,83.18,43.27
2024-01-20 14:00:00,10,179.27,482.07,73.87,33.84
2024-01-20 15:00:00,10,163.18,436.44,128.26,38.15
2024-01-20 16:00:00,10,155.81,539.21,84.32,28.05
2024-01-20 17:00:00,10,140.56,362.18,109.51,34.65
2024-01-20 18:00:00,10,145.71,336.12,88.06,45.74
2024-01-20 19:00:00,10,169.7,398.51,81.3,33.6
2024-01-20 20:00:00,10,178.96,487.58,95.41,30.52
2024-01-20 21:00:00,10,159.05,454.42,91.52,28.4
2024-01-20 22:00:00,10,185.22,387.28,106.29,36.08
2024-01-20 23:00:00,10,152.07,408.97,107.17,48.74
2024-01-21 00:00:00,10,161.62,382.87,90.34,26.34
2024-01-21 01:00:00,10,163.72,383.65,80.46,38.1
2024-01-21 02:00:00,10,193.21,530.28,84.23,24.91
2024-01-21 03:00:00,10,171.95,442.37,71.24,36.43
2024-01-21 04:00:00,10,142.15,542.8,96.89,42.53
2024-01-21 05:00:00,10,185.55,404.13,100.49,27.42
2024-01-21 06:00:00,10,199.67,476.4,86.41,37.02
2024-01-21 07:00:00,10,166.72,462.5,84.79,43.06
2024-01-21 08:00:00,10,156.27,496.3,100.13,41.43
2024-01-21 09:00:00,10,183.41,463.16,91.93,42.69
2024-01-21 10:00:00,10,200.03,500.71,96.57,31.09
2024-01-21 11:00:00,10,181.82,477.47,93.91,40.94
2024-01-21 12:00:00,10,142.3,390.72,100.86,32.72
2024-01-21 13:00:00,10,178.79,485.25,89.87,42.93
2024-01-21 14:00:00,10,172.57,440.85,90.11,16.92
2024-01-21 15:00:00,10,150.65,405.03,72.02,33.2
2024-01-21 16:00:00,10,185.34,481.4,94.51,35.97
2024-01-21 17:00:00,10,171.71,492.99,95.95,46.12
2024-01-21 18:00:00,10,185.35,419.47,92.51,35.46
2024-01-21 19:00:00,10,148.2,426.52,118.81,36.41
2024-01-21 20:00:00,10,171.39,372.66,97.18,38.28
2024-01-21 21:00:00,10,151.59,351.32,93.65,46.09
2024-01-21 22:00:00,10,170.12,433.58,102.5,33.05
2024-01-21 23:00:00,10,190.12,488.35,123.46,25.23
2024-01-22 00:00:00,10,145.38,417.79,100.91,24.41
2024-01-22 01:00:00,10,147.06,523.12,70.63,44.07
2024-01-22 02:00:00,10,184.22,438.52,104.66,41.1
2024-01-22 03:00:00,10,169.64,439.36,88.83,37.72
2024-01-22 04:00:00,10,188.7,435.23,76.23,35.44
2024-01-22 05:00:00,10,157.98,501.92,121.92,42.15
2024-01-22 06:00:00,10,171.54,400.64,119.32,42.49
2024-01-22 07:00:00,10,181.42,443.9,89.29,44.65
2024-01-22 08:00:00,10,173.63,421.74,89.07,31.07
2024-01-22 09:00:00,10,141.82,420.52,101.87,25.11
2024-01-22 10:00:00,10,213.48,451.08,88.14,31.6
2024-01-22 11:00:00,10,171.84,442.59,96.82,27.22
2024-01-22 12:00:00,10,146.73,502.69,88.79,26.01
2024-01-22 13:00:00,10,171.89,446.4,91.94,50.08
2024-01-22 14:00:00,10,172.97,475.24,78.63,17.29
2024-01-22 15:00:00,10,181.2,454.64,105.99,39.54
2024-01-22 16:00:00,10,179.67,518.49,110.24,42.72
2024-01-22 17:00:00,10,161.49,429.04,93.58,43.1
2024-01-22 18:00:00,10,137.74,429.09,94.28,37.06
2024-01-22 19:00:00,10,172.07,483.77,102.73,45.87
2024-01-22 20:00:00,10,139.4,428.63,95.16,50.05
2024-01-22 21:00:00,10,184.67,471.66,117.31,33.09
2024-01-22 22:00:00,10,154.75,568.39,79.73,39.98
2024-01-22 23:00:00,10,176.91,395.81,107.76,47.63
2024-01-23 00:00:00,10,157.45,527.77,96.31,30.53
2024-01-23 01:00:00,10,160.8,422.8,84.45,36.47
2024-01-23 02:00:00,10,156.68,519.13,127.42,34.01
2024-01-23 03:00:00,10,181.08,485.71,129.77,43.71
2024-01-23 04:00:00,10,160.6,481.7,97.73,24.47
2024-01-23 05:00:00,10,182.68,442.75,106.21,52.65
2024-01-23 06:00:00,10,161.41,437.65,94.83,45.2
2024-01-23 07:00:00,10,167.01,412.91,96.74,45.57
2024-01-23 08:00:00,10,170.89,450.66,86.13,20.58
2024-01-23 09:00:00,10,172.27,440.25,83.81,31.16
2024-01-23 10:00:00,10,154.75,459.22,122.36,51.7
2024-01-23 11:00:00,10,179.55,374.81,98.03,37.03
2024-01-23 12:00:00,10,163.49,448.92,98.37,23.33
2024-01-23 13:00:00,10,175.49,512.94,86.8,38.81
2024-01-23 14:00:00,10,165.98,495.56,98.62,41.92
2024-01-23 15:00:00,10,174.81,446.82,76.76,40.06
2024-01-23 16:00:00,10,158.69,579.03,85.44,33.88
2024-01-23 17:00:00,10,152.46,414.67,79.8,44.33
2024-01-23 18:00:00,10,171.43,440.21,110.95,28.87
2024-01-23 19:00:00,10,157.1,369.05,74.13,39.36
2024-01-23 20:00:00,10,188.01,424.05,80.35,36.27
2024-01-23 21:00:00,10,166.68,539.03,69.94,34.5
2024-01-23 22:00:00,10,144.71,427.14,85.08,33.07
2024-01-23 23:00:00,10,157.78,367.13,91.2,34.09
2024-01-24 00:00:00,10,152.07,493.3,110.0,38.01
2024-01-24 01:00:00,10,185.33,468.85,95.73,36.07
2024-01-24 02:00:00,10,181.36,492.64,94.09,45.37
2024-01-24 03:00:00,10,168.9,434.34,103.62,35.38
2024-01-24 04:00:00,10,174.88,397.71,94.78,53.45
2024-01-24 05:00:00,10,169.26,441.04,130.86,35.78
2024-01-24 06:00:00,10,184.23,479.73,93.33,48.43
2024-01-24 07:00:00,10,178.78,446.86,105.82,48.69
2024-01-24 08:00:00,10,181.31,470.61,110.7,41.72
2024-01-24 09:00:00,10,166.85,421.81,92.09,40.5
2024-01-24 10:00:00,10,159.34,471.45,101.31,33.14
2024-01-24 11:00:00,10,178.94,448.36,92.23,34.19
2024-01-24 12:00:00,10,192.06,410.86,101.17,39.58
2024-01-24 13:00:00,10,184.3,454.27,98.23,36.58
2024-01-24 14:00:00,10,191.03,426.03,94.48,46.13
2024-01-24 15:00:00,10,168.16,477.86,81.13,31.82
2024-01-24 16:00:00,10,149.94,490.76,118.51,31.85
2024-01-24 17:00:00,10,151.03,471.05,102.19,20.92
2024-01-24 18:00:00,10,186.36,359.31,74.82,40.12
2024-01-24 19:00:00,10,135.65,394.43,89.57,39.47
2024-01-24 20:00:00,10,188.73,411.88,75.46,43.31
2024-01-24 21:00:00,10,153.27,404.01,105.17,44.26
2024-01-24 22:00:00,10,196.39,417.87,95.97,42.83
2024-01-24 23:00:00,10,165.86,495.31,97.01,43.91
2024-01-25 00:00:00,10,179.06,484.24,87.17,42.84
2024-01-25 01:00:00,10,205.9,426.37,94.56,44.9
2024-01-25 02:00:00,10,164.06,480.16,109.11,23.84
2024-01-25 03:00:00,10,164.42,467.04,113.1,30.67
2024-01-25 04:00:00,10,159.44,448.62,110.95,29.78
2024-01-25 05:00:00,10,154.93,510.63,81.17,51.25
2024-01-25 06:00:00,10,165.57,416.19,98.4,34.19
2024-01-25 07:00:00,10,161.94,453.39,103.81,35.43
2024-01-25 08:00:00,10,150.74,395.43,91.12,40.39
2024-01-25 09:00:00,10,166.56,397.46,79.06,29.46
2024-01-25 10:00:00,10,176.29,378.14,83.1,42.42
2024-01-25 11:00:00,10,154.47,397.0,117.32,20.7
2024-01-25 12:00:00,10,165.19,452.08,82.8,27.89
2024-01-25 13:00:00,10,189.01,431.16,97.56,38.62
2024-01-25 14:00:00,10,143.99,432.14,94.28,25.86
2024-01-25 15:00:00,10,195.9,429.99,93.69,46.48
2024-01-25 16:00:00,10,154.57,537.77,91.13,35.53
2024-01-25 17:00:00,10,167.99,385.42,104.74,44.3
2024-01-25 18:00:00,10,184.79,379.73,95.18,37.73
2024-01-25 19:00:00,10,189.68,400.67,86.99,34.74
2024-01-25 20:00:00,10,172.5,441.38,95.78,26.81
2024-01-25 21:00:00,10,154.73,472.51,79.6,43.38
2024-01-25 22:00:00,10,153.97,478.56,102.21,39.93
2024-01-25 23:00:00,10,157.95,496.32,88.42,54.39
2024-01-26 00:00:00,10,197.35,442.08,89.92,44.66
2024-01-26 01:00:00,10,162.51,427.81,104.95,35.19
2024-01-26 02:00:00,10,174.31,534.59,94.13,41.66
2024-01-26 03:00:00,10,153.5,304.38,95.46,43.39
2024-01-26 04:00:00,10,152.21,453.62,114.98,50.06
2024-01-26 05:00:00,10,171.05,473.1,88.43,51.69
2024-01-26 06:00:00,10,165.65,548.64,106.99,39.38
2024-01-26 07:00:00,10,166.69,363.87,112.54,30.47
2024-01-26 08:00:00,10,147.15,428.38,114.97,24.84
2024-01-26 09:00:00,10,168.71,378.92,127.15,30.33
2024-01-26 10:00:00,10,193.52,355.28,91.19,34.29
2024-01-26 11:00:00,10,155.14,437.83,87.63,51.09
2024-01-26 12:00:00,10,181.81,491.27,107.99,50.44
2024-01-26 13:00:00,10,112.66,509.97,108.75,44.99
2024-01-26 14:00:00,10,153.66,418.45,86.32,46.52
2024-01-26 15:00:00,10,135.67,480.44,101.7,29.7
2024-01-26 16:00:00,10,184.52,434.81,129.3,22.47
2024-01-26 17:00:00,10,178.62,473.92,96.15,26.43
2024-01-26 18:00:00,10,148.53,505.06,106.32,17.73
2024-01-26 19:00:00,10,169.37,434.69,114.61,25.53
2024-01-26 20:00:00,10,183.98,501.41,126.54,30.91
2024-01-26 21:00:00,10,186.89,382.24,98.7,37.01
2024-01-26 22:00:00,10,159.88,480.54,111.95,37.37
2024-01-26 23:00:00,10,132.34,500.97,87.07,31.2
2024-01-27 00:00:00,10,153.65,496.34,98.05,42.49
2024-01-27 01:00:00,10,180.52,386.6,92.92,32.91
2024-01-27 02:00:00,10,202.14,438.48,75.6,39.32
2024-01-27 03:00:00,10,169.01,465.65,79.76,30.58
2024-01-27 04:00:00,10,160.82,473.49,105.73,49.44
2024-01-27 05:00:00,10,208.25,456.69,106.28,40.81
2024-01-27 06:00:00,10,177.1,525.41,87.68,46.41
2024-01-27 07:00:00,10,151.39,382.94,120.17,30.47
2024-01-27 08:00:00,10,168.47,437.78,86.42,41.79
2024-01-27 09:00:00,10,185.53,361.67,103.09,44.64
2024-01-27 10:00:00,10,168.14,481.7,94.03,22.15
2024-01-27 11:00:00,10,180.97,477.49,99.86,48.28
2024-01-27 12:00:00,10,142.58,622.7,109.01,27.29
2024-01-27 13:00:00,10,144.48,500.59,106.46,38.72
2024-01-27 14:00:00,10,154.72,463.55,105.11,51.18
2024-01-27 15:00:00,10,161.19,458.94,102.89,43.6
2024-01-27 16:00:00,10,170.37,428.6,79.18,22.68
2024-01-27 17:00:00,10,174.82,451.66,109.07,33.35
2024-01-27 18:00:00,10,203.39,459.17,81.44,45.05
2024-01-27 19:00:00,10,153.26,342.18,93.51,28.01
2024-01-27 20:00:00,10,160.22,455.43,90.73,32.13
2024-01-27 21:00:00,10,154.48,450.89,100.01,32.37
2024-01-27 22:00:00,10,183.16,537.89,90.16,41.0
2024-01-27 23:00:00,10,184.74,440.08,94.97,24.11
2024-01-28 00:00:00,10,160.72,407.74,118.04,42.97
2024-01-28 01:00:00,10,200.9,462.55,82.27,33.31
2024-01-28 02:00:00,10,158.13,453.12,99.21,39.14
2024-01-28 03:00:00,10,186.0,443.04,85.89,37.98
2024-01-28 04:00:00,10,193.14,383.51,108.79,45.35
2024-01-28 05:00:00,10,149.29,442.48,91.52,40.46
2024-01-28 06:00:00,10,179.79,420.48,101.22,52.78
2024-01-28 07:00:00,10,127.92,439.32,84.02,48.91
2024-01-28 08:00:00,10,183.26,488.59,116.53,33.69
2024-01-28 09:00:00,10,152.59,414.62,100.77,51.27
2024-01-28 10:00:00,10,178.13,437.68,100.97,41.91
2024-01-28 11:00:00,10,180.35,476.79,108.91,39.93
2024-01-28 12:00:00,10,185.3,433.66,82.05,44.83
2024-01-28 13:00:00,10,180.92,583.29,89.25,28.26
2024-01-28 14:00:00,10,167.11,459.24,98.37,24.71
2024-01-28 15:00:00,10,159.65,380.73,73.52,35.83
2024-01-28 16:00:00,10,163.97,401.29,74.39,30.07
2024-01-28 17:00:00,10,147.35,395.73,84.54,52.18
2024-01-28 18:00:00,10,161.42,401.63,80.43,28.35
2024-01-28 19:00:00,10,160.28,472.9,90.53,35.18
2024-01-28 20:00:00,10,152.78,387.33,101.69,36.74
2024-01-28 21:00:00,10,138.32,428.31,105.02,45.91
2024-01-28 22:00:00,10,146.22,505.95,118.93,27.92
2024-01-28 23:00:00,10,117.58,419.8,96.68,23.48
2024-01-29 00:00:00,10,162.91,482.82,99.67,49.4
2024-01-29 01:00:00,10,174.17,360.58,98.2,39.19
2024-01-29 02:00:00,10,127.19,429.87,103.25,46.01
2024-01-29 03:00:00,10,173.57,403.57,104.86,47.02
2024-01-29 04:00:00,10,168.42,466.0,111.9,48.95
2024-01-29 05:00:00,10,152.19,396.57,112.15,37.48
2024-01-29 06:00:00,10,163.98,558.88,107.25,35.31
2024-01-29 07:00:00,10,187.11,364.98,119.57,23.95
2024-01-29 08:00:00,10,155.07,509.68,100.67,32.02
2024-01-29 09:00:00,10,171.1,495.75,92.19,40.38
2024-01-29 10:00:00,10,174.67,465.43,93.62,33.37
2024-01-29 11:00:00,10,155.63,451.36,97.19,28.98
2024-01-29 12:00:00,10,183.54,544.66,84.15,38.16
2024-01-29 13:00:00,10,173.29,576.07,89.27,48.19
2024-01-29 14:00:00,10,162.29,435.41,81.94,35.77
2024-01-29 15:00:00,10,202.66,453.86,99.93,26.15
2024-01-29 16:00:00,10,181.01,416.28,99.58,45.78
2024-01-29 17:00:00,10,138.41,383.75,72.66,28.37
2024-01-29 18:00:00,10,158.64,468.94,86.54,47.11
2024-01-29 19:00:00,10,203.51,457.88,117.73,32.64
2024-01-29 20:00:00,10,149.74,361.01,103.04,36.0
2024-01-29 21:00:00,10,166.66,469.44,101.31,48.67
2024-01-29 22:00:00,10,185.53,461.03,87.91,24.94
2024-01-29 23:00:00,10,177.19,415.55,100.56,28.18
2024-01-30 00:00:00,10,180.22,412.91,97.56,35.01
2024-01-30 01:00:00,10,180.08,470.66,88.52,37.34
2024-01-30 02:00:00,10,169.64,533.3,93.05,61.33
2024-01-30 03:00:00,10,157.44,470.68,93.95,32.44
2024-01-30 04:00:00,10,177.15,491.12,81.67,29.43
2024-01-30 05:00:00,10,164.32,407.15,84.04,32.81
2024-01-30 06:00:00,10,163.19,429.09,98.24,42.68
2024-01-30 07:00:00,10,193.87,482.4,90.0,44.75
2024-01-30 08:00:00,10,164.36,379.36,96.56,34.43
2024-01-30 09:00:00,10,196.6,460.69,79.72,40.04
2024-01-30 10:00:00,10,173.26,475.02,109.29,55.5
2024-01-30 11:00:00,10,166.02,446.5,124.6,38.81
2024-01-30 12:00:00,10,139.25,464.43,110.62,40.42
2024-01-30 13:00:00,10,200.19,449.98,111.14,52.75
2024-01-30 14:00:00,10,166.14,413.73,104.09,30.4
2024-01-30 15:00:00,10,130.02,384.06,98.95,29.23
2024-01-30 16:00:00,10,180.62,440.42,96.23,31.21
2024-01-30 17:00:00,10,164.05,513.0,83.37,30.43
2024-01-30 18:00:00,10,150.14,498.26,103.39,19.51
2024-01-30 19:00:00,10,179.44,426.8,102.75,35.99
2024-01-30 20:00:00,10,125.19,426.01,89.33,36.95
2024-01-30 21:00:00,10,154.42,422.64,102.21,34.06
2024-01-30 22:00:00,10,161.55,423.27,87.54,38.31
2024-01-30 23:00:00,10,180.32,462.0,89.06,39.12
